scenario_id,mood,energy_level,time_available,time_of_day,occasion,relationship_stage,bonding_level,intimacy_level,couple_only,consent_required,scene_label,recommended_activity_id,recommended_activity,recommended_category,recommendation_probability,expected_engagement
1,low_energy,very_low,5,evening,anniversary,new,2,light,false,false,gentle_connection,21,Compliment Challenge,romantic_activity,0.08624,0.719
2,low_energy,very_high,5,late_night,normal_day,just_met,1,light,false,false,gentle_connection,1,Rapid Fire,question_game,0.16364,0.635
3,nostalgic,very_high,5,afternoon,rough_day,long_term,4,moderate,true,false,memory_connection,22,Little Moments,memory,0.14983,0.773
4,celebratory,medium,60,morning,special_memory,new,4,light,false,false,celebration,11,Relationship Timeline,memory,0.09,0.663
5,romantic,low,60,evening,first_date,just_met,4,moderate,true,false,romantic_connection,16,Watch Together,watch_together,0.30151,0.66
6,calm,very_high,15,morning,rough_day,serious,5,light,false,false,calm_connection,23,Cozy Conversation,conversation,0.08245,0.785
7,relaxed,very_low,30,evening,holiday,long_term,3,light,false,false,easy_connection,15,Music Mood,watch_together,0.08422,0.715
8,sensual,very_low,5,afternoon,special_memory,dating,1,high,true,true,sensual_connection,23,Cozy Conversation,conversation,0.10526,0.727
9,playful,high,15,late_night,celebration,dating,2,light,false,false,playful_social,6,Scribble,creative_game,0.07576,0.8
10,affectionate,medium,45,morning,late_night,new,5,moderate,true,false,warm_connection,22,Little Moments,memory,0.06359,0.695
11,romantic,high,20,evening,just_because,long_term,2,moderate,true,false,romantic_connection,18,Truth or Dare,romantic_activity,0.06613,0.799
12,erotic,very_low,10,morning,special_memory,dating,4,very_high,true,true,intimate_connection,20,Romantic Q&A,intimate_activity,0.08696,0.763
13,affectionate,very_high,45,evening,anniversary,serious,4,moderate,true,false,warm_connection,20,Romantic Q&A,intimate_activity,0.08543,0.693
14,low_energy,high,10,evening,date_night,new,5,light,false,false,gentle_connection,14,Date Planner,date_activity,0.05368,0.755
15,sensual,very_high,20,late_night,valentines,new,2,high,true,true,sensual_connection,25,Playful Teasing Cards,intimate_activity,0.10635,0.774
16,playful,very_low,60,morning,date_night,new,4,light,false,false,playful_social,2,This or That,question_game,0.06738,0.61
17,relaxed,high,30,late_night,weekend,dating,5,light,false,false,easy_connection,15,Music Mood,watch_together,0.06816,0.69
18,happy,very_low,45,evening,special_memory,dating,1,light,false,false,positive_social,11,Relationship Timeline,memory,0.12791,0.627
19,romantic,high,5,evening,weekend,new,5,moderate,true,false,romantic_connection,1,Rapid Fire,question_game,0.05469,0.66
20,low_energy,medium,60,afternoon,date_night,dating,2,light,false,false,gentle_connection,23,Cozy Conversation,conversation,0.07542,0.659
21,erotic,very_high,5,evening,reunion,just_met,1,very_high,true,true,intimate_connection,1,Rapid Fire,question_game,0.0793,0.635
22,erotic,medium,10,morning,anniversary,long_term,1,very_high,true,true,intimate_connection,20,Romantic Q&A,intimate_activity,0.0962,0.787
23,energetic,very_low,60,afternoon,date_night,serious,5,light,false,false,high_energy_fun,16,Watch Together,watch_together,0.10227,0.635
24,nostalgic,very_high,20,afternoon,just_because,long_term,2,moderate,true,false,memory_connection,24,Date Night Roulette,date_activity,0.05809,0.694
25,relaxed,medium,20,late_night,first_date,new,2,light,false,false,easy_connection,8,Two Truths and a Lie,question_game,0.07015,0.72
26,happy,very_high,30,afternoon,late_night,new,1,light,false,false,positive_social,3,Trivia Battle,competitive_game,0.10437,0.715
27,low_energy,very_low,10,morning,just_because,just_met,3,light,false,false,gentle_connection,15,Music Mood,watch_together,0.10943,0.715
28,affectionate,medium,45,late_night,anniversary,long_term,2,moderate,true,false,warm_connection,11,Relationship Timeline,memory,0.08212,0.639
29,celebratory,very_high,20,afternoon,special_memory,serious,4,light,false,false,celebration,17,Couple Challenge,challenge,0.06631,0.763
30,playful,high,15,late_night,long_distance,serious,1,light,false,false,playful_social,8,Two Truths and a Lie,question_game,0.06326,0.715
31,low_energy,very_low,5,late_night,rough_day,dating,1,light,false,false,gentle_connection,23,Cozy Conversation,conversation,0.1707,0.787
32,affectionate,very_high,20,afternoon,long_distance,new,3,moderate,true,false,warm_connection,10,Memory Lane,memory,0.0712,0.761
33,playful,high,60,morning,normal_day,long_term,1,light,false,false,playful_social,8,Two Truths and a Lie,question_game,0.13253,0.635
34,erotic,low,10,late_night,reunion,serious,2,very_high,true,true,intimate_connection,10,Memory Lane,memory,0.07571,0.744
35,happy,low,20,morning,long_distance,dating,4,light,false,false,positive_social,10,Memory Lane,memory,0.05785,0.768
36,sensual,very_high,45,late_night,date_night,new,3,high,true,true,sensual_connection,19,Flirty This or That,intimate_activity,0.12787,0.706
37,happy,very_high,45,morning,rough_day,dating,1,light,false,false,positive_social,16,Watch Together,watch_together,0.23186,0.645
38,energetic,very_high,60,afternoon,normal_day,long_term,1,light,false,false,high_energy_fun,16,Watch Together,watch_together,0.14583,0.585
39,playful,very_high,5,afternoon,long_distance,just_met,5,light,false,false,playful_social,1,Rapid Fire,question_game,0.17702,0.715
40,celebratory,very_low,30,morning,long_distance,long_term,5,light,false,false,celebration,16,Watch Together,watch_together,0.07761,0.695
41,deep,low,45,evening,anniversary,dating,4,light,false,false,deep_connection,11,Relationship Timeline,memory,0.14423,0.768
42,low_energy,medium,20,evening,just_because,just_met,1,light,false,false,gentle_connection,16,Watch Together,watch_together,0.12051,0.715
43,celebratory,very_low,5,afternoon,weekend,dating,2,light,false,false,celebration,6,Scribble,creative_game,0.0671,0.645
44,playful,low,15,evening,date_night,serious,5,light,false,false,playful_social,14,Date Planner,date_activity,0.0495,0.755
45,celebratory,very_high,5,evening,just_because,just_met,2,light,false,false,celebration,1,Rapid Fire,question_game,0.25121,0.775
46,playful,very_high,10,evening,birthday,long_term,2,light,false,false,playful_social,17,Couple Challenge,challenge,0.07724,0.799
47,affectionate,medium,30,late_night,birthday,just_met,1,moderate,true,false,warm_connection,5,Connect Four,competitive_game,0.10956,0.66
48,deep,very_low,5,evening,special_memory,new,3,light,false,false,deep_connection,10,Memory Lane,memory,0.11633,0.731
49,energetic,very_high,45,late_night,weekend,just_met,1,light,false,false,high_energy_fun,3,Trivia Battle,competitive_game,0.20622,0.695
50,sensual,low,30,morning,holiday,dating,5,high,true,true,sensual_connection,18,Truth or Dare,romantic_activity,0.08369,0.775
51,relaxed,low,5,evening,valentines,just_met,3,light,false,false,easy_connection,2,This or That,question_game,0.12542,0.715
52,affectionate,very_low,15,late_night,late_night,new,2,moderate,true,false,warm_connection,10,Memory Lane,memory,0.05237,0.739
53,erotic,low,20,morning,date_night,dating,4,very_high,true,true,intimate_connection,18,Truth or Dare,romantic_activity,0.08609,0.823
54,sensual,low,15,afternoon,special_memory,just_met,4,high,true,true,sensual_connection,12,Deep Questions,conversation,0.07716,0.66
55,energetic,low,10,late_night,valentines,dating,2,light,false,false,high_energy_fun,20,Romantic Q&A,intimate_activity,0.05669,0.744
56,low_energy,low,20,evening,birthday,just_met,3,light,false,false,gentle_connection,16,Watch Together,watch_together,0.1065,0.74
57,nostalgic,high,45,evening,normal_day,just_met,3,moderate,true,false,memory_connection,16,Watch Together,watch_together,0.26422,0.61
58,deep,very_low,5,late_night,valentines,dating,4,light,false,false,deep_connection,23,Cozy Conversation,conversation,0.08493,0.763
59,nostalgic,very_low,20,afternoon,birthday,just_met,4,moderate,true,false,memory_connection,3,Trivia Battle,competitive_game,0.09184,0.645
60,erotic,very_high,45,afternoon,valentines,serious,1,very_high,true,true,intimate_connection,21,Compliment Challenge,romantic_activity,0.09478,0.657
61,calm,very_high,15,morning,rough_day,dating,5,light,false,false,calm_connection,15,Music Mood,watch_together,0.06996,0.725
62,relaxed,medium,20,evening,weekend,new,2,light,false,false,easy_connection,24,Date Night Roulette,date_activity,0.06088,0.744
63,relaxed,low,30,evening,long_distance,long_term,1,light,false,false,easy_connection,16,Watch Together,watch_together,0.12734,0.8
64,affectionate,high,60,evening,reunion,serious,4,moderate,true,false,warm_connection,16,Watch Together,watch_together,0.09091,0.61
65,nostalgic,high,60,afternoon,celebration,just_met,3,moderate,true,false,memory_connection,3,Trivia Battle,competitive_game,0.19048,0.64
66,low_energy,very_high,15,morning,holiday,new,3,light,false,false,gentle_connection,14,Date Planner,date_activity,0.05656,0.706
67,affectionate,low,5,morning,anniversary,serious,5,moderate,true,false,warm_connection,23,Cozy Conversation,conversation,0.09099,0.8
68,playful,high,20,afternoon,rough_day,serious,4,light,false,false,playful_social,23,Cozy Conversation,conversation,0.05912,0.718
69,romantic,very_low,60,morning,special_memory,serious,2,moderate,true,false,romantic_connection,10,Memory Lane,memory,0.15642,0.719
70,sensual,very_high,20,morning,weekend,new,1,high,true,true,sensual_connection,17,Couple Challenge,challenge,0.08205,0.707
71,erotic,high,45,evening,special_memory,serious,5,very_high,true,true,intimate_connection,20,Romantic Q&A,intimate_activity,0.09098,0.67
72,nostalgic,high,60,late_night,just_because,new,4,moderate,true,false,memory_connection,16,Watch Together,watch_together,0.10643,0.61
73,erotic,low,60,evening,special_memory,long_term,4,very_high,true,true,intimate_connection,22,Little Moments,memory,0.09926,0.688
74,deep,high,5,evening,anniversary,dating,3,light,false,false,deep_connection,13,Future Plans,conversation,0.08876,0.731
75,nostalgic,very_low,10,afternoon,anniversary,serious,2,moderate,true,false,memory_connection,20,Romantic Q&A,intimate_activity,0.06049,0.799
76,playful,high,20,evening,weekend,serious,4,light,false,false,playful_social,6,Scribble,creative_game,0.07938,0.8
77,relaxed,high,60,morning,holiday,long_term,4,light,false,false,easy_connection,14,Date Planner,date_activity,0.09091,0.663
78,calm,medium,60,late_night,holiday,serious,5,light,false,false,calm_connection,23,Cozy Conversation,conversation,0.07547,0.695
79,nostalgic,very_high,10,late_night,anniversary,dating,4,moderate,true,false,memory_connection,22,Little Moments,memory,0.08736,0.773
80,relaxed,medium,45,late_night,rough_day,new,4,light,false,false,easy_connection,10,Memory Lane,memory,0.09494,0.743
81,celebratory,very_high,5,late_night,late_night,long_term,1,light,false,false,celebration,1,Rapid Fire,question_game,0.12481,0.715
82,relaxed,low,60,late_night,date_night,just_met,3,light,false,false,easy_connection,16,Watch Together,watch_together,0.46392,0.74
83,affectionate,high,15,evening,special_memory,serious,3,moderate,true,false,warm_connection,21,Compliment Challenge,romantic_activity,0.05219,0.726
84,relaxed,medium,60,morning,reunion,just_met,5,light,false,false,easy_connection,16,Watch Together,watch_together,0.31939,0.715
85,calm,low,45,morning,special_memory,just_met,1,light,false,false,calm_connection,16,Watch Together,watch_together,0.07786,0.74
86,affectionate,very_low,30,afternoon,anniversary,new,4,moderate,true,false,warm_connection,21,Compliment Challenge,romantic_activity,0.0762,0.743
87,celebratory,low,20,evening,special_memory,dating,2,light,false,false,celebration,22,Little Moments,memory,0.06829,0.744
88,sensual,very_low,60,afternoon,birthday,just_met,5,high,true,true,sensual_connection,16,Watch Together,watch_together,0.23762,0.635
89,deep,very_high,45,late_night,long_distance,new,1,light,false,false,deep_connection,10,Memory Lane,memory,0.1263,0.657
90,low_energy,low,5,evening,holiday,long_term,1,light,false,false,gentle_connection,2,This or That,question_game,0.067,0.635
91,celebratory,very_low,15,late_night,celebration,dating,1,light,false,false,celebration,6,Scribble,creative_game,0.07883,0.725
92,calm,very_low,60,late_night,holiday,serious,1,light,false,false,calm_connection,12,Deep Questions,conversation,0.11221,0.635
93,calm,high,45,afternoon,long_distance,new,5,light,false,false,calm_connection,22,Little Moments,memory,0.08958,0.73
94,deep,very_high,60,late_night,reunion,serious,5,light,false,false,deep_connection,10,Memory Lane,memory,0.16036,0.705
95,affectionate,very_low,15,late_night,anniversary,serious,5,moderate,true,false,warm_connection,21,Compliment Challenge,romantic_activity,0.0752,0.835
96,relaxed,medium,5,late_night,holiday,dating,2,light,false,false,easy_connection,2,This or That,question_game,0.07722,0.74
97,calm,medium,15,evening,just_because,long_term,3,light,false,false,calm_connection,10,Memory Lane,memory,0.04839,0.751
98,nostalgic,low,5,afternoon,rough_day,serious,4,moderate,true,false,memory_connection,23,Cozy Conversation,conversation,0.12975,0.848
99,affectionate,high,45,late_night,reunion,just_met,1,moderate,true,false,warm_connection,16,Watch Together,watch_together,0.25993,0.61
100,relaxed,low,15,evening,reunion,long_term,5,light,false,false,easy_connection,22,Little Moments,memory,0.07519,0.86
101,sensual,very_high,15,evening,rough_day,serious,3,high,true,true,sensual_connection,23,Cozy Conversation,conversation,0.09429,0.761
102,affectionate,very_low,45,afternoon,valentines,just_met,5,moderate,true,false,warm_connection,15,Music Mood,watch_together,0.07447,0.555
103,sensual,low,10,afternoon,rough_day,serious,3,high,true,true,sensual_connection,19,Flirty This or That,intimate_activity,0.07635,0.751
104,erotic,very_high,30,evening,first_date,new,3,very_high,true,true,intimate_connection,18,Truth or Dare,romantic_activity,0.12264,0.726
105,romantic,medium,5,afternoon,birthday,just_met,1,moderate,true,false,romantic_connection,4,Tic Tac Toe,competitive_game,0.14052,0.66
106,sensual,low,45,late_night,first_date,just_met,5,high,true,true,sensual_connection,16,Watch Together,watch_together,0.26201,0.66
107,energetic,high,15,afternoon,normal_day,dating,4,light,false,false,high_energy_fun,1,Rapid Fire,question_game,0.06532,0.74
108,playful,high,20,morning,late_night,just_met,2,light,false,false,playful_social,6,Scribble,creative_game,0.10331,0.74
109,celebratory,medium,5,afternoon,first_date,long_term,4,light,false,false,celebration,8,Two Truths and a Lie,question_game,0.09963,0.72
110,erotic,very_high,10,late_night,reunion,serious,3,very_high,true,true,intimate_connection,17,Couple Challenge,challenge,0.07402,0.731
111,relaxed,medium,30,morning,late_night,just_met,2,light,false,false,easy_connection,5,Connect Four,competitive_game,0.0938,0.66
112,deep,very_low,10,afternoon,date_night,long_term,1,light,false,false,deep_connection,13,Future Plans,conversation,0.07292,0.762
113,relaxed,high,45,late_night,birthday,just_met,2,light,false,false,easy_connection,16,Watch Together,watch_together,0.22896,0.69
114,deep,high,5,afternoon,just_because,dating,5,light,false,false,deep_connection,2,This or That,question_game,0.07732,0.695
115,affectionate,high,5,afternoon,celebration,new,3,moderate,true,false,warm_connection,23,Cozy Conversation,conversation,0.09053,0.726
116,playful,very_low,10,evening,late_night,long_term,3,light,false,false,playful_social,8,Two Truths and a Lie,question_game,0.05591,0.69
117,energetic,medium,45,late_night,birthday,long_term,5,light,false,false,high_energy_fun,17,Couple Challenge,challenge,0.11287,0.755
118,playful,very_high,5,late_night,rough_day,dating,5,light,false,false,playful_social,23,Cozy Conversation,conversation,0.09684,0.705
119,playful,low,45,morning,special_memory,dating,5,light,false,false,playful_social,11,Relationship Timeline,memory,0.09511,0.7
120,erotic,low,20,late_night,just_because,dating,2,very_high,true,true,intimate_connection,23,Cozy Conversation,conversation,0.07495,0.764
121,relaxed,high,5,late_night,valentines,serious,3,light,false,false,easy_connection,21,Compliment Challenge,romantic_activity,0.08389,0.706
122,playful,low,15,late_night,rough_day,serious,3,light,false,false,playful_social,22,Little Moments,memory,0.05453,0.756
123,relaxed,very_high,5,late_night,first_date,dating,3,light,false,false,easy_connection,23,Cozy Conversation,conversation,0.1069,0.701
124,erotic,high,60,morning,celebration,long_term,4,very_high,true,true,intimate_connection,19,Flirty This or That,intimate_activity,0.11859,0.683
125,affectionate,very_high,15,late_night,celebration,serious,1,moderate,true,false,warm_connection,1,Rapid Fire,question_game,0.06796,0.695
126,nostalgic,low,15,late_night,just_because,serious,1,moderate,true,false,memory_connection,10,Memory Lane,memory,0.06456,0.752
127,low_energy,very_high,60,afternoon,rough_day,new,3,light,false,false,gentle_connection,15,Music Mood,watch_together,0.14516,0.645
128,nostalgic,high,5,afternoon,holiday,just_met,4,moderate,true,false,memory_connection,6,Scribble,creative_game,0.1139,0.64
129,low_energy,low,20,evening,weekend,dating,4,light,false,false,gentle_connection,22,Little Moments,memory,0.06004,0.788
130,energetic,low,20,afternoon,long_distance,new,5,light,false,false,high_energy_fun,15,Music Mood,watch_together,0.05436,0.72
131,romantic,very_low,15,late_night,valentines,long_term,3,moderate,true,false,romantic_connection,14,Date Planner,date_activity,0.06766,0.786
132,deep,medium,60,late_night,holiday,new,4,light,false,false,deep_connection,14,Date Planner,date_activity,0.08475,0.688
133,calm,medium,30,late_night,reunion,dating,2,light,false,false,calm_connection,11,Relationship Timeline,memory,0.0667,0.719
134,affectionate,very_high,20,afternoon,holiday,serious,1,moderate,true,false,warm_connection,6,Scribble,creative_game,0.07549,0.695
135,energetic,high,20,afternoon,reunion,just_met,2,light,false,false,high_energy_fun,7,Find the Spy,social_game,0.10428,0.74
136,celebratory,medium,60,morning,holiday,serious,1,light,false,false,celebration,24,Date Night Roulette,date_activity,0.12712,0.732
137,energetic,very_low,45,afternoon,long_distance,new,1,light,false,false,high_energy_fun,12,Deep Questions,conversation,0.0972,0.615
138,deep,medium,30,late_night,celebration,just_met,3,light,false,false,deep_connection,5,Connect Four,competitive_game,0.08459,0.66
139,nostalgic,high,15,late_night,holiday,long_term,1,moderate,true,false,memory_connection,10,Memory Lane,memory,0.05628,0.702
140,affectionate,medium,10,morning,long_distance,just_met,1,moderate,true,false,warm_connection,15,Music Mood,watch_together,0.09272,0.695
141,sensual,medium,5,morning,valentines,just_met,3,high,true,true,sensual_connection,2,This or That,question_game,0.17291,0.66
142,relaxed,low,10,late_night,late_night,new,2,light,false,false,easy_connection,23,Cozy Conversation,conversation,0.07908,0.824
143,celebratory,high,30,afternoon,reunion,long_term,2,light,false,false,celebration,24,Date Night Roulette,date_activity,0.09749,0.799
144,low_energy,medium,20,evening,celebration,just_met,4,light,false,false,gentle_connection,5,Connect Four,competitive_game,0.06061,0.66
145,low_energy,very_high,10,morning,reunion,dating,5,light,false,false,gentle_connection,22,Little Moments,memory,0.08074,0.785
146,relaxed,medium,20,evening,anniversary,serious,4,light,false,false,easy_connection,10,Memory Lane,memory,0.07987,0.823
147,relaxed,very_high,15,evening,rough_day,dating,1,light,false,false,easy_connection,10,Memory Lane,memory,0.06426,0.737
148,low_energy,high,15,morning,late_night,just_met,5,light,false,false,gentle_connection,1,Rapid Fire,question_game,0.05731,0.66
149,deep,low,30,evening,anniversary,new,5,light,false,false,deep_connection,11,Relationship Timeline,memory,0.11883,0.86
150,erotic,low,45,morning,just_because,just_met,3,very_high,true,true,intimate_connection,16,Watch Together,watch_together,0.14114,0.66
151,happy,very_high,15,afternoon,first_date,dating,3,light,false,false,positive_social,3,Trivia Battle,competitive_game,0.06572,0.715
152,romantic,low,10,evening,weekend,long_term,3,moderate,true,false,romantic_connection,21,Compliment Challenge,romantic_activity,0.05131,0.776
153,deep,high,60,evening,rough_day,dating,1,light,false,false,deep_connection,23,Cozy Conversation,conversation,0.14216,0.682
154,playful,low,60,afternoon,holiday,serious,5,light,false,false,playful_social,16,Watch Together,watch_together,0.10169,0.66
155,erotic,high,5,evening,weekend,just_met,4,very_high,true,true,intimate_connection,1,Rapid Fire,question_game,0.16122,0.66
156,sensual,medium,30,late_night,holiday,dating,1,high,true,true,sensual_connection,19,Flirty This or That,intimate_activity,0.07563,0.672
157,energetic,very_low,30,evening,just_because,long_term,2,light,false,false,high_energy_fun,14,Date Planner,date_activity,0.0675,0.694
158,low_energy,high,45,evening,celebration,serious,1,light,false,false,gentle_connection,16,Watch Together,watch_together,0.18436,0.69
159,happy,medium,20,morning,first_date,new,5,light,false,false,positive_social,8,Two Truths and a Lie,question_game,0.09693,0.8
160,energetic,medium,45,late_night,late_night,new,4,light,false,false,high_energy_fun,6,Scribble,creative_game,0.07065,0.635
161,energetic,very_high,20,evening,normal_day,dating,2,light,false,false,high_energy_fun,7,Find the Spy,social_game,0.07564,0.715
162,affectionate,medium,5,evening,weekend,dating,1,moderate,true,false,warm_connection,22,Little Moments,memory,0.08757,0.727
163,affectionate,very_low,60,late_night,first_date,new,5,moderate,true,false,warm_connection,8,Two Truths and a Lie,question_game,0.09825,0.59
164,happy,medium,10,afternoon,special_memory,long_term,2,light,false,false,positive_social,10,Memory Lane,memory,0.06436,0.719
165,erotic,very_high,10,afternoon,holiday,new,3,very_high,true,true,intimate_connection,14,Date Planner,date_activity,0.07855,0.706
166,erotic,very_high,5,evening,holiday,new,2,very_high,true,true,intimate_connection,23,Cozy Conversation,conversation,0.09829,0.689
167,erotic,low,5,morning,date_night,just_met,3,very_high,true,true,intimate_connection,2,This or That,question_game,0.09756,0.635
168,affectionate,very_high,15,morning,date_night,dating,1,moderate,true,false,warm_connection,9,How Well Do You Know Me,question_game,0.06442,0.762
169,relaxed,very_high,5,morning,reunion,serious,3,light,false,false,easy_connection,10,Memory Lane,memory,0.08623,0.681
170,playful,high,30,afternoon,late_night,just_met,5,light,false,false,playful_social,3,Trivia Battle,competitive_game,0.12558,0.74
171,low_energy,very_low,5,late_night,holiday,serious,4,light,false,false,gentle_connection,10,Memory Lane,memory,0.05941,0.683
172,energetic,high,5,morning,valentines,long_term,2,light,false,false,high_energy_fun,1,Rapid Fire,question_game,0.09074,0.74
173,deep,very_high,45,evening,long_distance,long_term,5,light,false,false,deep_connection,16,Watch Together,watch_together,0.12888,0.645
174,nostalgic,very_high,20,morning,special_memory,just_met,5,moderate,true,false,memory_connection,3,Trivia Battle,competitive_game,0.06941,0.635
175,affectionate,high,20,afternoon,long_distance,dating,4,moderate,true,false,warm_connection,9,How Well Do You Know Me,question_game,0.0718,0.823
176,sensual,very_low,15,late_night,valentines,dating,3,high,true,true,sensual_connection,21,Compliment Challenge,romantic_activity,0.09034,0.811
177,low_energy,high,5,morning,holiday,just_met,1,light,false,false,gentle_connection,4,Tic Tac Toe,competitive_game,0.11538,0.635
178,sensual,medium,60,afternoon,weekend,just_met,5,high,true,true,sensual_connection,16,Watch Together,watch_together,0.10811,0.635
179,nostalgic,medium,45,morning,long_distance,dating,4,moderate,true,false,memory_connection,20,Romantic Q&A,intimate_activity,0.06807,0.743
180,sensual,very_low,15,evening,valentines,just_met,5,high,true,true,sensual_connection,12,Deep Questions,conversation,0.12013,0.635
181,romantic,high,10,morning,valentines,long_term,3,moderate,true,false,romantic_connection,18,Truth or Dare,romantic_activity,0.07588,0.811
182,deep,very_high,10,late_night,holiday,long_term,5,light,false,false,deep_connection,12,Deep Questions,conversation,0.05955,0.665
183,low_energy,very_high,5,evening,normal_day,new,3,light,false,false,gentle_connection,1,Rapid Fire,question_game,0.0777,0.635
184,deep,medium,15,morning,date_night,new,5,light,false,false,deep_connection,18,Truth or Dare,romantic_activity,0.0526,0.78
185,playful,low,45,morning,first_date,long_term,2,light,false,false,playful_social,2,This or That,question_game,0.15164,0.695
186,energetic,medium,10,evening,birthday,dating,5,light,false,false,high_energy_fun,6,Scribble,creative_game,0.07333,0.775
187,happy,low,10,morning,celebration,just_met,3,light,false,false,positive_social,6,Scribble,creative_game,0.10889,0.75
188,relaxed,high,30,late_night,long_distance,dating,2,light,false,false,easy_connection,10,Memory Lane,memory,0.06554,0.694
189,playful,medium,20,morning,birthday,long_term,4,light,false,false,playful_social,17,Couple Challenge,challenge,0.06836,0.823
190,deep,very_low,10,late_night,late_night,just_met,1,light,false,false,deep_connection,12,Deep Questions,conversation,0.13371,0.715
191,affectionate,low,60,evening,birthday,dating,1,moderate,true,false,warm_connection,16,Watch Together,watch_together,0.17493,0.66
192,sensual,high,10,afternoon,long_distance,long_term,2,high,true,true,sensual_connection,25,Playful Teasing Cards,intimate_activity,0.07954,0.739
193,low_energy,medium,5,late_night,holiday,just_met,4,light,false,false,gentle_connection,2,This or That,question_game,0.10582,0.66
194,playful,medium,30,late_night,late_night,serious,4,light,false,false,playful_social,3,Trivia Battle,competitive_game,0.0644,0.715
195,relaxed,very_low,15,afternoon,special_memory,long_term,4,light,false,false,easy_connection,23,Cozy Conversation,conversation,0.0603,0.763
196,calm,very_low,20,morning,anniversary,serious,5,light,false,false,calm_connection,22,Little Moments,memory,0.08128,0.835
197,playful,high,60,evening,rough_day,dating,2,light,false,false,playful_social,1,Rapid Fire,question_game,0.08306,0.66
198,romantic,very_low,30,morning,weekend,long_term,2,moderate,true,false,romantic_connection,6,Scribble,creative_game,0.06331,0.645
199,calm,medium,45,afternoon,anniversary,just_met,2,light,false,false,calm_connection,16,Watch Together,watch_together,0.2252,0.715
200,romantic,very_high,10,morning,date_night,serious,4,moderate,true,false,romantic_connection,20,Romantic Q&A,intimate_activity,0.06825,0.773
201,erotic,very_high,20,evening,holiday,dating,2,very_high,true,true,intimate_connection,20,Romantic Q&A,intimate_activity,0.08262,0.689
202,energetic,high,45,evening,special_memory,dating,5,light,false,false,high_energy_fun,3,Trivia Battle,competitive_game,0.08942,0.66
203,nostalgic,very_low,15,late_night,reunion,just_met,1,moderate,true,false,memory_connection,12,Deep Questions,conversation,0.09573,0.635
204,deep,very_low,45,morning,late_night,long_term,5,light,false,false,deep_connection,23,Cozy Conversation,conversation,0.11503,0.755
205,celebratory,very_high,60,morning,reunion,long_term,2,light,false,false,celebration,18,Truth or Dare,romantic_activity,0.12473,0.694
206,energetic,very_high,10,morning,reunion,just_met,3,light,false,false,high_energy_fun,4,Tic Tac Toe,competitive_game,0.08794,0.69
207,playful,very_high,45,afternoon,normal_day,new,4,light,false,false,playful_social,8,Two Truths and a Lie,question_game,0.10282,0.61
208,nostalgic,very_high,30,afternoon,valentines,dating,3,moderate,true,false,memory_connection,11,Relationship Timeline,memory,0.08603,0.701
209,erotic,medium,45,morning,special_memory,dating,1,very_high,true,true,intimate_connection,19,Flirty This or That,intimate_activity,0.10237,0.672
210,nostalgic,high,15,evening,rough_day,long_term,2,moderate,true,false,memory_connection,10,Memory Lane,memory,0.07416,0.774
211,celebratory,low,15,evening,celebration,serious,2,light,false,false,celebration,1,Rapid Fire,question_game,0.06265,0.75
212,playful,medium,30,late_night,celebration,dating,2,light,false,false,playful_social,17,Couple Challenge,challenge,0.072,0.719
213,sensual,very_high,5,late_night,weekend,dating,1,high,true,true,sensual_connection,25,Playful Teasing Cards,intimate_activity,0.13842,0.702
214,romantic,low,15,late_night,anniversary,new,2,moderate,true,false,romantic_connection,10,Memory Lane,memory,0.07511,0.824
215,deep,very_low,30,morning,celebration,dating,5,light,false,false,deep_connection,12,Deep Questions,conversation,0.0959,0.715
216,relaxed,low,10,afternoon,holiday,long_term,2,light,false,false,easy_connection,10,Memory Lane,memory,0.05576,0.764
217,happy,high,15,afternoon,reunion,long_term,3,light,false,false,positive_social,8,Two Truths and a Lie,question_game,0.05166,0.715
218,erotic,high,10,afternoon,birthday,serious,2,very_high,true,true,intimate_connection,25,Playful Teasing Cards,intimate_activity,0.08272,0.739
219,celebratory,high,20,evening,special_memory,serious,5,light,false,false,celebration,11,Relationship Timeline,memory,0.06251,0.73
220,romantic,low,60,afternoon,holiday,dating,1,moderate,true,false,romantic_connection,24,Date Night Roulette,date_activity,0.13636,0.707
221,calm,very_high,5,morning,birthday,just_met,2,light,false,false,calm_connection,1,Rapid Fire,question_game,0.18667,0.695
222,nostalgic,low,60,late_night,first_date,new,4,moderate,true,false,memory_connection,12,Deep Questions,conversation,0.09972,0.64
223,happy,high,5,late_night,weekend,dating,2,light,false,false,positive_social,17,Couple Challenge,challenge,0.08466,0.744
224,playful,medium,10,morning,valentines,just_met,3,light,false,false,playful_social,6,Scribble,creative_game,0.08014,0.715
225,romantic,very_low,15,late_night,rough_day,new,4,moderate,true,false,romantic_connection,10,Memory Lane,memory,0.06671,0.823
226,happy,very_low,5,evening,anniversary,new,5,light,false,false,positive_social,1,Rapid Fire,question_game,0.07135,0.665
227,celebratory,very_high,20,morning,special_memory,dating,2,light,false,false,celebration,10,Memory Lane,memory,0.06513,0.669
228,happy,low,20,late_night,first_date,just_met,4,light,false,false,positive_social,2,This or That,question_game,0.09911,0.695
229,happy,very_high,30,afternoon,rough_day,new,3,light,false,false,positive_social,16,Watch Together,watch_together,0.08548,0.645
230,celebratory,medium,10,late_night,date_night,just_met,5,light,false,false,celebration,8,Two Truths and a Lie,question_game,0.06908,0.74
231,playful,very_high,30,morning,long_distance,serious,1,light,false,false,playful_social,15,Music Mood,watch_together,0.08471,0.645
232,calm,medium,45,morning,valentines,just_met,3,light,false,false,calm_connection,16,Watch Together,watch_together,0.24803,0.715
233,low_energy,very_low,60,evening,date_night,just_met,3,light,false,false,gentle_connection,16,Watch Together,watch_together,0.52222,0.715
234,low_energy,low,60,late_night,rough_day,serious,2,light,false,false,gentle_connection,22,Little Moments,memory,0.13997,0.744
235,playful,high,5,evening,anniversary,just_met,2,light,false,false,playful_social,8,Two Truths and a Lie,question_game,0.09574,0.635
236,calm,medium,30,late_night,holiday,long_term,4,light,false,false,calm_connection,24,Date Night Roulette,date_activity,0.08102,0.768
237,erotic,low,15,evening,holiday,just_met,3,very_high,true,true,intimate_connection,3,Trivia Battle,competitive_game,0.08096,0.67
238,erotic,medium,20,late_night,rough_day,serious,4,very_high,true,true,intimate_connection,23,Cozy Conversation,conversation,0.09409,0.823
239,romantic,high,45,late_night,valentines,long_term,3,moderate,true,false,romantic_connection,21,Compliment Challenge,romantic_activity,0.08615,0.706
240,sensual,high,5,late_night,late_night,new,5,high,true,true,sensual_connection,25,Playful Teasing Cards,intimate_activity,0.14882,0.835
241,playful,very_low,15,evening,birthday,serious,5,light,false,false,playful_social,17,Couple Challenge,challenge,0.06339,0.785
242,romantic,high,15,late_night,normal_day,dating,5,moderate,true,false,romantic_connection,24,Date Night Roulette,date_activity,0.05313,0.775
243,deep,very_low,5,late_night,valentines,long_term,2,light,false,false,deep_connection,18,Truth or Dare,romantic_activity,0.05894,0.614
244,romantic,very_high,45,late_night,normal_day,new,1,moderate,true,false,romantic_connection,16,Watch Together,watch_together,0.20032,0.585
245,low_energy,medium,15,late_night,late_night,just_met,5,light,false,false,gentle_connection,16,Watch Together,watch_together,0.10964,0.775
246,energetic,medium,15,late_night,special_memory,just_met,5,light,false,false,high_energy_fun,1,Rapid Fire,question_game,0.08468,0.715
247,calm,high,15,evening,anniversary,just_met,1,light,false,false,calm_connection,1,Rapid Fire,question_game,0.06601,0.66
248,energetic,very_high,20,morning,birthday,dating,4,light,false,false,high_energy_fun,3,Trivia Battle,competitive_game,0.08872,0.775
249,celebratory,medium,45,late_night,anniversary,just_met,2,light,false,false,celebration,1,Rapid Fire,question_game,0.10089,0.635
250,energetic,low,45,late_night,first_date,dating,3,light,false,false,high_energy_fun,7,Find the Spy,social_game,0.08522,0.61
251,nostalgic,very_high,15,evening,holiday,new,2,moderate,true,false,memory_connection,14,Date Planner,date_activity,0.05805,0.694
252,nostalgic,low,5,afternoon,special_memory,new,2,moderate,true,false,memory_connection,23,Cozy Conversation,conversation,0.08789,0.764
253,happy,medium,30,evening,reunion,long_term,2,light,false,false,positive_social,11,Relationship Timeline,memory,0.07184,0.719
254,playful,very_low,15,late_night,rough_day,serious,5,light,false,false,playful_social,15,Music Mood,watch_together,0.05565,0.695
255,relaxed,very_high,5,afternoon,valentines,just_met,4,light,false,false,easy_connection,1,Rapid Fire,question_game,0.11816,0.635
256,nostalgic,medium,10,afternoon,special_memory,new,4,moderate,true,false,memory_connection,22,Little Moments,memory,0.09107,0.823
257,happy,very_low,30,afternoon,birthday,new,2,light,false,false,positive_social,6,Scribble,creative_game,0.09921,0.725
258,sensual,low,15,evening,holiday,just_met,3,high,true,true,sensual_connection,3,Trivia Battle,competitive_game,0.08475,0.67
259,nostalgic,medium,10,evening,late_night,long_term,1,moderate,true,false,memory_connection,20,Romantic Q&A,intimate_activity,0.05891,0.787
260,romantic,very_high,30,afternoon,date_night,long_term,5,moderate,true,false,romantic_connection,18,Truth or Dare,romantic_activity,0.10048,0.81
261,celebratory,very_low,60,morning,first_date,just_met,5,light,false,false,celebration,8,Two Truths and a Lie,question_game,0.22656,0.67
262,affectionate,very_high,20,morning,reunion,long_term,3,moderate,true,false,warm_connection,17,Couple Challenge,challenge,0.05904,0.731
263,deep,high,10,late_night,birthday,serious,1,light,false,false,deep_connection,12,Deep Questions,conversation,0.06738,0.69
264,romantic,high,20,late_night,reunion,new,3,moderate,true,false,romantic_connection,24,Date Night Roulette,date_activity,0.0694,0.811
265,calm,medium,45,evening,long_distance,new,3,light,false,false,calm_connection,15,Music Mood,watch_together,0.09745,0.695
266,playful,medium,10,late_night,first_date,dating,4,light,false,false,playful_social,8,Two Truths and a Lie,question_game,0.09104,0.8
267,playful,very_low,15,late_night,holiday,long_term,4,light,false,false,playful_social,3,Trivia Battle,competitive_game,0.06262,0.725
268,romantic,medium,30,evening,anniversary,new,4,moderate,true,false,romantic_connection,18,Truth or Dare,romantic_activity,0.06597,0.788
269,energetic,high,15,late_night,normal_day,just_met,4,light,false,false,high_energy_fun,6,Scribble,creative_game,0.11455,0.74
270,affectionate,low,30,evening,normal_day,just_met,3,moderate,true,false,warm_connection,16,Watch Together,watch_together,0.12876,0.66
271,low_energy,high,15,morning,holiday,just_met,4,light,false,false,gentle_connection,3,Trivia Battle,competitive_game,0.08729,0.72
272,deep,medium,60,late_night,valentines,just_met,4,light,false,false,deep_connection,16,Watch Together,watch_together,0.29032,0.635
273,nostalgic,low,15,evening,first_date,serious,5,moderate,true,false,memory_connection,22,Little Moments,memory,0.06433,0.8
274,nostalgic,medium,60,morning,date_night,just_met,4,moderate,true,false,memory_connection,16,Watch Together,watch_together,0.36242,0.635
275,calm,very_high,15,afternoon,anniversary,long_term,5,light,false,false,calm_connection,22,Little Moments,memory,0.06952,0.785
276,happy,very_low,5,afternoon,rough_day,dating,4,light,false,false,positive_social,2,This or That,question_game,0.07916,0.69
277,romantic,very_high,30,afternoon,valentines,long_term,3,moderate,true,false,romantic_connection,18,Truth or Dare,romantic_activity,0.11137,0.786
278,celebratory,medium,30,evening,weekend,long_term,5,light,false,false,celebration,6,Scribble,creative_game,0.08946,0.775
279,celebratory,medium,20,morning,valentines,dating,1,light,false,false,celebration,14,Date Planner,date_activity,0.05469,0.732
280,celebratory,medium,60,morning,late_night,serious,3,light,false,false,celebration,19,Flirty This or That,intimate_activity,0.06601,0.676
281,erotic,very_high,30,afternoon,rough_day,just_met,5,very_high,true,true,intimate_connection,15,Music Mood,watch_together,0.11094,0.645
282,nostalgic,very_high,60,late_night,date_night,new,1,moderate,true,false,memory_connection,11,Relationship Timeline,memory,0.09362,0.597
283,sensual,very_low,10,morning,reunion,dating,4,high,true,true,sensual_connection,22,Little Moments,memory,0.09079,0.823
284,sensual,low,20,late_night,holiday,just_met,2,high,true,true,sensual_connection,3,Trivia Battle,competitive_game,0.08431,0.67
285,nostalgic,medium,45,late_night,weekend,serious,3,moderate,true,false,memory_connection,22,Little Moments,memory,0.07755,0.671
286,energetic,very_high,15,evening,celebration,dating,5,light,false,false,high_energy_fun,3,Trivia Battle,competitive_game,0.08047,0.775
287,affectionate,medium,30,evening,anniversary,dating,3,moderate,true,false,warm_connection,21,Compliment Challenge,romantic_activity,0.06515,0.731
288,sensual,high,15,late_night,valentines,long_term,3,high,true,true,sensual_connection,20,Romantic Q&A,intimate_activity,0.09906,0.786
289,celebratory,very_high,20,late_night,holiday,dating,2,light,false,false,celebration,24,Date Night Roulette,date_activity,0.08413,0.774
290,deep,very_low,15,late_night,celebration,dating,4,light,false,false,deep_connection,12,Deep Questions,conversation,0.0627,0.715
291,nostalgic,medium,30,evening,date_night,just_met,5,moderate,true,false,memory_connection,6,Scribble,creative_game,0.07574,0.635
292,affectionate,low,5,afternoon,celebration,new,1,moderate,true,false,warm_connection,21,Compliment Challenge,romantic_activity,0.10444,0.752
293,calm,high,5,afternoon,normal_day,long_term,2,light,false,false,calm_connection,22,Little Moments,memory,0.09524,0.714
294,energetic,high,45,afternoon,special_memory,dating,3,light,false,false,high_energy_fun,6,Scribble,creative_game,0.09009,0.66
295,happy,very_low,45,afternoon,weekend,just_met,2,light,false,false,positive_social,3,Trivia Battle,competitive_game,0.17143,0.645
296,romantic,very_low,60,late_night,special_memory,serious,2,moderate,true,false,romantic_connection,22,Little Moments,memory,0.10056,0.639
297,deep,very_low,5,evening,late_night,long_term,1,light,false,false,deep_connection,2,This or That,question_game,0.06936,0.61
298,calm,medium,20,late_night,just_because,new,5,light,false,false,calm_connection,12,Deep Questions,conversation,0.05536,0.715
299,affectionate,very_low,15,afternoon,rough_day,serious,3,moderate,true,false,warm_connection,20,Romantic Q&A,intimate_activity,0.06365,0.811
300,happy,medium,60,evening,late_night,new,2,light,false,false,positive_social,19,Flirty This or That,intimate_activity,0.07752,0.664
301,low_energy,high,60,late_night,weekend,dating,1,light,false,false,gentle_connection,3,Trivia Battle,competitive_game,0.09456,0.64
302,playful,low,10,late_night,valentines,new,1,light,false,false,playful_social,2,This or That,question_game,0.06205,0.715
303,affectionate,high,60,evening,valentines,dating,5,moderate,true,false,warm_connection,16,Watch Together,watch_together,0.08177,0.61
304,happy,medium,45,evening,rough_day,new,1,light,false,false,positive_social,8,Two Truths and a Lie,question_game,0.09022,0.66
305,energetic,medium,10,late_night,celebration,long_term,3,light,false,false,high_energy_fun,6,Scribble,creative_game,0.07311,0.775
306,low_energy,medium,15,afternoon,anniversary,new,4,light,false,false,gentle_connection,10,Memory Lane,memory,0.07696,0.823
307,sensual,very_high,15,late_night,rough_day,long_term,4,high,true,true,sensual_connection,19,Flirty This or That,intimate_activity,0.07809,0.738
308,erotic,low,60,afternoon,celebration,long_term,1,very_high,true,true,intimate_connection,19,Flirty This or That,intimate_activity,0.12981,0.647
309,nostalgic,medium,5,morning,normal_day,long_term,5,moderate,true,false,memory_connection,22,Little Moments,memory,0.11672,0.775
310,nostalgic,low,10,evening,holiday,long_term,4,moderate,true,false,memory_connection,10,Memory Lane,memory,0.06711,0.788
311,affectionate,very_high,20,morning,just_because,long_term,4,moderate,true,false,warm_connection,24,Date Night Roulette,date_activity,0.05745,0.718
312,energetic,low,30,late_night,reunion,long_term,1,light,false,false,high_energy_fun,11,Relationship Timeline,memory,0.07138,0.732
313,low_energy,medium,45,morning,long_distance,dating,1,light,false,false,gentle_connection,22,Little Moments,memory,0.09948,0.707
314,celebratory,very_low,5,late_night,valentines,just_met,5,light,false,false,celebration,8,Two Truths and a Lie,question_game,0.07851,0.61
315,playful,high,5,evening,long_distance,new,2,light,false,false,playful_social,25,Playful Teasing Cards,intimate_activity,0.05987,0.739
316,sensual,high,15,late_night,reunion,serious,4,high,true,true,sensual_connection,18,Truth or Dare,romantic_activity,0.08216,0.823
317,low_energy,very_high,10,evening,first_date,new,5,light,false,false,gentle_connection,2,This or That,question_game,0.0661,0.67
318,romantic,low,60,morning,special_memory,just_met,3,moderate,true,false,romantic_connection,16,Watch Together,watch_together,0.21739,0.66
319,sensual,very_high,20,late_night,holiday,new,2,high,true,true,sensual_connection,20,Romantic Q&A,intimate_activity,0.08083,0.689
320,romantic,medium,10,morning,normal_day,serious,5,moderate,true,false,romantic_connection,18,Truth or Dare,romantic_activity,0.05657,0.8
321,happy,low,10,morning,first_date,long_term,1,light,false,false,positive_social,2,This or That,question_game,0.10558,0.775
322,low_energy,very_low,10,morning,long_distance,serious,2,light,false,false,gentle_connection,22,Little Moments,memory,0.07928,0.799
323,erotic,very_low,10,evening,anniversary,long_term,3,very_high,true,true,intimate_connection,21,Compliment Challenge,romantic_activity,0.08373,0.811
324,erotic,medium,10,evening,just_because,new,5,very_high,true,true,intimate_connection,19,Flirty This or That,intimate_activity,0.08291,0.8
325,deep,medium,5,afternoon,celebration,serious,5,light,false,false,deep_connection,2,This or That,question_game,0.05602,0.66
326,calm,high,60,evening,rough_day,serious,4,light,false,false,calm_connection,16,Watch Together,watch_together,0.20665,0.75
327,relaxed,low,60,late_night,anniversary,new,3,light,false,false,easy_connection,11,Relationship Timeline,memory,0.10118,0.676
328,romantic,high,5,late_night,long_distance,long_term,5,moderate,true,false,romantic_connection,21,Compliment Challenge,romantic_activity,0.0713,0.75
329,affectionate,medium,10,evening,celebration,just_met,4,moderate,true,false,warm_connection,4,Tic Tac Toe,competitive_game,0.05882,0.66
330,playful,very_high,45,afternoon,normal_day,dating,4,light,false,false,playful_social,16,Watch Together,watch_together,0.10448,0.585
331,celebratory,very_low,60,morning,anniversary,long_term,5,light,false,false,celebration,10,Memory Lane,memory,0.10609,0.675
332,affectionate,medium,15,morning,anniversary,new,1,moderate,true,false,warm_connection,11,Relationship Timeline,memory,0.05398,0.707
333,erotic,high,10,afternoon,long_distance,new,5,very_high,true,true,intimate_connection,19,Flirty This or That,intimate_activity,0.08083,0.775
334,deep,high,20,evening,birthday,dating,3,light,false,false,deep_connection,6,Scribble,creative_game,0.05872,0.72
335,energetic,high,5,late_night,special_memory,dating,2,light,false,false,high_energy_fun,22,Little Moments,memory,0.09684,0.694
336,relaxed,very_low,30,afternoon,rough_day,new,1,light,false,false,easy_connection,15,Music Mood,watch_together,0.14611,0.775
337,celebratory,very_high,45,late_night,birthday,new,2,light,false,false,celebration,3,Trivia Battle,competitive_game,0.1424,0.695
338,relaxed,very_high,60,afternoon,reunion,long_term,3,light,false,false,easy_connection,16,Watch Together,watch_together,0.1769,0.665
339,energetic,high,20,afternoon,rough_day,dating,2,light,false,false,high_energy_fun,3,Trivia Battle,competitive_game,0.06163,0.74
340,nostalgic,high,10,morning,weekend,just_met,1,moderate,true,false,memory_connection,2,This or That,question_game,0.0675,0.635
341,low_energy,very_low,60,morning,long_distance,new,2,light,false,false,gentle_connection,16,Watch Together,watch_together,0.23006,0.775
342,romantic,very_low,10,late_night,valentines,just_met,5,moderate,true,false,romantic_connection,12,Deep Questions,conversation,0.07291,0.635
343,celebratory,high,45,late_night,normal_day,just_met,5,light,false,false,celebration,16,Watch Together,watch_together,0.15929,0.61
344,happy,very_low,30,evening,weekend,dating,1,light,false,false,positive_social,14,Date Planner,date_activity,0.0867,0.682
345,sensual,high,60,afternoon,first_date,just_met,5,high,true,true,sensual_connection,16,Watch Together,watch_together,0.21053,0.61
346,affectionate,very_high,30,evening,holiday,dating,3,moderate,true,false,warm_connection,6,Scribble,creative_game,0.08577,0.695
347,playful,medium,20,late_night,late_night,new,2,light,false,false,playful_social,8,Two Truths and a Lie,question_game,0.05839,0.74
348,playful,very_low,5,late_night,long_distance,serious,5,light,false,false,playful_social,1,Rapid Fire,question_game,0.08462,0.665
349,low_energy,very_low,45,afternoon,first_date,serious,4,light,false,false,gentle_connection,12,Deep Questions,conversation,0.09799,0.615
350,calm,very_high,60,morning,just_because,long_term,1,light,false,false,calm_connection,16,Watch Together,watch_together,0.34783,0.665
351,sensual,very_high,20,evening,normal_day,just_met,3,high,true,true,sensual_connection,3,Trivia Battle,competitive_game,0.08145,0.635
352,celebratory,very_low,10,evening,normal_day,new,5,light,false,false,celebration,17,Couple Challenge,challenge,0.06124,0.725
353,sensual,high,5,evening,date_night,long_term,2,high,true,true,sensual_connection,20,Romantic Q&A,intimate_activity,0.09501,0.694
354,relaxed,very_high,15,late_night,special_memory,new,1,light,false,false,easy_connection,11,Relationship Timeline,memory,0.05873,0.657
355,calm,very_low,5,late_night,anniversary,just_met,3,light,false,false,calm_connection,4,Tic Tac Toe,competitive_game,0.09524,0.61
356,celebratory,very_high,20,evening,normal_day,dating,4,light,false,false,celebration,6,Scribble,creative_game,0.06787,0.715
357,calm,very_high,20,late_night,date_night,long_term,4,light,false,false,calm_connection,20,Romantic Q&A,intimate_activity,0.06677,0.773
358,celebratory,medium,60,afternoon,rough_day,just_met,1,light,false,false,celebration,16,Watch Together,watch_together,0.28313,0.695
359,relaxed,low,45,late_night,valentines,dating,1,light,false,false,easy_connection,16,Watch Together,watch_together,0.1781,0.74
360,deep,high,15,evening,first_date,new,1,light,false,false,deep_connection,12,Deep Questions,conversation,0.09917,0.75
361,energetic,very_high,30,late_night,first_date,just_met,1,light,false,false,high_energy_fun,6,Scribble,creative_game,0.15048,0.715
362,playful,very_high,30,evening,holiday,serious,1,light,false,false,playful_social,3,Trivia Battle,competitive_game,0.13154,0.775
363,relaxed,very_low,45,afternoon,late_night,long_term,2,light,false,false,easy_connection,15,Music Mood,watch_together,0.11911,0.695
364,romantic,low,15,evening,birthday,serious,2,moderate,true,false,romantic_connection,24,Date Night Roulette,date_activity,0.06426,0.799
365,relaxed,medium,20,evening,reunion,just_met,3,light,false,false,easy_connection,16,Watch Together,watch_together,0.08642,0.715
366,affectionate,high,30,afternoon,reunion,just_met,2,moderate,true,false,warm_connection,6,Scribble,creative_game,0.10056,0.66
367,relaxed,medium,60,late_night,special_memory,dating,4,light,false,false,easy_connection,16,Watch Together,watch_together,0.15,0.715
368,low_energy,very_high,10,evening,valentines,long_term,2,light,false,false,gentle_connection,23,Cozy Conversation,conversation,0.05838,0.689
369,romantic,high,15,evening,rough_day,serious,5,moderate,true,false,romantic_connection,15,Music Mood,watch_together,0.04859,0.67
370,calm,high,15,late_night,valentines,just_met,5,light,false,false,calm_connection,12,Deep Questions,conversation,0.07587,0.69
371,nostalgic,low,45,morning,rough_day,serious,2,moderate,true,false,memory_connection,16,Watch Together,watch_together,0.13743,0.72
372,deep,very_low,60,late_night,celebration,serious,2,light,false,false,deep_connection,11,Relationship Timeline,memory,0.10138,0.659
373,affectionate,medium,45,afternoon,rough_day,serious,4,moderate,true,false,warm_connection,23,Cozy Conversation,conversation,0.1257,0.743
374,celebratory,high,30,late_night,weekend,long_term,4,light,false,false,celebration,6,Scribble,creative_game,0.10132,0.8
375,erotic,medium,45,morning,first_date,new,3,very_high,true,true,intimate_connection,19,Flirty This or That,intimate_activity,0.12899,0.696
376,celebratory,very_low,30,late_night,special_memory,dating,4,light,false,false,celebration,11,Relationship Timeline,memory,0.09883,0.743
377,playful,medium,10,afternoon,reunion,dating,4,light,false,false,playful_social,2,This or That,question_game,0.05647,0.74
378,low_energy,very_high,45,afternoon,valentines,just_met,4,light,false,false,gentle_connection,16,Watch Together,watch_together,0.37216,0.665
379,relaxed,very_low,5,afternoon,valentines,dating,3,light,false,false,easy_connection,19,Flirty This or That,intimate_activity,0.09322,0.706
380,affectionate,very_high,20,evening,reunion,just_met,4,moderate,true,false,warm_connection,6,Scribble,creative_game,0.07087,0.635
381,energetic,medium,5,evening,normal_day,just_met,1,light,false,false,high_energy_fun,6,Scribble,creative_game,0.10976,0.635
382,low_energy,very_low,45,afternoon,just_because,new,5,light,false,false,gentle_connection,16,Watch Together,watch_together,0.17322,0.715
383,romantic,medium,30,late_night,reunion,new,4,moderate,true,false,romantic_connection,10,Memory Lane,memory,0.06846,0.743
384,romantic,high,20,morning,rough_day,long_term,2,moderate,true,false,romantic_connection,10,Memory Lane,memory,0.06457,0.774
385,relaxed,high,5,afternoon,anniversary,dating,1,light,false,false,easy_connection,10,Memory Lane,memory,0.08889,0.682
386,erotic,very_high,10,evening,valentines,new,4,very_high,true,true,intimate_connection,19,Flirty This or That,intimate_activity,0.11351,0.798
387,low_energy,high,30,evening,late_night,serious,5,light,false,false,gentle_connection,15,Music Mood,watch_together,0.09043,0.75
388,playful,medium,15,late_night,late_night,new,3,light,false,false,playful_social,6,Scribble,creative_game,0.05092,0.715
389,celebratory,very_low,45,afternoon,valentines,just_met,2,light,false,false,celebration,16,Watch Together,watch_together,0.14541,0.635
390,romantic,medium,45,afternoon,weekend,serious,4,moderate,true,false,romantic_connection,16,Watch Together,watch_together,0.06551,0.635
391,celebratory,high,20,afternoon,reunion,long_term,2,light,false,false,celebration,24,Date Night Roulette,date_activity,0.07203,0.799
392,energetic,medium,10,afternoon,valentines,serious,5,light,false,false,high_energy_fun,18,Truth or Dare,romantic_activity,0.06074,0.78
393,calm,very_low,20,afternoon,anniversary,serious,5,light,false,false,calm_connection,11,Relationship Timeline,memory,0.06817,0.755
394,energetic,high,45,late_night,long_distance,serious,4,light,false,false,high_energy_fun,16,Watch Together,watch_together,0.11228,0.67
395,celebratory,very_low,60,afternoon,birthday,just_met,3,light,false,false,celebration,16,Watch Together,watch_together,0.19149,0.635
396,deep,low,60,late_night,late_night,serious,5,light,false,false,deep_connection,12,Deep Questions,conversation,0.09418,0.66
397,celebratory,very_low,15,evening,weekend,just_met,4,light,false,false,celebration,8,Two Truths and a Lie,question_game,0.08058,0.69
398,relaxed,very_low,45,afternoon,birthday,just_met,4,light,false,false,easy_connection,16,Watch Together,watch_together,0.30398,0.715
399,playful,high,60,morning,special_memory,new,2,light,false,false,playful_social,16,Watch Together,watch_together,0.08451,0.61
400,celebratory,medium,60,late_night,date_night,long_term,2,light,false,false,celebration,14,Date Planner,date_activity,0.07184,0.664
401,affectionate,very_low,30,evening,weekend,dating,5,moderate,true,false,warm_connection,3,Trivia Battle,competitive_game,0.06714,0.645
402,calm,medium,15,evening,holiday,long_term,1,light,false,false,calm_connection,3,Trivia Battle,competitive_game,0.05615,0.695
403,erotic,high,5,evening,holiday,new,2,very_high,true,true,intimate_connection,25,Playful Teasing Cards,intimate_activity,0.1181,0.739
404,sensual,medium,60,afternoon,special_memory,serious,4,high,true,true,sensual_connection,22,Little Moments,memory,0.11164,0.743
405,low_energy,medium,45,late_night,long_distance,serious,1,light,false,false,gentle_connection,10,Memory Lane,memory,0.10526,0.707
406,erotic,very_low,20,evening,rough_day,dating,4,very_high,true,true,intimate_connection,22,Little Moments,memory,0.07699,0.743
407,calm,very_high,5,morning,rough_day,serious,3,light,false,false,calm_connection,10,Memory Lane,memory,0.06851,0.681
408,erotic,very_high,20,afternoon,long_distance,new,4,very_high,true,true,intimate_connection,19,Flirty This or That,intimate_activity,0.08425,0.738
409,deep,medium,30,afternoon,late_night,serious,3,light,false,false,deep_connection,15,Music Mood,watch_together,0.05876,0.695
410,erotic,very_low,5,morning,celebration,serious,1,very_high,true,true,intimate_connection,19,Flirty This or That,intimate_activity,0.14244,0.702
411,romantic,high,20,morning,long_distance,new,2,moderate,true,false,romantic_connection,14,Date Planner,date_activity,0.05083,0.739
412,deep,low,60,evening,first_date,dating,3,light,false,false,deep_connection,12,Deep Questions,conversation,0.18421,0.72
413,low_energy,low,5,late_night,celebration,dating,2,light,false,false,gentle_connection,22,Little Moments,memory,0.09579,0.764
414,playful,very_low,5,afternoon,reunion,just_met,2,light,false,false,playful_social,4,Tic Tac Toe,competitive_game,0.10148,0.61
415,nostalgic,high,5,morning,rough_day,dating,1,moderate,true,false,memory_connection,2,This or That,question_game,0.06905,0.635
416,relaxed,low,20,morning,anniversary,serious,1,light,false,false,easy_connection,15,Music Mood,watch_together,0.06663,0.74
417,playful,very_low,15,evening,just_because,dating,2,light,false,false,playful_social,1,Rapid Fire,question_game,0.06439,0.725
418,erotic,low,45,afternoon,first_date,long_term,5,very_high,true,true,intimate_connection,20,Romantic Q&A,intimate_activity,0.13699,0.72
419,low_energy,low,20,evening,rough_day,new,2,light,false,false,gentle_connection,10,Memory Lane,memory,0.07735,0.824
420,celebratory,high,60,afternoon,first_date,just_met,2,light,false,false,celebration,3,Trivia Battle,competitive_game,0.12618,0.66
421,celebratory,high,15,late_night,valentines,new,2,light,false,false,celebration,17,Couple Challenge,challenge,0.05599,0.764
422,playful,low,30,evening,special_memory,just_met,3,light,false,false,playful_social,6,Scribble,creative_game,0.11978,0.69
423,celebratory,very_high,10,late_night,birthday,just_met,2,light,false,false,celebration,6,Scribble,creative_game,0.13029,0.775
424,playful,low,20,morning,weekend,just_met,3,light,false,false,playful_social,6,Scribble,creative_game,0.06713,0.75
425,romantic,high,60,late_night,valentines,long_term,2,moderate,true,false,romantic_connection,21,Compliment Challenge,romantic_activity,0.10334,0.694
426,erotic,very_low,5,morning,normal_day,dating,2,very_high,true,true,intimate_connection,19,Flirty This or That,intimate_activity,0.13594,0.714
427,happy,high,30,evening,celebration,long_term,4,light,false,false,positive_social,6,Scribble,creative_game,0.10533,0.8
428,relaxed,very_low,45,afternoon,birthday,just_met,3,light,false,false,easy_connection,16,Watch Together,watch_together,0.30958,0.715
429,affectionate,low,30,evening,long_distance,long_term,1,moderate,true,false,warm_connection,15,Music Mood,watch_together,0.09266,0.72
430,relaxed,low,5,afternoon,first_date,serious,1,light,false,false,easy_connection,23,Cozy Conversation,conversation,0.10399,0.752
431,celebratory,very_low,15,afternoon,first_date,just_met,2,light,false,false,celebration,1,Rapid Fire,question_game,0.09375,0.665
432,romantic,high,15,evening,date_night,dating,2,moderate,true,false,romantic_connection,20,Romantic Q&A,intimate_activity,0.06324,0.774
433,deep,very_low,60,morning,valentines,serious,3,light,false,false,deep_connection,10,Memory Lane,memory,0.08088,0.671
434,deep,very_high,45,morning,reunion,serious,5,light,false,false,deep_connection,11,Relationship Timeline,memory,0.12834,0.705
435,energetic,very_high,10,evening,date_night,dating,1,light,false,false,high_energy_fun,4,Tic Tac Toe,competitive_game,0.05887,0.69
436,low_energy,very_low,10,morning,normal_day,just_met,2,light,false,false,gentle_connection,15,Music Mood,watch_together,0.12686,0.715
437,calm,high,10,afternoon,just_because,just_met,5,light,false,false,calm_connection,2,This or That,question_game,0.07948,0.695
438,sensual,high,10,evening,anniversary,serious,3,high,true,true,sensual_connection,21,Compliment Challenge,romantic_activity,0.07906,0.786
439,playful,very_high,15,morning,weekend,just_met,2,light,false,false,playful_social,6,Scribble,creative_game,0.12412,0.775
440,nostalgic,very_low,20,morning,just_because,serious,3,moderate,true,false,memory_connection,23,Cozy Conversation,conversation,0.0604,0.751
441,deep,medium,5,late_night,normal_day,dating,2,light,false,false,deep_connection,2,This or That,question_game,0.06623,0.66
442,erotic,medium,45,afternoon,reunion,dating,5,very_high,true,true,intimate_connection,10,Memory Lane,memory,0.07692,0.675
443,erotic,low,45,afternoon,date_night,just_met,4,very_high,true,true,intimate_connection,16,Watch Together,watch_together,0.20554,0.66
444,nostalgic,medium,45,morning,valentines,just_met,4,moderate,true,false,memory_connection,16,Watch Together,watch_together,0.07335,0.635
445,sensual,medium,5,afternoon,weekend,new,4,high,true,true,sensual_connection,21,Compliment Challenge,romantic_activity,0.08973,0.763
446,happy,low,45,evening,first_date,just_met,2,light,false,false,positive_social,3,Trivia Battle,competitive_game,0.08031,0.61
447,nostalgic,high,45,evening,reunion,just_met,5,moderate,true,false,memory_connection,16,Watch Together,watch_together,0.1618,0.61
448,romantic,high,5,morning,long_distance,new,2,moderate,true,false,romantic_connection,22,Little Moments,memory,0.07163,0.694
449,calm,high,45,evening,valentines,serious,3,light,false,false,calm_connection,16,Watch Together,watch_together,0.10695,0.69
450,affectionate,low,60,morning,date_night,just_met,2,moderate,true,false,warm_connection,16,Watch Together,watch_together,0.41096,0.66
451,calm,high,5,evening,special_memory,new,4,light,false,false,calm_connection,10,Memory Lane,memory,0.08791,0.718
452,deep,very_low,5,afternoon,special_memory,dating,5,light,false,false,deep_connection,10,Memory Lane,memory,0.11568,0.755
453,calm,low,5,afternoon,valentines,serious,5,light,false,false,calm_connection,21,Compliment Challenge,romantic_activity,0.0878,0.78
454,deep,medium,60,afternoon,normal_day,serious,4,light,false,false,deep_connection,12,Deep Questions,conversation,0.11667,0.635
455,nostalgic,low,5,late_night,first_date,new,1,moderate,true,false,memory_connection,2,This or That,question_game,0.15385,0.695
456,erotic,low,10,afternoon,holiday,serious,3,very_high,true,true,intimate_connection,14,Date Planner,date_activity,0.07331,0.731
457,low_energy,very_low,30,evening,just_because,just_met,1,light,false,false,gentle_connection,3,Trivia Battle,competitive_game,0.08943,0.585
458,affectionate,high,60,afternoon,first_date,dating,1,moderate,true,false,warm_connection,16,Watch Together,watch_together,0.21818,0.61
459,energetic,very_low,10,late_night,holiday,serious,4,light,false,false,high_energy_fun,3,Trivia Battle,competitive_game,0.07373,0.725
460,low_energy,high,10,evening,anniversary,new,3,light,false,false,gentle_connection,22,Little Moments,memory,0.07547,0.786
461,romantic,very_low,30,afternoon,celebration,dating,4,moderate,true,false,romantic_connection,14,Date Planner,date_activity,0.07141,0.738
462,nostalgic,high,5,morning,birthday,serious,2,moderate,true,false,memory_connection,1,Rapid Fire,question_game,0.09484,0.72
463,low_energy,very_high,10,morning,long_distance,dating,4,light,false,false,gentle_connection,22,Little Moments,memory,0.07364,0.773
464,energetic,medium,30,evening,long_distance,dating,2,light,false,false,high_energy_fun,3,Trivia Battle,competitive_game,0.07348,0.715
465,celebratory,low,5,evening,normal_day,serious,5,light,false,false,celebration,21,Compliment Challenge,romantic_activity,0.06904,0.72
466,celebratory,low,10,morning,anniversary,new,3,light,false,false,celebration,13,Future Plans,conversation,0.05452,0.731
467,erotic,very_low,60,afternoon,late_night,serious,3,very_high,true,true,intimate_connection,18,Truth or Dare,romantic_activity,0.06704,0.646
468,romantic,low,10,evening,special_memory,dating,5,moderate,true,false,romantic_connection,10,Memory Lane,memory,0.08097,0.86
469,sensual,medium,30,afternoon,late_night,new,4,high,true,true,sensual_connection,20,Romantic Q&A,intimate_activity,0.10171,0.743
470,romantic,high,5,morning,normal_day,new,5,moderate,true,false,romantic_connection,21,Compliment Challenge,romantic_activity,0.08794,0.75
471,nostalgic,high,5,evening,just_because,long_term,2,moderate,true,false,memory_connection,2,This or That,question_game,0.07966,0.695
472,calm,low,60,evening,normal_day,just_met,2,light,false,false,calm_connection,12,Deep Questions,conversation,0.19608,0.66
473,romantic,very_low,60,evening,first_date,dating,4,moderate,true,false,romantic_connection,12,Deep Questions,conversation,0.09667,0.615
474,calm,medium,15,afternoon,date_night,serious,4,light,false,false,calm_connection,24,Date Night Roulette,date_activity,0.0526,0.768
475,romantic,very_high,45,evening,anniversary,long_term,2,moderate,true,false,romantic_connection,13,Future Plans,conversation,0.11765,0.694
476,sensual,medium,10,afternoon,rough_day,just_met,5,high,true,true,sensual_connection,15,Music Mood,watch_together,0.10526,0.695
477,erotic,very_high,5,afternoon,late_night,dating,5,very_high,true,true,intimate_connection,19,Flirty This or That,intimate_activity,0.16289,0.81
478,celebratory,very_low,20,afternoon,valentines,just_met,2,light,false,false,celebration,8,Two Truths and a Lie,question_game,0.09105,0.69
479,calm,low,45,morning,holiday,dating,4,light,false,false,calm_connection,16,Watch Together,watch_together,0.12993,0.74
480,affectionate,low,45,morning,valentines,dating,1,moderate,true,false,warm_connection,18,Truth or Dare,romantic_activity,0.08381,0.627
481,happy,high,20,late_night,date_night,serious,4,light,false,false,positive_social,9,How Well Do You Know Me,question_game,0.05291,0.743
482,calm,very_high,20,morning,holiday,serious,5,light,false,false,calm_connection,6,Scribble,creative_game,0.05967,0.695
483,low_energy,low,10,late_night,first_date,just_met,3,light,false,false,gentle_connection,15,Music Mood,watch_together,0.11848,0.74
484,deep,very_low,5,evening,date_night,serious,2,light,false,false,deep_connection,9,How Well Do You Know Me,question_game,0.06773,0.694
485,nostalgic,very_low,15,late_night,rough_day,just_met,4,moderate,true,false,memory_connection,15,Music Mood,watch_together,0.0858,0.695
486,romantic,very_high,20,afternoon,normal_day,just_met,3,moderate,true,false,romantic_connection,3,Trivia Battle,competitive_game,0.0832,0.635
487,affectionate,high,45,evening,celebration,dating,3,moderate,true,false,warm_connection,3,Trivia Battle,competitive_game,0.08108,0.64
488,happy,high,30,late_night,date_night,just_met,3,light,false,false,positive_social,3,Trivia Battle,competitive_game,0.12127,0.74
489,playful,medium,60,late_night,anniversary,just_met,1,light,false,false,playful_social,16,Watch Together,watch_together,0.1677,0.635
490,low_energy,medium,5,late_night,holiday,just_met,3,light,false,false,gentle_connection,15,Music Mood,watch_together,0.09609,0.635
491,energetic,high,45,evening,first_date,long_term,4,light,false,false,high_energy_fun,3,Trivia Battle,competitive_game,0.11673,0.66
492,relaxed,medium,10,late_night,normal_day,dating,4,light,false,false,easy_connection,15,Music Mood,watch_together,0.05634,0.715
493,affectionate,medium,30,morning,date_night,just_met,1,moderate,true,false,warm_connection,12,Deep Questions,conversation,0.098,0.635
494,erotic,very_high,20,afternoon,weekend,just_met,4,very_high,true,true,intimate_connection,3,Trivia Battle,competitive_game,0.08819,0.695
495,relaxed,very_high,45,late_night,late_night,new,4,light,false,false,easy_connection,16,Watch Together,watch_together,0.20973,0.725
496,relaxed,very_low,30,afternoon,first_date,serious,2,light,false,false,easy_connection,5,Connect Four,competitive_game,0.06377,0.61
497,romantic,low,60,afternoon,date_night,just_met,4,moderate,true,false,romantic_connection,16,Watch Together,watch_together,0.24691,0.66
498,low_energy,high,10,afternoon,holiday,long_term,3,light,false,false,gentle_connection,14,Date Planner,date_activity,0.05781,0.731
499,sensual,very_low,5,late_night,weekend,serious,5,high,true,true,sensual_connection,25,Playful Teasing Cards,intimate_activity,0.11591,0.75
500,deep,very_high,20,morning,special_memory,long_term,5,light,false,false,deep_connection,13,Future Plans,conversation,0.08324,0.81
501,relaxed,very_low,20,afternoon,date_night,long_term,5,light,false,false,easy_connection,18,Truth or Dare,romantic_activity,0.0573,0.73
502,playful,very_low,30,morning,special_memory,dating,5,light,false,false,playful_social,18,Truth or Dare,romantic_activity,0.06225,0.75
503,relaxed,medium,20,late_night,late_night,long_term,4,light,false,false,easy_connection,23,Cozy Conversation,conversation,0.07572,0.823
504,deep,high,10,late_night,normal_day,serious,3,light,false,false,deep_connection,9,How Well Do You Know Me,question_game,0.0585,0.751
505,happy,high,15,evening,normal_day,dating,3,light,false,false,positive_social,1,Rapid Fire,question_game,0.0561,0.74
506,energetic,very_low,60,afternoon,date_night,dating,4,light,false,false,high_energy_fun,24,Date Night Roulette,date_activity,0.07197,0.638
507,calm,medium,45,late_night,late_night,just_met,2,light,false,false,calm_connection,15,Music Mood,watch_together,0.17082,0.695
508,relaxed,high,60,evening,holiday,just_met,5,light,false,false,easy_connection,15,Music Mood,watch_together,0.10811,0.61
509,playful,medium,45,late_night,date_night,long_term,5,light,false,false,playful_social,18,Truth or Dare,romantic_activity,0.09046,0.78
510,affectionate,low,60,morning,anniversary,just_met,4,moderate,true,false,warm_connection,16,Watch Together,watch_together,0.2459,0.66
511,calm,low,15,evening,holiday,serious,5,light,false,false,calm_connection,12,Deep Questions,conversation,0.05463,0.74
512,playful,very_low,10,evening,reunion,long_term,4,light,false,false,playful_social,17,Couple Challenge,challenge,0.0646,0.773
513,energetic,very_high,30,evening,valentines,new,3,light,false,false,high_energy_fun,14,Date Planner,date_activity,0.08005,0.706
514,sensual,very_low,15,morning,long_distance,just_met,2,high,true,true,sensual_connection,12,Deep Questions,conversation,0.06475,0.695
515,erotic,low,60,afternoon,celebration,new,2,very_high,true,true,intimate_connection,20,Romantic Q&A,intimate_activity,0.11494,0.684
516,relaxed,very_high,5,morning,reunion,new,2,light,false,false,easy_connection,10,Memory Lane,memory,0.08623,0.669
517,happy,low,15,evening,rough_day,dating,4,light,false,false,positive_social,10,Memory Lane,memory,0.05266,0.768
518,calm,high,15,afternoon,reunion,dating,5,light,false,false,calm_connection,23,Cozy Conversation,conversation,0.05113,0.75
519,relaxed,very_high,5,morning,weekend,dating,5,light,false,false,easy_connection,2,This or That,question_game,0.07916,0.69
520,celebratory,medium,15,morning,reunion,just_met,3,light,false,false,celebration,8,Two Truths and a Lie,question_game,0.06637,0.74
521,low_energy,medium,60,evening,birthday,dating,2,light,false,false,gentle_connection,16,Watch Together,watch_together,0.16263,0.715
522,erotic,low,5,late_night,celebration,dating,2,very_high,true,true,intimate_connection,21,Compliment Challenge,romantic_activity,0.09346,0.764
523,low_energy,high,15,evening,just_because,serious,4,light,false,false,gentle_connection,10,Memory Lane,memory,0.05266,0.738
524,happy,very_high,45,afternoon,valentines,new,5,light,false,false,positive_social,16,Watch Together,watch_together,0.08219,0.585
525,energetic,medium,30,evening,holiday,new,5,light,false,false,high_energy_fun,3,Trivia Battle,competitive_game,0.09965,0.775
526,playful,high,10,evening,rough_day,long_term,2,light,false,false,playful_social,8,Two Truths and a Lie,question_game,0.0551,0.715
527,calm,very_low,10,evening,anniversary,dating,4,light,false,false,calm_connection,23,Cozy Conversation,conversation,0.05953,0.763
528,calm,medium,15,evening,reunion,just_met,4,light,false,false,calm_connection,12,Deep Questions,conversation,0.07996,0.715
529,low_energy,very_high,30,morning,reunion,new,5,light,false,false,gentle_connection,10,Memory Lane,memory,0.0849,0.705
530,low_energy,high,30,evening,long_distance,just_met,2,light,false,false,gentle_connection,15,Music Mood,watch_together,0.17159,0.75
531,affectionate,medium,20,late_night,date_night,dating,2,moderate,true,false,warm_connection,18,Truth or Dare,romantic_activity,0.05706,0.744
532,energetic,medium,45,afternoon,valentines,just_met,1,light,false,false,high_energy_fun,16,Watch Together,watch_together,0.14261,0.635
533,affectionate,low,30,afternoon,reunion,just_met,2,moderate,true,false,warm_connection,16,Watch Together,watch_together,0.09434,0.66
534,low_energy,high,20,late_night,reunion,serious,1,light,false,false,gentle_connection,10,Memory Lane,memory,0.08126,0.762
535,affectionate,medium,5,evening,special_memory,long_term,2,moderate,true,false,warm_connection,22,Little Moments,memory,0.13383,0.799
536,happy,low,10,evening,birthday,new,1,light,false,false,positive_social,3,Trivia Battle,competitive_game,0.07747,0.75
537,celebratory,medium,10,morning,holiday,just_met,3,light,false,false,celebration,3,Trivia Battle,competitive_game,0.07678,0.775
538,energetic,very_high,30,evening,long_distance,new,3,light,false,false,high_energy_fun,16,Watch Together,watch_together,0.06928,0.645
539,energetic,medium,60,afternoon,date_night,serious,1,light,false,false,high_energy_fun,16,Watch Together,watch_together,0.10568,0.635
540,sensual,low,10,morning,late_night,long_term,2,high,true,true,sensual_connection,20,Romantic Q&A,intimate_activity,0.10665,0.824
541,sensual,very_low,20,evening,special_memory,long_term,5,high,true,true,sensual_connection,22,Little Moments,memory,0.09859,0.835
542,happy,very_low,45,morning,normal_day,just_met,4,light,false,false,positive_social,8,Two Truths and a Lie,question_game,0.14484,0.61
543,playful,very_high,15,late_night,rough_day,new,2,light,false,false,playful_social,2,This or That,question_game,0.05379,0.69
544,low_energy,very_low,15,late_night,celebration,just_met,5,light,false,false,gentle_connection,16,Watch Together,watch_together,0.10032,0.715
545,celebratory,low,20,morning,weekend,long_term,1,light,false,false,celebration,6,Scribble,creative_game,0.07937,0.75
546,erotic,very_low,20,afternoon,late_night,new,3,very_high,true,true,intimate_connection,23,Cozy Conversation,conversation,0.09269,0.811
547,affectionate,medium,45,late_night,birthday,new,1,moderate,true,false,warm_connection,6,Scribble,creative_game,0.09607,0.615
548,affectionate,high,15,afternoon,normal_day,just_met,1,moderate,true,false,warm_connection,2,This or That,question_game,0.07883,0.635
549,celebratory,high,10,morning,special_memory,long_term,1,light,false,false,celebration,8,Two Truths and a Lie,question_game,0.06287,0.715
550,playful,medium,45,afternoon,reunion,dating,3,light,false,false,playful_social,18,Truth or Dare,romantic_activity,0.08864,0.756
551,playful,low,60,morning,holiday,dating,3,light,false,false,playful_social,17,Couple Challenge,challenge,0.09915,0.706
552,calm,high,45,morning,first_date,just_met,1,light,false,false,calm_connection,8,Two Truths and a Lie,question_game,0.10959,0.615
553,low_energy,low,15,evening,just_because,serious,5,light,false,false,gentle_connection,10,Memory Lane,memory,0.05817,0.8
554,sensual,very_low,15,evening,date_night,just_met,4,high,true,true,sensual_connection,12,Deep Questions,conversation,0.11752,0.635
555,energetic,medium,60,late_night,rough_day,serious,4,light,false,false,high_energy_fun,1,Rapid Fire,question_game,0.06738,0.635
556,erotic,low,5,afternoon,rough_day,just_met,2,very_high,true,true,intimate_connection,15,Music Mood,watch_together,0.19643,0.64
557,celebratory,high,60,late_night,date_night,long_term,4,light,false,false,celebration,16,Watch Together,watch_together,0.07631,0.61
558,celebratory,very_low,60,afternoon,reunion,serious,1,light,false,false,celebration,8,Two Truths and a Lie,question_game,0.08046,0.61
559,energetic,very_low,5,evening,celebration,dating,1,light,false,false,high_energy_fun,6,Scribble,creative_game,0.1033,0.645
560,low_energy,very_high,60,afternoon,celebration,dating,5,light,false,false,gentle_connection,17,Couple Challenge,challenge,0.10402,0.675
561,sensual,very_high,5,late_night,celebration,new,4,high,true,true,sensual_connection,25,Playful Teasing Cards,intimate_activity,0.12343,0.738
562,low_energy,high,10,morning,normal_day,new,5,light,false,false,gentle_connection,20,Romantic Q&A,intimate_activity,0.04654,0.75
563,energetic,low,5,late_night,valentines,new,3,light,false,false,high_energy_fun,25,Playful Teasing Cards,intimate_activity,0.07343,0.731
564,happy,very_high,10,late_night,long_distance,new,1,light,false,false,positive_social,3,Trivia Battle,competitive_game,0.06463,0.715
565,erotic,very_high,20,morning,holiday,serious,4,very_high,true,true,intimate_connection,25,Playful Teasing Cards,intimate_activity,0.08672,0.738
566,energetic,very_low,5,late_night,long_distance,just_met,5,light,false,false,high_energy_fun,12,Deep Questions,conversation,0.09245,0.615
567,playful,very_high,30,evening,just_because,long_term,5,light,false,false,playful_social,6,Scribble,creative_game,0.09431,0.715
568,low_energy,high,15,evening,holiday,just_met,2,light,false,false,gentle_connection,16,Watch Together,watch_together,0.08577,0.69
569,calm,very_high,60,late_night,rough_day,dating,4,light,false,false,calm_connection,16,Watch Together,watch_together,0.23729,0.725
570,erotic,low,5,evening,valentines,dating,5,very_high,true,true,intimate_connection,20,Romantic Q&A,intimate_activity,0.1129,0.78
571,sensual,very_low,5,afternoon,reunion,new,4,high,true,true,sensual_connection,22,Little Moments,memory,0.12204,0.823
572,celebratory,low,10,morning,just_because,serious,2,light,false,false,celebration,1,Rapid Fire,question_game,0.06072,0.75
573,erotic,low,45,evening,first_date,serious,1,very_high,true,true,intimate_connection,23,Cozy Conversation,conversation,0.09358,0.672
574,low_energy,very_high,5,late_night,reunion,long_term,5,light,false,false,gentle_connection,22,Little Moments,memory,0.13692,0.785
575,energetic,very_low,30,morning,weekend,serious,5,light,false,false,high_energy_fun,17,Couple Challenge,challenge,0.08117,0.705
576,nostalgic,low,45,afternoon,rough_day,new,1,moderate,true,false,memory_connection,22,Little Moments,memory,0.1497,0.732
577,celebratory,very_high,15,late_night,long_distance,long_term,2,light,false,false,celebration,1,Rapid Fire,question_game,0.0533,0.715
578,calm,medium,20,afternoon,date_night,serious,5,light,false,false,calm_connection,24,Date Night Roulette,date_activity,0.05657,0.78
579,sensual,very_high,15,evening,rough_day,long_term,2,high,true,true,sensual_connection,20,Romantic Q&A,intimate_activity,0.09429,0.749
580,celebratory,medium,45,evening,just_because,new,2,light,false,false,celebration,1,Rapid Fire,question_game,0.07945,0.695
581,sensual,medium,45,morning,special_memory,dating,5,high,true,true,sensual_connection,19,Flirty This or That,intimate_activity,0.08973,0.72
582,celebratory,high,45,evening,just_because,serious,1,light,false,false,celebration,3,Trivia Battle,competitive_game,0.10309,0.66
583,happy,high,10,morning,celebration,just_met,2,light,false,false,positive_social,3,Trivia Battle,competitive_game,0.12387,0.8
584,erotic,low,15,evening,date_night,just_met,3,very_high,true,true,intimate_connection,12,Deep Questions,conversation,0.11605,0.66
585,nostalgic,very_low,15,late_night,first_date,long_term,5,moderate,true,false,memory_connection,2,This or That,question_game,0.06245,0.67
586,sensual,very_high,20,afternoon,weekend,dating,1,high,true,true,sensual_connection,14,Date Planner,date_activity,0.07681,0.682
587,relaxed,high,60,evening,weekend,just_met,1,light,false,false,easy_connection,7,Find the Spy,social_game,0.13937,0.64
588,affectionate,very_high,60,late_night,holiday,new,3,moderate,true,false,warm_connection,3,Trivia Battle,competitive_game,0.08564,0.615
589,nostalgic,very_high,10,afternoon,birthday,serious,2,moderate,true,false,memory_connection,6,Scribble,creative_game,0.05932,0.695
590,playful,low,10,morning,long_distance,just_met,4,light,false,false,playful_social,2,This or That,question_game,0.08728,0.715
591,deep,low,10,evening,normal_day,dating,4,light,false,false,deep_connection,23,Cozy Conversation,conversation,0.06044,0.788
592,romantic,very_low,10,evening,late_night,just_met,5,moderate,true,false,romantic_connection,12,Deep Questions,conversation,0.06243,0.635
593,deep,high,60,evening,first_date,dating,5,light,false,false,deep_connection,12,Deep Questions,conversation,0.17898,0.67
594,romantic,very_high,5,afternoon,long_distance,long_term,5,moderate,true,false,romantic_connection,22,Little Moments,memory,0.07579,0.705
595,calm,low,10,evening,valentines,dating,3,light,false,false,calm_connection,20,Romantic Q&A,intimate_activity,0.07412,0.836
596,erotic,very_high,30,late_night,weekend,just_met,1,very_high,true,true,intimate_connection,3,Trivia Battle,competitive_game,0.14268,0.695
597,energetic,low,45,afternoon,normal_day,dating,4,light,false,false,high_energy_fun,7,Find the Spy,social_game,0.07804,0.61
598,playful,high,15,evening,normal_day,long_term,3,light,false,false,playful_social,2,This or That,question_game,0.06041,0.715
599,nostalgic,high,20,morning,birthday,new,3,moderate,true,false,memory_connection,22,Little Moments,memory,0.06479,0.726
600,playful,low,60,morning,celebration,just_met,2,light,false,false,playful_social,3,Trivia Battle,competitive_game,0.14321,0.67
601,erotic,low,60,late_night,holiday,just_met,2,very_high,true,true,intimate_connection,16,Watch Together,watch_together,0.15287,0.66
602,sensual,high,45,morning,rough_day,new,1,high,true,true,sensual_connection,23,Cozy Conversation,conversation,0.1384,0.682
603,calm,very_low,5,morning,normal_day,new,3,light,false,false,calm_connection,21,Compliment Challenge,romantic_activity,0.07563,0.671
604,celebratory,low,15,late_night,long_distance,serious,4,light,false,false,celebration,15,Music Mood,watch_together,0.05059,0.72
605,happy,high,45,morning,weekend,just_met,5,light,false,false,positive_social,3,Trivia Battle,competitive_game,0.17185,0.72
606,sensual,very_high,5,morning,valentines,long_term,1,high,true,true,sensual_connection,25,Playful Teasing Cards,intimate_activity,0.16254,0.762
607,low_energy,medium,30,morning,birthday,serious,4,light,false,false,gentle_connection,16,Watch Together,watch_together,0.07615,0.715
608,low_energy,very_low,20,afternoon,weekend,new,2,light,false,false,gentle_connection,16,Watch Together,watch_together,0.06222,0.715
609,erotic,very_high,15,afternoon,birthday,dating,1,very_high,true,true,intimate_connection,20,Romantic Q&A,intimate_activity,0.08244,0.677
610,nostalgic,low,5,morning,normal_day,long_term,5,moderate,true,false,memory_connection,23,Cozy Conversation,conversation,0.10601,0.8
611,nostalgic,very_low,15,afternoon,rough_day,dating,2,moderate,true,false,memory_connection,10,Memory Lane,memory,0.08251,0.799
612,low_energy,very_high,10,afternoon,date_night,new,5,light,false,false,gentle_connection,24,Date Night Roulette,date_activity,0.05497,0.73
613,affectionate,very_low,10,morning,holiday,long_term,4,moderate,true,false,warm_connection,14,Date Planner,date_activity,0.05871,0.718
614,playful,medium,45,morning,birthday,just_met,2,light,false,false,playful_social,16,Watch Together,watch_together,0.11058,0.635
615,energetic,medium,15,afternoon,celebration,new,1,light,false,false,high_energy_fun,3,Trivia Battle,competitive_game,0.08289,0.775
616,playful,low,15,late_night,reunion,dating,5,light,false,false,playful_social,22,Little Moments,memory,0.05528,0.78
617,sensual,very_high,10,evening,special_memory,dating,4,high,true,true,sensual_connection,22,Little Moments,memory,0.09296,0.773
618,calm,low,60,afternoon,rough_day,serious,3,light,false,false,calm_connection,22,Little Moments,memory,0.12841,0.756
619,romantic,medium,20,late_night,reunion,dating,3,moderate,true,false,romantic_connection,24,Date Night Roulette,date_activity,0.06926,0.836
620,playful,low,45,morning,holiday,dating,2,light,false,false,playful_social,14,Date Planner,date_activity,0.0749,0.639
621,affectionate,medium,45,morning,rough_day,just_met,1,moderate,true,false,warm_connection,5,Connect Four,competitive_game,0.06424,0.58
622,low_energy,very_low,60,late_night,special_memory,long_term,2,light,false,false,gentle_connection,23,Cozy Conversation,conversation,0.10609,0.659
623,nostalgic,medium,30,late_night,celebration,new,3,moderate,true,false,memory_connection,18,Truth or Dare,romantic_activity,0.07504,0.756
624,erotic,very_high,45,evening,date_night,serious,5,very_high,true,true,intimate_connection,25,Playful Teasing Cards,intimate_activity,0.12054,0.73
625,relaxed,medium,30,morning,celebration,new,5,light,false,false,easy_connection,15,Music Mood,watch_together,0.07093,0.715
626,erotic,very_high,10,late_night,date_night,new,5,very_high,true,true,intimate_connection,14,Date Planner,date_activity,0.072,0.73
627,low_energy,low,45,late_night,valentines,just_met,2,light,false,false,gentle_connection,16,Watch Together,watch_together,0.1169,0.74
628,affectionate,very_low,15,evening,anniversary,just_met,2,moderate,true,false,warm_connection,12,Deep Questions,conversation,0.0749,0.635
629,erotic,medium,20,late_night,just_because,serious,1,very_high,true,true,intimate_connection,18,Truth or Dare,romantic_activity,0.09036,0.812
630,low_energy,medium,5,evening,holiday,dating,5,light,false,false,gentle_connection,2,This or That,question_game,0.0545,0.66
631,romantic,high,45,late_night,valentines,long_term,1,moderate,true,false,romantic_connection,14,Date Planner,date_activity,0.11714,0.707
632,relaxed,low,30,late_night,valentines,dating,4,light,false,false,easy_connection,16,Watch Together,watch_together,0.07187,0.74
633,celebratory,very_low,30,afternoon,reunion,new,2,light,false,false,celebration,18,Truth or Dare,romantic_activity,0.10119,0.774
634,low_energy,medium,10,afternoon,date_night,new,3,light,false,false,gentle_connection,14,Date Planner,date_activity,0.05447,0.756
635,playful,low,20,evening,rough_day,just_met,4,light,false,false,playful_social,6,Scribble,creative_game,0.08486,0.69
636,energetic,low,30,afternoon,celebration,serious,1,light,false,false,high_energy_fun,3,Trivia Battle,competitive_game,0.12544,0.75
637,romantic,very_high,30,afternoon,date_night,long_term,1,moderate,true,false,romantic_connection,9,How Well Do You Know Me,question_game,0.06038,0.682
638,romantic,very_low,10,evening,just_because,new,5,moderate,true,false,romantic_connection,10,Memory Lane,memory,0.05494,0.775
639,celebratory,very_high,45,morning,just_because,dating,1,light,false,false,celebration,1,Rapid Fire,question_game,0.13776,0.695
640,celebratory,high,60,late_night,date_night,new,4,light,false,false,celebration,17,Couple Challenge,challenge,0.07949,0.708
641,erotic,very_high,60,afternoon,late_night,long_term,3,very_high,true,true,intimate_connection,19,Flirty This or That,intimate_activity,0.1677,0.706
642,low_energy,medium,20,morning,anniversary,serious,4,light,false,false,gentle_connection,10,Memory Lane,memory,0.08287,0.823
643,happy,low,30,late_night,holiday,new,5,light,false,false,positive_social,3,Trivia Battle,competitive_game,0.0889,0.75
644,energetic,very_high,30,morning,just_because,long_term,5,light,false,false,high_energy_fun,1,Rapid Fire,question_game,0.07655,0.695
645,playful,high,45,afternoon,just_because,long_term,5,light,false,false,playful_social,18,Truth or Dare,romantic_activity,0.08342,0.755
646,erotic,high,30,late_night,valentines,just_met,5,very_high,true,true,intimate_connection,3,Trivia Battle,competitive_game,0.14515,0.66
647,erotic,high,60,late_night,valentines,long_term,5,very_high,true,true,intimate_connection,19,Flirty This or That,intimate_activity,0.15049,0.755
648,romantic,medium,20,afternoon,just_because,just_met,3,moderate,true,false,romantic_connection,8,Two Truths and a Lie,question_game,0.06218,0.66
649,nostalgic,high,15,afternoon,normal_day,just_met,5,moderate,true,false,memory_connection,6,Scribble,creative_game,0.07335,0.66
650,nostalgic,very_low,20,afternoon,rough_day,dating,4,moderate,true,false,memory_connection,10,Memory Lane,memory,0.08959,0.823
651,romantic,high,45,evening,birthday,long_term,4,moderate,true,false,romantic_connection,6,Scribble,creative_game,0.07335,0.64
652,celebratory,medium,45,late_night,special_memory,new,4,light,false,false,celebration,22,Little Moments,memory,0.07804,0.663
653,nostalgic,high,10,evening,weekend,long_term,4,moderate,true,false,memory_connection,10,Memory Lane,memory,0.06009,0.738
654,deep,very_high,15,late_night,rough_day,new,1,light,false,false,deep_connection,15,Music Mood,watch_together,0.06231,0.645
655,energetic,low,5,afternoon,weekend,serious,3,light,false,false,high_energy_fun,3,Trivia Battle,competitive_game,0.07196,0.67
656,celebratory,very_low,10,late_night,celebration,just_met,1,light,false,false,celebration,8,Two Truths and a Lie,question_game,0.09738,0.69
657,energetic,very_high,20,morning,first_date,dating,2,light,false,false,high_energy_fun,6,Scribble,creative_game,0.08507,0.715
658,celebratory,very_low,45,late_night,just_because,serious,5,light,false,false,celebration,16,Watch Together,watch_together,0.10371,0.635
659,deep,very_high,5,afternoon,celebration,serious,4,light,false,false,deep_connection,1,Rapid Fire,question_game,0.09894,0.695
660,low_energy,very_high,15,afternoon,normal_day,long_term,5,light,false,false,gentle_connection,15,Music Mood,watch_together,0.05895,0.665
661,affectionate,very_high,10,morning,valentines,new,1,moderate,true,false,warm_connection,19,Flirty This or That,intimate_activity,0.05292,0.682
662,playful,medium,60,late_night,valentines,serious,4,light,false,false,playful_social,16,Watch Together,watch_together,0.0749,0.635
663,nostalgic,very_low,45,morning,just_because,just_met,5,moderate,true,false,memory_connection,16,Watch Together,watch_together,0.30798,0.635
664,nostalgic,very_high,15,evening,holiday,dating,2,moderate,true,false,memory_connection,22,Little Moments,memory,0.06069,0.689
665,affectionate,high,20,morning,birthday,new,4,moderate,true,false,warm_connection,17,Couple Challenge,challenge,0.05891,0.768
666,nostalgic,very_low,30,evening,valentines,just_met,5,moderate,true,false,memory_connection,5,Connect Four,competitive_game,0.08669,0.61
667,nostalgic,very_high,15,late_night,long_distance,long_term,4,moderate,true,false,memory_connection,20,Romantic Q&A,intimate_activity,0.05253,0.773
668,erotic,medium,60,late_night,celebration,serious,5,very_high,true,true,intimate_connection,17,Couple Challenge,challenge,0.09117,0.675
669,energetic,very_low,15,morning,long_distance,new,2,light,false,false,high_energy_fun,22,Little Moments,memory,0.05141,0.719
670,relaxed,medium,30,morning,rough_day,dating,2,light,false,false,easy_connection,16,Watch Together,watch_together,0.09925,0.775
671,relaxed,medium,5,afternoon,reunion,dating,3,light,false,false,easy_connection,22,Little Moments,memory,0.11632,0.811
672,celebratory,medium,10,afternoon,reunion,new,2,light,false,false,celebration,10,Memory Lane,memory,0.05446,0.719
673,deep,low,10,afternoon,holiday,new,5,light,false,false,deep_connection,10,Memory Lane,memory,0.06028,0.8
674,erotic,very_low,5,morning,celebration,serious,5,very_high,true,true,intimate_connection,19,Flirty This or That,intimate_activity,0.1219,0.75
675,nostalgic,very_low,60,late_night,valentines,long_term,3,moderate,true,false,memory_connection,11,Relationship Timeline,memory,0.10189,0.671
676,celebratory,medium,20,afternoon,special_memory,long_term,3,light,false,false,celebration,11,Relationship Timeline,memory,0.06293,0.731
677,erotic,very_high,10,morning,weekend,serious,4,very_high,true,true,intimate_connection,14,Date Planner,date_activity,0.07606,0.718
678,happy,very_high,15,late_night,holiday,new,4,light,false,false,positive_social,24,Date Night Roulette,date_activity,0.06065,0.718
679,sensual,very_high,20,evening,rough_day,just_met,1,high,true,true,sensual_connection,15,Music Mood,watch_together,0.09619,0.645
680,relaxed,very_high,5,evening,valentines,long_term,3,light,false,false,easy_connection,19,Flirty This or That,intimate_activity,0.09724,0.706
681,deep,low,15,late_night,late_night,dating,3,light,false,false,deep_connection,23,Cozy Conversation,conversation,0.06803,0.836
682,relaxed,low,20,evening,valentines,serious,3,light,false,false,easy_connection,23,Cozy Conversation,conversation,0.06022,0.776
683,celebratory,low,30,afternoon,holiday,just_met,3,light,false,false,celebration,12,Deep Questions,conversation,0.07689,0.66
684,nostalgic,high,60,late_night,anniversary,new,2,moderate,true,false,memory_connection,11,Relationship Timeline,memory,0.17626,0.694
685,happy,low,20,late_night,date_night,long_term,5,light,false,false,positive_social,20,Romantic Q&A,intimate_activity,0.05502,0.78
686,erotic,high,15,evening,weekend,long_term,1,very_high,true,true,intimate_connection,25,Playful Teasing Cards,intimate_activity,0.07843,0.727
687,sensual,low,5,afternoon,holiday,dating,4,high,true,true,sensual_connection,22,Little Moments,memory,0.09009,0.788
688,playful,high,45,evening,birthday,dating,3,light,false,false,playful_social,3,Trivia Battle,competitive_game,0.12079,0.72
689,erotic,medium,15,morning,long_distance,just_met,3,very_high,true,true,intimate_connection,12,Deep Questions,conversation,0.06024,0.695
690,celebratory,low,30,afternoon,special_memory,dating,3,light,false,false,celebration,18,Truth or Dare,romantic_activity,0.07016,0.751
691,nostalgic,high,60,late_night,just_because,just_met,4,moderate,true,false,memory_connection,1,Rapid Fire,question_game,0.18519,0.64
692,energetic,low,60,afternoon,celebration,dating,4,light,false,false,high_energy_fun,6,Scribble,creative_game,0.12274,0.67
693,celebratory,high,60,morning,first_date,new,3,light,false,false,celebration,8,Two Truths and a Lie,question_game,0.16495,0.695
694,calm,medium,45,evening,late_night,serious,3,light,false,false,calm_connection,12,Deep Questions,conversation,0.05872,0.635
695,erotic,medium,45,late_night,long_distance,new,2,very_high,true,true,intimate_connection,9,How Well Do You Know Me,question_game,0.07622,0.664
696,romantic,low,45,evening,rough_day,just_met,2,moderate,true,false,romantic_connection,16,Watch Together,watch_together,0.29615,0.72
697,playful,very_low,5,late_night,weekend,just_met,1,light,false,false,playful_social,3,Trivia Battle,competitive_game,0.12731,0.645
698,nostalgic,very_low,5,evening,late_night,new,1,moderate,true,false,memory_connection,19,Flirty This or That,intimate_activity,0.08309,0.682
699,relaxed,medium,10,afternoon,rough_day,dating,4,light,false,false,easy_connection,22,Little Moments,memory,0.07205,0.823
700,romantic,very_high,60,afternoon,normal_day,just_met,3,moderate,true,false,romantic_connection,3,Trivia Battle,competitive_game,0.05128,0.555
701,calm,high,20,evening,weekend,serious,2,light,false,false,calm_connection,6,Scribble,creative_game,0.05651,0.72
702,sensual,very_high,10,late_night,celebration,long_term,4,high,true,true,sensual_connection,25,Playful Teasing Cards,intimate_activity,0.08429,0.738
703,low_energy,very_high,15,evening,reunion,long_term,2,light,false,false,gentle_connection,17,Couple Challenge,challenge,0.05296,0.719
704,energetic,medium,15,late_night,birthday,new,3,light,false,false,high_energy_fun,1,Rapid Fire,question_game,0.07022,0.775
705,nostalgic,low,15,evening,reunion,long_term,1,moderate,true,false,memory_connection,11,Relationship Timeline,memory,0.08197,0.812
706,energetic,high,15,morning,special_memory,serious,3,light,false,false,high_energy_fun,6,Scribble,creative_game,0.05862,0.74
707,erotic,very_low,30,evening,anniversary,serious,5,very_high,true,true,intimate_connection,20,Romantic Q&A,intimate_activity,0.10378,0.755
708,affectionate,low,45,late_night,holiday,serious,2,moderate,true,false,warm_connection,14,Date Planner,date_activity,0.07969,0.639
709,relaxed,low,30,evening,birthday,long_term,3,light,false,false,easy_connection,16,Watch Together,watch_together,0.07983,0.74
710,playful,low,10,evening,first_date,serious,5,light,false,false,playful_social,8,Two Truths and a Lie,question_game,0.08986,0.775
711,sensual,very_high,20,afternoon,valentines,just_met,2,high,true,true,sensual_connection,3,Trivia Battle,competitive_game,0.15019,0.635
712,nostalgic,very_low,10,morning,birthday,dating,2,moderate,true,false,memory_connection,24,Date Night Roulette,date_activity,0.05328,0.694
713,sensual,very_low,10,morning,date_night,just_met,4,high,true,true,sensual_connection,12,Deep Questions,conversation,0.12911,0.635
714,relaxed,medium,60,late_night,valentines,serious,1,light,false,false,easy_connection,16,Watch Together,watch_together,0.19858,0.715
715,erotic,low,5,evening,special_memory,serious,1,very_high,true,true,intimate_connection,25,Playful Teasing Cards,intimate_activity,0.11954,0.727
716,romantic,low,60,evening,holiday,serious,1,moderate,true,false,romantic_connection,16,Watch Together,watch_together,0.15152,0.66
717,erotic,low,20,late_night,anniversary,just_met,2,very_high,true,true,intimate_connection,12,Deep Questions,conversation,0.08718,0.66
718,erotic,very_low,30,afternoon,reunion,serious,3,very_high,true,true,intimate_connection,19,Flirty This or That,intimate_activity,0.07277,0.646
719,romantic,very_low,45,morning,birthday,serious,3,moderate,true,false,romantic_connection,24,Date Night Roulette,date_activity,0.11365,0.706
720,happy,low,5,afternoon,celebration,serious,3,light,false,false,positive_social,1,Rapid Fire,question_game,0.10493,0.75
721,erotic,medium,30,morning,long_distance,new,1,very_high,true,true,intimate_connection,14,Date Planner,date_activity,0.06125,0.672
722,celebratory,high,45,afternoon,valentines,just_met,2,light,false,false,celebration,3,Trivia Battle,competitive_game,0.14606,0.66
723,playful,very_high,15,morning,normal_day,dating,2,light,false,false,playful_social,8,Two Truths and a Lie,question_game,0.06259,0.69
724,erotic,very_low,10,late_night,anniversary,dating,5,very_high,true,true,intimate_connection,19,Flirty This or That,intimate_activity,0.07941,0.75
725,erotic,medium,60,late_night,rough_day,new,1,very_high,true,true,intimate_connection,25,Playful Teasing Cards,intimate_activity,0.11009,0.672
726,calm,low,15,morning,reunion,serious,5,light,false,false,calm_connection,22,Little Moments,memory,0.07349,0.86
727,sensual,high,10,afternoon,weekend,dating,3,high,true,true,sensual_connection,20,Romantic Q&A,intimate_activity,0.07426,0.726
728,deep,very_high,60,afternoon,first_date,long_term,2,light,false,false,deep_connection,16,Watch Together,watch_together,0.16154,0.585
729,deep,very_high,15,late_night,normal_day,long_term,4,light,false,false,deep_connection,11,Relationship Timeline,memory,0.05981,0.713
730,happy,very_high,60,evening,special_memory,long_term,2,light,false,false,positive_social,11,Relationship Timeline,memory,0.11831,0.589
731,playful,very_high,60,late_night,anniversary,long_term,4,light,false,false,playful_social,11,Relationship Timeline,memory,0.08383,0.613
732,romantic,very_high,15,evening,long_distance,dating,1,moderate,true,false,romantic_connection,9,How Well Do You Know Me,question_game,0.0649,0.762
733,low_energy,very_low,5,afternoon,date_night,just_met,2,light,false,false,gentle_connection,15,Music Mood,watch_together,0.11868,0.635
734,affectionate,very_low,5,late_night,celebration,serious,5,moderate,true,false,warm_connection,23,Cozy Conversation,conversation,0.10817,0.775
735,celebratory,medium,5,evening,anniversary,long_term,1,light,false,false,celebration,1,Rapid Fire,question_game,0.09677,0.715
736,affectionate,high,60,morning,reunion,just_met,3,moderate,true,false,warm_connection,16,Watch Together,watch_together,0.17073,0.61
737,relaxed,medium,60,morning,holiday,long_term,3,light,false,false,easy_connection,24,Date Night Roulette,date_activity,0.09174,0.676
738,sensual,very_low,60,evening,first_date,new,5,high,true,true,sensual_connection,20,Romantic Q&A,intimate_activity,0.15385,0.695
739,sensual,low,30,late_night,anniversary,new,5,high,true,true,sensual_connection,22,Little Moments,memory,0.07872,0.78
740,celebratory,low,30,late_night,rough_day,just_met,5,light,false,false,celebration,16,Watch Together,watch_together,0.13593,0.72
741,energetic,high,5,afternoon,special_memory,new,5,light,false,false,high_energy_fun,22,Little Moments,memory,0.09636,0.73
742,calm,low,30,late_night,just_because,dating,3,light,false,false,calm_connection,16,Watch Together,watch_together,0.07844,0.74
743,calm,medium,20,late_night,holiday,dating,5,light,false,false,calm_connection,24,Date Night Roulette,date_activity,0.06069,0.78
744,nostalgic,low,20,evening,valentines,serious,4,moderate,true,false,memory_connection,18,Truth or Dare,romantic_activity,0.0617,0.743
745,happy,very_low,15,morning,weekend,new,3,light,false,false,positive_social,17,Couple Challenge,challenge,0.06649,0.761
746,affectionate,low,60,evening,normal_day,dating,5,moderate,true,false,warm_connection,22,Little Moments,memory,0.12887,0.72
747,celebratory,very_high,10,morning,normal_day,serious,3,light,false,false,celebration,17,Couple Challenge,challenge,0.07309,0.751
748,deep,medium,30,afternoon,anniversary,dating,3,light,false,false,deep_connection,11,Relationship Timeline,memory,0.11083,0.811
749,relaxed,very_high,10,morning,rough_day,dating,4,light,false,false,easy_connection,23,Cozy Conversation,conversation,0.08913,0.773
750,sensual,very_high,60,morning,late_night,dating,1,high,true,true,sensual_connection,20,Romantic Q&A,intimate_activity,0.1934,0.657
751,celebratory,high,5,morning,just_because,dating,3,light,false,false,celebration,17,Couple Challenge,challenge,0.06283,0.696
752,relaxed,high,60,morning,holiday,new,5,light,false,false,easy_connection,6,Scribble,creative_game,0.08264,0.64
753,low_energy,high,5,evening,weekend,just_met,3,light,false,false,gentle_connection,4,Tic Tac Toe,competitive_game,0.09765,0.635
754,romantic,medium,30,afternoon,date_night,just_met,4,moderate,true,false,romantic_connection,12,Deep Questions,conversation,0.07403,0.635
755,erotic,very_high,30,morning,anniversary,serious,3,very_high,true,true,intimate_connection,19,Flirty This or That,intimate_activity,0.07492,0.646
756,romantic,low,15,morning,reunion,long_term,1,moderate,true,false,romantic_connection,24,Date Night Roulette,date_activity,0.06088,0.787
757,deep,very_low,20,late_night,special_memory,new,2,light,false,false,deep_connection,13,Future Plans,conversation,0.08079,0.774
758,affectionate,high,20,afternoon,weekend,long_term,5,moderate,true,false,warm_connection,14,Date Planner,date_activity,0.05921,0.755
759,playful,medium,60,late_night,valentines,long_term,1,light,false,false,playful_social,18,Truth or Dare,romantic_activity,0.11173,0.732
760,relaxed,high,15,evening,anniversary,dating,3,light,false,false,easy_connection,11,Relationship Timeline,memory,0.05711,0.706
761,happy,medium,10,evening,late_night,serious,5,light,false,false,positive_social,8,Two Truths and a Lie,question_game,0.05484,0.74
762,happy,low,10,evening,date_night,just_met,1,light,false,false,positive_social,3,Trivia Battle,competitive_game,0.08479,0.69
763,affectionate,very_high,10,evening,normal_day,dating,1,moderate,true,false,warm_connection,22,Little Moments,memory,0.06108,0.677
764,energetic,very_low,15,afternoon,rough_day,long_term,2,light,false,false,high_energy_fun,23,Cozy Conversation,conversation,0.06288,0.719
765,nostalgic,medium,30,late_night,late_night,new,1,moderate,true,false,memory_connection,16,Watch Together,watch_together,0.0869,0.695
766,low_energy,very_high,5,evening,date_night,just_met,3,light,false,false,gentle_connection,1,Rapid Fire,question_game,0.12706,0.635
767,sensual,very_high,15,morning,reunion,just_met,1,high,true,true,sensual_connection,1,Rapid Fire,question_game,0.10297,0.635
768,deep,medium,60,morning,normal_day,dating,4,light,false,false,deep_connection,13,Future Plans,conversation,0.11905,0.708
769,relaxed,very_high,45,morning,just_because,dating,4,light,false,false,easy_connection,15,Music Mood,watch_together,0.07143,0.585
770,nostalgic,very_low,10,afternoon,weekend,serious,5,moderate,true,false,memory_connection,23,Cozy Conversation,conversation,0.05494,0.775
771,happy,very_low,10,evening,valentines,serious,4,light,false,false,positive_social,14,Date Planner,date_activity,0.05793,0.718
772,happy,medium,45,evening,valentines,dating,2,light,false,false,positive_social,20,Romantic Q&A,intimate_activity,0.06947,0.639
773,nostalgic,medium,60,morning,celebration,dating,4,moderate,true,false,memory_connection,17,Couple Challenge,challenge,0.07957,0.663
774,happy,very_high,15,afternoon,date_night,dating,4,light,false,false,positive_social,19,Flirty This or That,intimate_activity,0.04965,0.718
775,playful,high,30,afternoon,long_distance,new,5,light,false,false,playful_social,6,Scribble,creative_game,0.08168,0.74
776,deep,very_high,15,late_night,weekend,new,2,light,false,false,deep_connection,24,Date Night Roulette,date_activity,0.05584,0.694
777,celebratory,very_high,45,afternoon,holiday,new,3,light,false,false,celebration,6,Scribble,creative_game,0.13712,0.695
778,nostalgic,low,20,afternoon,celebration,long_term,2,moderate,true,false,memory_connection,11,Relationship Timeline,memory,0.07003,0.764
779,nostalgic,very_high,45,morning,date_night,dating,2,moderate,true,false,memory_connection,14,Date Planner,date_activity,0.08076,0.614
780,erotic,medium,20,late_night,birthday,serious,3,very_high,true,true,intimate_connection,19,Flirty This or That,intimate_activity,0.08489,0.776
781,affectionate,very_low,10,afternoon,normal_day,long_term,5,moderate,true,false,warm_connection,22,Little Moments,memory,0.07073,0.775
782,celebratory,very_high,10,afternoon,anniversary,just_met,3,light,false,false,celebration,1,Rapid Fire,question_game,0.09689,0.715
783,erotic,high,10,late_night,rough_day,dating,2,very_high,true,true,intimate_connection,22,Little Moments,memory,0.06986,0.694
784,energetic,high,10,afternoon,anniversary,new,1,light,false,false,high_energy_fun,3,Trivia Battle,competitive_game,0.07112,0.74
785,happy,medium,20,afternoon,rough_day,new,2,light,false,false,positive_social,23,Cozy Conversation,conversation,0.06449,0.719
786,energetic,very_high,20,evening,holiday,serious,2,light,false,false,high_energy_fun,6,Scribble,creative_game,0.08778,0.775
787,erotic,very_low,30,late_night,rough_day,dating,4,very_high,true,true,intimate_connection,18,Truth or Dare,romantic_activity,0.08502,0.738
788,sensual,very_high,30,morning,weekend,just_met,4,high,true,true,sensual_connection,3,Trivia Battle,competitive_game,0.13562,0.695
789,happy,low,30,late_night,rough_day,just_met,5,light,false,false,positive_social,16,Watch Together,watch_together,0.15106,0.72
790,erotic,very_low,10,evening,reunion,serious,3,very_high,true,true,intimate_connection,25,Playful Teasing Cards,intimate_activity,0.08189,0.726
791,deep,high,10,late_night,birthday,long_term,1,light,false,false,deep_connection,12,Deep Questions,conversation,0.06738,0.69
792,romantic,high,60,late_night,first_date,long_term,1,moderate,true,false,romantic_connection,16,Watch Together,watch_together,0.20601,0.61
793,celebratory,very_high,10,late_night,long_distance,dating,4,light,false,false,celebration,17,Couple Challenge,challenge,0.06262,0.763
794,energetic,very_high,45,afternoon,just_because,serious,1,light,false,false,high_energy_fun,3,Trivia Battle,competitive_game,0.13534,0.635
795,sensual,low,45,morning,first_date,just_met,4,high,true,true,sensual_connection,16,Watch Together,watch_together,0.21834,0.66
796,playful,very_high,45,late_night,rough_day,long_term,5,light,false,false,playful_social,3,Trivia Battle,competitive_game,0.07261,0.635
797,relaxed,very_high,20,morning,special_memory,new,3,light,false,false,easy_connection,11,Relationship Timeline,memory,0.06702,0.681
798,low_energy,low,10,afternoon,date_night,just_met,4,light,false,false,gentle_connection,15,Music Mood,watch_together,0.06178,0.74
799,sensual,high,15,afternoon,first_date,new,2,high,true,true,sensual_connection,19,Flirty This or That,intimate_activity,0.0815,0.739
800,erotic,medium,5,late_night,reunion,serious,5,very_high,true,true,intimate_connection,23,Cozy Conversation,conversation,0.08667,0.775
801,celebratory,high,10,afternoon,late_night,serious,4,light,false,false,celebration,1,Rapid Fire,question_game,0.05484,0.74
802,playful,very_high,30,morning,anniversary,long_term,3,light,false,false,playful_social,3,Trivia Battle,competitive_game,0.07641,0.715
803,nostalgic,low,5,afternoon,date_night,just_met,3,moderate,true,false,memory_connection,2,This or That,question_game,0.1222,0.635
804,happy,very_high,60,evening,valentines,just_met,1,light,false,false,positive_social,16,Watch Together,watch_together,0.23077,0.585
805,romantic,low,45,evening,late_night,long_term,5,moderate,true,false,romantic_connection,10,Memory Lane,memory,0.06019,0.72
806,romantic,high,45,evening,just_because,just_met,1,moderate,true,false,romantic_connection,3,Trivia Battle,competitive_game,0.0936,0.58
807,calm,medium,20,morning,special_memory,serious,5,light,false,false,calm_connection,10,Memory Lane,memory,0.08084,0.835
808,energetic,low,5,evening,valentines,long_term,4,light,false,false,high_energy_fun,1,Rapid Fire,question_game,0.07659,0.69
809,sensual,low,30,morning,first_date,long_term,5,high,true,true,sensual_connection,25,Playful Teasing Cards,intimate_activity,0.07722,0.695
810,energetic,very_high,60,evening,long_distance,long_term,3,light,false,false,high_energy_fun,16,Watch Together,watch_together,0.15652,0.645
811,celebratory,very_high,15,afternoon,late_night,long_term,4,light,false,false,celebration,3,Trivia Battle,competitive_game,0.05347,0.715
812,low_energy,high,20,afternoon,just_because,long_term,2,light,false,false,gentle_connection,16,Watch Together,watch_together,0.05742,0.69
813,affectionate,very_low,5,morning,reunion,just_met,2,moderate,true,false,warm_connection,2,This or That,question_game,0.10784,0.61
814,relaxed,high,5,evening,valentines,long_term,2,light,false,false,easy_connection,19,Flirty This or That,intimate_activity,0.08961,0.719
815,affectionate,medium,15,morning,birthday,dating,5,moderate,true,false,warm_connection,23,Cozy Conversation,conversation,0.05368,0.775
816,erotic,very_low,5,evening,valentines,serious,5,very_high,true,true,intimate_connection,20,Romantic Q&A,intimate_activity,0.11775,0.755
817,happy,low,10,evening,holiday,dating,4,light,false,false,positive_social,24,Date Night Roulette,date_activity,0.05991,0.743
818,erotic,very_low,45,afternoon,reunion,new,4,very_high,true,true,intimate_connection,10,Memory Lane,memory,0.0859,0.663
819,nostalgic,medium,20,late_night,just_because,just_met,5,moderate,true,false,memory_connection,8,Two Truths and a Lie,question_game,0.06522,0.66
820,sensual,medium,30,morning,anniversary,long_term,3,high,true,true,sensual_connection,22,Little Moments,memory,0.07376,0.731
821,erotic,medium,5,afternoon,birthday,just_met,3,very_high,true,true,intimate_connection,1,Rapid Fire,question_game,0.09302,0.695
822,low_energy,very_high,60,afternoon,late_night,long_term,4,light,false,false,gentle_connection,16,Watch Together,watch_together,0.25455,0.725
823,playful,medium,45,evening,rough_day,just_met,3,light,false,false,playful_social,6,Scribble,creative_game,0.11613,0.635
824,energetic,low,15,late_night,holiday,dating,2,light,false,false,high_energy_fun,17,Couple Challenge,challenge,0.06766,0.774
825,romantic,very_low,15,morning,special_memory,new,1,moderate,true,false,romantic_connection,13,Future Plans,conversation,0.06405,0.762
826,happy,high,30,afternoon,anniversary,dating,4,light,false,false,positive_social,10,Memory Lane,memory,0.05752,0.638
827,nostalgic,medium,60,evening,date_night,just_met,5,moderate,true,false,memory_connection,2,This or That,question_game,0.06711,0.58
828,romantic,low,45,morning,reunion,serious,5,moderate,true,false,romantic_connection,10,Memory Lane,memory,0.11073,0.78
829,deep,very_low,45,morning,valentines,serious,1,light,false,false,deep_connection,12,Deep Questions,conversation,0.1295,0.635
830,erotic,medium,5,evening,celebration,new,3,very_high,true,true,intimate_connection,19,Flirty This or That,intimate_activity,0.11754,0.776
831,deep,medium,30,evening,special_memory,serious,1,light,false,false,deep_connection,11,Relationship Timeline,memory,0.12496,0.787
832,romantic,medium,5,morning,late_night,long_term,5,moderate,true,false,romantic_connection,23,Cozy Conversation,conversation,0.09735,0.835
833,nostalgic,medium,30,evening,birthday,new,3,moderate,true,false,memory_connection,3,Trivia Battle,competitive_game,0.07063,0.695
834,romantic,very_low,15,evening,weekend,serious,1,moderate,true,false,romantic_connection,14,Date Planner,date_activity,0.0698,0.762
835,energetic,very_low,5,late_night,normal_day,just_met,4,light,false,false,high_energy_fun,4,Tic Tac Toe,competitive_game,0.19024,0.69
836,sensual,very_high,30,late_night,late_night,dating,3,high,true,true,sensual_connection,25,Playful Teasing Cards,intimate_activity,0.1128,0.706
837,affectionate,very_high,5,late_night,late_night,new,1,moderate,true,false,warm_connection,19,Flirty This or That,intimate_activity,0.08735,0.682
838,sensual,high,5,late_night,birthday,serious,4,high,true,true,sensual_connection,19,Flirty This or That,intimate_activity,0.11698,0.763
839,affectionate,low,60,evening,just_because,dating,4,moderate,true,false,warm_connection,16,Watch Together,watch_together,0.1165,0.66
840,low_energy,medium,60,evening,reunion,serious,1,light,false,false,gentle_connection,16,Watch Together,watch_together,0.21461,0.715
841,playful,medium,20,late_night,holiday,new,3,light,false,false,playful_social,8,Two Truths and a Lie,question_game,0.05943,0.74
842,celebratory,very_high,10,morning,long_distance,just_met,3,light,false,false,celebration,6,Scribble,creative_game,0.09385,0.715
843,playful,medium,30,late_night,long_distance,long_term,4,light,false,false,playful_social,12,Deep Questions,conversation,0.06771,0.695
844,affectionate,very_high,10,late_night,long_distance,just_met,3,moderate,true,false,warm_connection,12,Deep Questions,conversation,0.08247,0.645
845,sensual,very_high,20,late_night,late_night,dating,5,high,true,true,sensual_connection,23,Cozy Conversation,conversation,0.08588,0.785
846,romantic,very_low,45,late_night,first_date,long_term,5,moderate,true,false,romantic_connection,9,How Well Do You Know Me,question_game,0.11385,0.73
847,nostalgic,very_low,60,late_night,date_night,dating,4,moderate,true,false,memory_connection,10,Memory Lane,memory,0.0989,0.683
848,playful,very_high,60,late_night,valentines,serious,1,light,false,false,playful_social,18,Truth or Dare,romantic_activity,0.11852,0.682
849,romantic,very_high,60,morning,special_memory,new,2,moderate,true,false,romantic_connection,13,Future Plans,conversation,0.12554,0.694
850,deep,high,30,late_night,anniversary,new,3,light,false,false,deep_connection,10,Memory Lane,memory,0.08655,0.706
851,erotic,medium,20,evening,first_date,long_term,1,very_high,true,true,intimate_connection,20,Romantic Q&A,intimate_activity,0.08774,0.727
852,nostalgic,high,60,afternoon,holiday,dating,1,moderate,true,false,memory_connection,3,Trivia Battle,competitive_game,0.12012,0.64
853,nostalgic,very_low,5,evening,first_date,dating,1,moderate,true,false,memory_connection,2,This or That,question_game,0.17687,0.67
854,sensual,very_high,20,evening,rough_day,serious,4,high,true,true,sensual_connection,23,Cozy Conversation,conversation,0.09789,0.773
855,nostalgic,low,45,afternoon,reunion,new,2,moderate,true,false,memory_connection,11,Relationship Timeline,memory,0.14333,0.744
856,calm,high,10,evening,holiday,new,2,light,false,false,calm_connection,14,Date Planner,date_activity,0.05853,0.719
857,low_energy,very_low,10,late_night,celebration,serious,2,light,false,false,gentle_connection,23,Cozy Conversation,conversation,0.06869,0.739
858,low_energy,high,60,late_night,just_because,long_term,4,light,false,false,gentle_connection,10,Memory Lane,memory,0.07739,0.658
859,energetic,very_high,20,late_night,long_distance,dating,2,light,false,false,high_energy_fun,3,Trivia Battle,competitive_game,0.06471,0.715
860,celebratory,very_low,30,late_night,holiday,new,5,light,false,false,celebration,3,Trivia Battle,competitive_game,0.09786,0.725
861,nostalgic,very_high,15,morning,normal_day,long_term,4,moderate,true,false,memory_connection,23,Cozy Conversation,conversation,0.05329,0.713
862,playful,very_high,20,morning,date_night,long_term,3,light,false,false,playful_social,8,Two Truths and a Lie,question_game,0.05631,0.69
863,playful,very_high,30,morning,anniversary,serious,1,light,false,false,playful_social,11,Relationship Timeline,memory,0.08362,0.657
864,nostalgic,very_high,15,morning,just_because,dating,5,moderate,true,false,memory_connection,24,Date Night Roulette,date_activity,0.05267,0.73
865,energetic,high,30,late_night,late_night,dating,4,light,false,false,high_energy_fun,6,Scribble,creative_game,0.08444,0.74
866,erotic,medium,15,afternoon,normal_day,long_term,3,very_high,true,true,intimate_connection,18,Truth or Dare,romantic_activity,0.07402,0.776
867,celebratory,medium,5,late_night,late_night,new,5,light,false,false,celebration,19,Flirty This or That,intimate_activity,0.08101,0.78
868,deep,very_high,5,evening,reunion,just_met,2,light,false,false,deep_connection,4,Tic Tac Toe,competitive_game,0.13296,0.61
869,erotic,medium,15,afternoon,late_night,dating,3,very_high,true,true,intimate_connection,18,Truth or Dare,romantic_activity,0.06524,0.776
870,happy,very_low,30,afternoon,just_because,long_term,2,light,false,false,positive_social,3,Trivia Battle,competitive_game,0.06833,0.665
871,calm,low,15,afternoon,reunion,new,5,light,false,false,calm_connection,11,Relationship Timeline,memory,0.05088,0.78
872,calm,very_low,10,afternoon,holiday,serious,4,light,false,false,calm_connection,24,Date Night Roulette,date_activity,0.05832,0.718
873,affectionate,high,45,afternoon,anniversary,long_term,3,moderate,true,false,warm_connection,10,Memory Lane,memory,0.12153,0.706
874,deep,very_low,5,afternoon,reunion,serious,4,light,false,false,deep_connection,22,Little Moments,memory,0.10229,0.743
875,sensual,very_high,10,late_night,celebration,serious,4,high,true,true,sensual_connection,19,Flirty This or That,intimate_activity,0.08429,0.738
876,nostalgic,high,5,evening,just_because,serious,4,moderate,true,false,memory_connection,2,This or That,question_game,0.07923,0.695
877,nostalgic,very_low,5,evening,holiday,serious,5,moderate,true,false,memory_connection,21,Compliment Challenge,romantic_activity,0.06214,0.695
878,deep,medium,15,evening,special_memory,just_met,3,light,false,false,deep_connection,12,Deep Questions,conversation,0.08584,0.715
879,relaxed,high,60,afternoon,rough_day,long_term,2,light,false,false,easy_connection,15,Music Mood,watch_together,0.12854,0.67
880,low_energy,low,15,morning,celebration,just_met,1,light,false,false,gentle_connection,15,Music Mood,watch_together,0.11013,0.74
881,playful,very_high,5,late_night,valentines,new,3,light,false,false,playful_social,1,Rapid Fire,question_game,0.09457,0.715
882,happy,very_low,30,morning,normal_day,long_term,2,light,false,false,positive_social,15,Music Mood,watch_together,0.06947,0.635
883,low_energy,very_low,45,morning,first_date,long_term,2,light,false,false,gentle_connection,15,Music Mood,watch_together,0.1374,0.635
884,erotic,very_high,60,afternoon,just_because,just_met,2,very_high,true,true,intimate_connection,16,Watch Together,watch_together,0.20455,0.585
885,energetic,very_low,45,late_night,just_because,dating,4,light,false,false,high_energy_fun,6,Scribble,creative_game,0.08046,0.585
886,low_energy,medium,15,afternoon,special_memory,just_met,3,light,false,false,gentle_connection,15,Music Mood,watch_together,0.08484,0.715
887,relaxed,high,15,morning,birthday,dating,2,light,false,false,easy_connection,6,Scribble,creative_game,0.05535,0.72
888,energetic,low,30,late_night,date_night,serious,1,light,false,false,high_energy_fun,3,Trivia Battle,competitive_game,0.08475,0.69
889,erotic,high,10,morning,just_because,serious,3,very_high,true,true,intimate_connection,18,Truth or Dare,romantic_activity,0.08384,0.811
890,playful,very_low,30,evening,special_memory,serious,1,light,false,false,playful_social,15,Music Mood,watch_together,0.06321,0.635
891,romantic,very_low,5,late_night,birthday,new,3,moderate,true,false,romantic_connection,22,Little Moments,memory,0.05844,0.671
892,celebratory,very_low,30,late_night,reunion,serious,4,light,false,false,celebration,3,Trivia Battle,competitive_game,0.06714,0.665
893,erotic,very_low,30,afternoon,normal_day,serious,4,very_high,true,true,intimate_connection,18,Truth or Dare,romantic_activity,0.10621,0.738
894,nostalgic,medium,15,evening,long_distance,just_met,1,moderate,true,false,memory_connection,15,Music Mood,watch_together,0.08974,0.695
895,calm,very_low,60,late_night,special_memory,dating,2,light,false,false,calm_connection,10,Memory Lane,memory,0.17178,0.719
896,happy,high,45,afternoon,birthday,serious,1,light,false,false,positive_social,1,Rapid Fire,question_game,0.13657,0.72
897,calm,high,5,late_night,rough_day,new,2,light,false,false,calm_connection,23,Cozy Conversation,conversation,0.13155,0.774
898,happy,very_high,10,late_night,long_distance,just_met,5,light,false,false,positive_social,3,Trivia Battle,competitive_game,0.09069,0.715
899,energetic,very_high,60,late_night,normal_day,just_met,3,light,false,false,high_energy_fun,1,Rapid Fire,question_game,0.16604,0.635
900,erotic,very_low,20,morning,anniversary,long_term,4,very_high,true,true,intimate_connection,25,Playful Teasing Cards,intimate_activity,0.07916,0.738
901,nostalgic,low,45,afternoon,just_because,just_met,1,moderate,true,false,memory_connection,15,Music Mood,watch_together,0.10067,0.58
902,energetic,very_low,20,morning,anniversary,new,1,light,false,false,high_energy_fun,10,Memory Lane,memory,0.06716,0.707
903,happy,medium,60,morning,reunion,long_term,2,light,false,false,positive_social,8,Two Truths and a Lie,question_game,0.07619,0.66
904,playful,very_low,5,late_night,late_night,long_term,2,light,false,false,playful_social,25,Playful Teasing Cards,intimate_activity,0.10273,0.774
905,affectionate,high,15,late_night,valentines,just_met,5,moderate,true,false,warm_connection,1,Rapid Fire,question_game,0.05535,0.66
906,calm,low,60,morning,late_night,new,3,light,false,false,calm_connection,16,Watch Together,watch_together,0.20725,0.8
907,deep,low,60,late_night,date_night,dating,5,light,false,false,deep_connection,13,Future Plans,conversation,0.10979,0.755
908,affectionate,very_high,5,afternoon,first_date,long_term,4,moderate,true,false,warm_connection,23,Cozy Conversation,conversation,0.1042,0.713
909,happy,high,5,morning,normal_day,new,1,light,false,false,positive_social,4,Tic Tac Toe,competitive_game,0.09945,0.635
910,celebratory,medium,20,late_night,rough_day,new,2,light,false,false,celebration,23,Cozy Conversation,conversation,0.06108,0.719
911,deep,very_high,20,late_night,anniversary,new,5,light,false,false,deep_connection,13,Future Plans,conversation,0.08662,0.81
912,celebratory,low,45,late_night,late_night,just_met,3,light,false,false,celebration,16,Watch Together,watch_together,0.27383,0.72
913,happy,very_high,10,afternoon,first_date,long_term,1,light,false,false,positive_social,1,Rapid Fire,question_game,0.09024,0.715
914,erotic,very_high,30,afternoon,reunion,new,3,very_high,true,true,intimate_connection,18,Truth or Dare,romantic_activity,0.12241,0.786
915,playful,low,45,late_night,reunion,new,2,light,false,false,playful_social,10,Memory Lane,memory,0.07545,0.664
916,happy,very_low,45,evening,birthday,new,4,light,false,false,positive_social,3,Trivia Battle,competitive_game,0.11538,0.645
917,celebratory,high,5,morning,rough_day,just_met,5,light,false,false,celebration,1,Rapid Fire,question_game,0.15464,0.74
918,erotic,very_low,20,morning,first_date,new,4,very_high,true,true,intimate_connection,25,Playful Teasing Cards,intimate_activity,0.09122,0.738
919,calm,high,10,evening,anniversary,just_met,3,light,false,false,calm_connection,12,Deep Questions,conversation,0.07879,0.69
920,affectionate,high,60,afternoon,long_distance,new,1,moderate,true,false,warm_connection,22,Little Moments,memory,0.12245,0.682
921,energetic,very_low,20,afternoon,anniversary,long_term,4,light,false,false,high_energy_fun,10,Memory Lane,memory,0.06772,0.743
922,calm,low,20,afternoon,celebration,dating,3,light,false,false,calm_connection,23,Cozy Conversation,conversation,0.06287,0.776
923,romantic,very_low,45,morning,birthday,new,1,moderate,true,false,romantic_connection,6,Scribble,creative_game,0.08443,0.565
924,energetic,high,10,evening,anniversary,dating,5,light,false,false,high_energy_fun,1,Rapid Fire,question_game,0.05914,0.74
925,erotic,very_high,10,afternoon,first_date,serious,5,very_high,true,true,intimate_connection,20,Romantic Q&A,intimate_activity,0.08679,0.725
926,affectionate,very_high,20,late_night,birthday,just_met,4,moderate,true,false,warm_connection,1,Rapid Fire,question_game,0.06998,0.615
927,affectionate,low,15,late_night,late_night,new,5,moderate,true,false,warm_connection,10,Memory Lane,memory,0.05117,0.8
928,celebratory,very_low,20,morning,normal_day,serious,5,light,false,false,celebration,17,Couple Challenge,challenge,0.06378,0.725
929,nostalgic,high,20,morning,reunion,serious,2,moderate,true,false,memory_connection,10,Memory Lane,memory,0.08831,0.774
930,erotic,very_low,45,late_night,anniversary,new,3,very_high,true,true,intimate_connection,11,Relationship Timeline,memory,0.09737,0.651
931,low_energy,very_low,5,late_night,celebration,dating,2,light,false,false,gentle_connection,1,Rapid Fire,question_game,0.08054,0.645
932,celebratory,very_high,5,late_night,reunion,new,4,light,false,false,celebration,1,Rapid Fire,question_game,0.09449,0.715
933,calm,high,45,morning,holiday,just_met,4,light,false,false,calm_connection,15,Music Mood,watch_together,0.11457,0.61
934,calm,very_high,5,evening,long_distance,dating,5,light,false,false,calm_connection,12,Deep Questions,conversation,0.07528,0.645
935,erotic,low,60,morning,late_night,dating,1,very_high,true,true,intimate_connection,25,Playful Teasing Cards,intimate_activity,0.17769,0.707
936,low_energy,medium,5,morning,long_distance,dating,4,light,false,false,gentle_connection,10,Memory Lane,memory,0.07362,0.743
937,calm,medium,10,morning,weekend,new,2,light,false,false,calm_connection,3,Trivia Battle,competitive_game,0.04839,0.695
938,affectionate,very_high,5,late_night,rough_day,long_term,2,moderate,true,false,warm_connection,10,Memory Lane,memory,0.06927,0.669
939,erotic,low,15,evening,just_because,dating,5,very_high,true,true,intimate_connection,25,Playful Teasing Cards,intimate_activity,0.07853,0.775
940,deep,very_low,5,evening,valentines,serious,4,light,false,false,deep_connection,23,Cozy Conversation,conversation,0.08493,0.763
941,playful,high,45,evening,reunion,long_term,3,light,false,false,playful_social,1,Rapid Fire,question_game,0.07019,0.66
942,sensual,very_low,10,late_night,first_date,just_met,4,high,true,true,sensual_connection,2,This or That,question_game,0.0795,0.67
943,deep,very_low,5,afternoon,birthday,just_met,2,light,false,false,deep_connection,2,This or That,question_game,0.12698,0.61
944,affectionate,very_high,45,morning,birthday,serious,5,moderate,true,false,warm_connection,24,Date Night Roulette,date_activity,0.07922,0.65
945,energetic,medium,20,late_night,rough_day,just_met,3,light,false,false,high_energy_fun,3,Trivia Battle,competitive_game,0.08995,0.715
946,happy,low,60,evening,long_distance,long_term,3,light,false,false,positive_social,12,Deep Questions,conversation,0.07984,0.64
947,erotic,medium,20,late_night,reunion,dating,5,very_high,true,true,intimate_connection,18,Truth or Dare,romantic_activity,0.08714,0.86
948,erotic,medium,10,evening,anniversary,serious,3,very_high,true,true,intimate_connection,21,Compliment Challenge,romantic_activity,0.07412,0.811
949,erotic,very_low,10,evening,birthday,serious,2,very_high,true,true,intimate_connection,25,Playful Teasing Cards,intimate_activity,0.08483,0.714
950,romantic,very_high,15,afternoon,date_night,new,2,moderate,true,false,romantic_connection,18,Truth or Dare,romantic_activity,0.06876,0.774
951,happy,medium,30,afternoon,reunion,dating,3,light,false,false,positive_social,18,Truth or Dare,romantic_activity,0.07697,0.756
952,nostalgic,very_low,45,evening,valentines,new,3,moderate,true,false,memory_connection,10,Memory Lane,memory,0.09625,0.671
953,romantic,very_high,15,morning,just_because,just_met,4,moderate,true,false,romantic_connection,6,Scribble,creative_game,0.05967,0.635
954,erotic,low,20,evening,date_night,just_met,5,very_high,true,true,intimate_connection,12,Deep Questions,conversation,0.0658,0.66
955,calm,medium,20,evening,special_memory,long_term,2,light,false,false,calm_connection,23,Cozy Conversation,conversation,0.05688,0.739
956,sensual,high,15,morning,rough_day,serious,1,high,true,true,sensual_connection,20,Romantic Q&A,intimate_activity,0.09302,0.762
957,nostalgic,very_low,15,morning,long_distance,long_term,2,moderate,true,false,memory_connection,22,Little Moments,memory,0.08354,0.799
958,playful,medium,5,afternoon,late_night,long_term,2,light,false,false,playful_social,19,Flirty This or That,intimate_activity,0.07853,0.744
959,erotic,medium,10,morning,first_date,long_term,4,very_high,true,true,intimate_connection,9,How Well Do You Know Me,question_game,0.06988,0.768
960,playful,very_high,20,afternoon,reunion,dating,5,light,false,false,playful_social,6,Scribble,creative_game,0.06361,0.715
961,happy,medium,20,afternoon,rough_day,serious,3,light,false,false,positive_social,15,Music Mood,watch_together,0.05829,0.695
962,happy,medium,15,evening,birthday,serious,5,light,false,false,positive_social,1,Rapid Fire,question_game,0.06224,0.775
963,sensual,high,45,late_night,special_memory,serious,3,high,true,true,sensual_connection,22,Little Moments,memory,0.10737,0.706
964,sensual,high,45,late_night,date_night,long_term,5,high,true,true,sensual_connection,19,Flirty This or That,intimate_activity,0.12214,0.755
965,affectionate,medium,20,evening,first_date,long_term,4,moderate,true,false,warm_connection,9,How Well Do You Know Me,question_game,0.07589,0.848
966,relaxed,medium,20,afternoon,weekend,serious,5,light,false,false,easy_connection,23,Cozy Conversation,conversation,0.05705,0.775
967,romantic,low,10,late_night,birthday,long_term,4,moderate,true,false,romantic_connection,24,Date Night Roulette,date_activity,0.0671,0.823
968,deep,very_high,15,late_night,weekend,serious,2,light,false,false,deep_connection,17,Couple Challenge,challenge,0.05964,0.719
969,happy,low,15,evening,celebration,serious,1,light,false,false,positive_social,17,Couple Challenge,challenge,0.06499,0.762
970,deep,high,10,late_night,just_because,new,1,light,false,false,deep_connection,12,Deep Questions,conversation,0.06843,0.69
971,deep,high,5,evening,late_night,serious,5,light,false,false,deep_connection,19,Flirty This or That,intimate_activity,0.08227,0.755
972,deep,high,45,morning,valentines,long_term,5,light,false,false,deep_connection,18,Truth or Dare,romantic_activity,0.08715,0.675
973,deep,low,30,morning,date_night,dating,4,light,false,false,deep_connection,24,Date Night Roulette,date_activity,0.07163,0.743
974,romantic,medium,10,morning,birthday,dating,4,moderate,true,false,romantic_connection,14,Date Planner,date_activity,0.05169,0.788
975,calm,very_low,15,evening,weekend,just_met,5,light,false,false,calm_connection,12,Deep Questions,conversation,0.09232,0.715
976,low_energy,low,60,morning,late_night,new,5,light,false,false,gentle_connection,23,Cozy Conversation,conversation,0.14901,0.78
977,calm,medium,15,evening,first_date,long_term,5,light,false,false,calm_connection,2,This or That,question_game,0.0616,0.72
978,romantic,very_low,10,evening,valentines,serious,4,moderate,true,false,romantic_connection,18,Truth or Dare,romantic_activity,0.07669,0.798
979,romantic,very_low,10,afternoon,weekend,new,2,moderate,true,false,romantic_connection,20,Romantic Q&A,intimate_activity,0.05237,0.739
980,nostalgic,very_high,45,morning,long_distance,serious,1,moderate,true,false,memory_connection,16,Watch Together,watch_together,0.18981,0.645
981,romantic,very_low,20,evening,birthday,dating,2,moderate,true,false,romantic_connection,23,Cozy Conversation,conversation,0.05635,0.739
982,celebratory,very_high,60,evening,date_night,dating,1,light,false,false,celebration,1,Rapid Fire,question_game,0.09687,0.635
983,playful,low,10,afternoon,rough_day,new,3,light,false,false,playful_social,23,Cozy Conversation,conversation,0.06271,0.756
984,romantic,very_low,20,morning,first_date,just_met,4,moderate,true,false,romantic_connection,16,Watch Together,watch_together,0.08372,0.635
985,happy,low,5,morning,special_memory,long_term,5,light,false,false,positive_social,22,Little Moments,memory,0.1147,0.78
986,playful,medium,5,morning,birthday,just_met,1,light,false,false,playful_social,3,Trivia Battle,competitive_game,0.1265,0.695
987,celebratory,low,30,afternoon,date_night,dating,1,light,false,false,celebration,18,Truth or Dare,romantic_activity,0.10113,0.787
988,sensual,medium,30,evening,valentines,new,5,high,true,true,sensual_connection,25,Playful Teasing Cards,intimate_activity,0.09843,0.78
989,celebratory,low,30,morning,first_date,long_term,1,light,false,false,celebration,6,Scribble,creative_game,0.1013,0.69
990,sensual,low,15,afternoon,just_because,long_term,1,high,true,true,sensual_connection,21,Compliment Challenge,romantic_activity,0.06798,0.752
991,playful,low,30,late_night,valentines,long_term,2,light,false,false,playful_social,14,Date Planner,date_activity,0.07082,0.719
992,playful,low,60,evening,long_distance,serious,2,light,false,false,playful_social,2,This or That,question_game,0.07051,0.635
993,relaxed,very_low,60,evening,first_date,serious,1,light,false,false,easy_connection,2,This or That,question_game,0.19917,0.67
994,energetic,medium,45,evening,weekend,just_met,1,light,false,false,high_energy_fun,6,Scribble,creative_game,0.17201,0.695
995,playful,high,15,late_night,late_night,dating,4,light,false,false,playful_social,1,Rapid Fire,question_game,0.05679,0.74
996,relaxed,medium,60,late_night,anniversary,just_met,4,light,false,false,easy_connection,16,Watch Together,watch_together,0.08696,0.715
997,calm,low,5,late_night,celebration,just_met,4,light,false,false,calm_connection,12,Deep Questions,conversation,0.09928,0.66
998,low_energy,very_low,5,afternoon,long_distance,serious,5,light,false,false,gentle_connection,16,Watch Together,watch_together,0.07798,0.695
999,sensual,low,5,evening,anniversary,dating,2,high,true,true,sensual_connection,19,Flirty This or That,intimate_activity,0.1,0.739
1000,relaxed,very_low,10,late_night,rough_day,serious,3,light,false,false,easy_connection,10,Memory Lane,memory,0.0748,0.811
1001,erotic,very_high,30,evening,special_memory,serious,3,very_high,true,true,intimate_connection,19,Flirty This or That,intimate_activity,0.0793,0.646
1002,celebratory,high,20,evening,date_night,serious,1,light,false,false,celebration,18,Truth or Dare,romantic_activity,0.07434,0.787
1003,energetic,high,10,afternoon,normal_day,just_met,1,light,false,false,high_energy_fun,4,Tic Tac Toe,competitive_game,0.10593,0.715
1004,energetic,very_low,10,late_night,late_night,dating,2,light,false,false,high_energy_fun,23,Cozy Conversation,conversation,0.0544,0.719
1005,celebratory,very_low,60,morning,celebration,long_term,4,light,false,false,celebration,1,Rapid Fire,question_game,0.11845,0.645
1006,affectionate,medium,45,late_night,reunion,long_term,3,moderate,true,false,warm_connection,16,Watch Together,watch_together,0.07304,0.635
1007,erotic,very_high,30,morning,special_memory,just_met,4,very_high,true,true,intimate_connection,3,Trivia Battle,competitive_game,0.07825,0.635
1008,playful,high,20,evening,holiday,serious,4,light,false,false,playful_social,17,Couple Challenge,challenge,0.07511,0.848
1009,happy,low,30,evening,just_because,new,4,light,false,false,positive_social,18,Truth or Dare,romantic_activity,0.06966,0.743
1010,deep,high,20,morning,late_night,serious,5,light,false,false,deep_connection,10,Memory Lane,memory,0.05543,0.75
1011,celebratory,high,20,afternoon,weekend,just_met,4,light,false,false,celebration,6,Scribble,creative_game,0.12333,0.8
1012,celebratory,high,30,evening,special_memory,dating,3,light,false,false,celebration,11,Relationship Timeline,memory,0.08527,0.706
1013,celebratory,very_low,10,evening,valentines,long_term,1,light,false,false,celebration,21,Compliment Challenge,romantic_activity,0.0556,0.707
1014,low_energy,medium,20,morning,long_distance,dating,3,light,false,false,gentle_connection,15,Music Mood,watch_together,0.07283,0.775
1015,happy,low,10,afternoon,celebration,dating,5,light,false,false,positive_social,17,Couple Challenge,challenge,0.06928,0.81
1016,sensual,very_low,60,evening,first_date,dating,2,high,true,true,sensual_connection,20,Romantic Q&A,intimate_activity,0.15385,0.659
1017,calm,very_low,20,late_night,late_night,long_term,4,light,false,false,calm_connection,16,Watch Together,watch_together,0.07673,0.775
1018,sensual,high,30,morning,valentines,serious,5,high,true,true,sensual_connection,19,Flirty This or That,intimate_activity,0.10808,0.755
1019,celebratory,very_low,60,late_night,first_date,new,3,light,false,false,celebration,16,Watch Together,watch_together,0.19081,0.635
1020,erotic,medium,10,evening,valentines,serious,2,very_high,true,true,intimate_connection,25,Playful Teasing Cards,intimate_activity,0.09982,0.824
1021,erotic,very_low,60,afternoon,birthday,dating,1,very_high,true,true,intimate_connection,19,Flirty This or That,intimate_activity,0.14769,0.622
1022,celebratory,high,60,afternoon,late_night,just_met,5,light,false,false,celebration,16,Watch Together,watch_together,0.2699,0.67
1023,calm,medium,5,late_night,long_distance,new,3,light,false,false,calm_connection,12,Deep Questions,conversation,0.06631,0.695
1024,low_energy,medium,30,evening,long_distance,long_term,3,light,false,false,gentle_connection,15,Music Mood,watch_together,0.09617,0.775
1025,relaxed,medium,30,late_night,celebration,long_term,2,light,false,false,easy_connection,16,Watch Together,watch_together,0.07123,0.715
1026,low_energy,very_high,60,afternoon,late_night,serious,2,light,false,false,gentle_connection,15,Music Mood,watch_together,0.11818,0.645
1027,sensual,high,15,late_night,just_because,long_term,1,high,true,true,sensual_connection,25,Playful Teasing Cards,intimate_activity,0.0815,0.727
1028,calm,high,10,afternoon,date_night,dating,4,light,false,false,calm_connection,14,Date Planner,date_activity,0.0543,0.743
1029,playful,low,60,late_night,birthday,dating,2,light,false,false,playful_social,6,Scribble,creative_game,0.12035,0.67
1030,celebratory,low,20,afternoon,first_date,new,2,light,false,false,celebration,8,Two Truths and a Lie,question_game,0.08902,0.775
1031,erotic,medium,20,late_night,weekend,serious,4,very_high,true,true,intimate_connection,14,Date Planner,date_activity,0.07423,0.768
1032,happy,low,10,evening,date_night,just_met,3,light,false,false,positive_social,3,Trivia Battle,competitive_game,0.067,0.69
1033,deep,very_high,10,morning,rough_day,serious,1,light,false,false,deep_connection,23,Cozy Conversation,conversation,0.08252,0.737
1034,playful,medium,30,evening,holiday,just_met,4,light,false,false,playful_social,5,Connect Four,competitive_game,0.07031,0.66
1035,low_energy,very_low,20,afternoon,anniversary,just_met,5,light,false,false,gentle_connection,15,Music Mood,watch_together,0.09406,0.715
1036,playful,very_high,45,evening,reunion,just_met,2,light,false,false,playful_social,3,Trivia Battle,competitive_game,0.13566,0.635
1037,erotic,medium,15,late_night,special_memory,new,4,very_high,true,true,intimate_connection,25,Playful Teasing Cards,intimate_activity,0.0778,0.788
1038,playful,low,10,evening,reunion,serious,3,light,false,false,playful_social,2,This or That,question_game,0.05452,0.715
1039,happy,high,30,evening,rough_day,just_met,3,light,false,false,positive_social,3,Trivia Battle,competitive_game,0.12692,0.74
1040,energetic,low,15,afternoon,valentines,serious,3,light,false,false,high_energy_fun,19,Flirty This or That,intimate_activity,0.05098,0.731
1041,happy,very_high,5,morning,rough_day,new,3,light,false,false,positive_social,1,Rapid Fire,question_game,0.0908,0.715
1042,deep,medium,60,morning,weekend,new,4,light,false,false,deep_connection,13,Future Plans,conversation,0.07937,0.708
1043,relaxed,medium,15,morning,just_because,new,3,light,false,false,easy_connection,2,This or That,question_game,0.05896,0.8
1044,romantic,high,45,evening,just_because,serious,1,moderate,true,false,romantic_connection,16,Watch Together,watch_together,0.1058,0.61
1045,playful,high,20,late_night,just_because,dating,4,light,false,false,playful_social,17,Couple Challenge,challenge,0.05778,0.788
1046,playful,low,45,evening,weekend,just_met,3,light,false,false,playful_social,3,Trivia Battle,competitive_game,0.1452,0.67
1047,sensual,very_high,45,evening,reunion,just_met,1,high,true,true,sensual_connection,16,Watch Together,watch_together,0.375,0.585
1048,romantic,high,60,afternoon,normal_day,serious,2,moderate,true,false,romantic_connection,13,Future Plans,conversation,0.08458,0.659
1049,calm,very_high,5,morning,date_night,new,5,light,false,false,calm_connection,25,Playful Teasing Cards,intimate_activity,0.0701,0.73
1050,erotic,low,60,late_night,special_memory,dating,4,very_high,true,true,intimate_connection,20,Romantic Q&A,intimate_activity,0.09926,0.708
1051,sensual,low,15,afternoon,celebration,long_term,3,high,true,true,sensual_connection,25,Playful Teasing Cards,intimate_activity,0.07589,0.751
1052,affectionate,very_low,20,evening,date_night,serious,4,moderate,true,false,warm_connection,14,Date Planner,date_activity,0.05621,0.718
1053,celebratory,low,5,morning,just_because,long_term,5,light,false,false,celebration,24,Date Night Roulette,date_activity,0.07407,0.755
1054,playful,high,10,evening,rough_day,new,1,light,false,false,playful_social,6,Scribble,creative_game,0.06949,0.74
1055,relaxed,very_high,15,afternoon,first_date,dating,2,light,false,false,easy_connection,12,Deep Questions,conversation,0.05272,0.645
1056,playful,very_low,45,late_night,special_memory,serious,4,light,false,false,playful_social,11,Relationship Timeline,memory,0.10649,0.663
1057,sensual,low,10,evening,birthday,serious,4,high,true,true,sensual_connection,20,Romantic Q&A,intimate_activity,0.0828,0.788
1058,affectionate,very_high,10,evening,rough_day,new,4,moderate,true,false,warm_connection,23,Cozy Conversation,conversation,0.08736,0.773
1059,erotic,low,5,evening,birthday,new,5,very_high,true,true,intimate_connection,25,Playful Teasing Cards,intimate_activity,0.11698,0.775
1060,affectionate,medium,30,late_night,first_date,just_met,4,moderate,true,false,warm_connection,12,Deep Questions,conversation,0.14407,0.695
1061,calm,high,45,afternoon,rough_day,serious,4,light,false,false,calm_connection,22,Little Moments,memory,0.10123,0.718
1062,deep,very_low,5,morning,normal_day,dating,2,light,false,false,deep_connection,12,Deep Questions,conversation,0.07563,0.635
1063,calm,very_high,45,morning,normal_day,dating,5,light,false,false,calm_connection,23,Cozy Conversation,conversation,0.10134,0.645
1064,deep,high,45,evening,date_night,long_term,1,light,false,false,deep_connection,12,Deep Questions,conversation,0.09296,0.61
1065,deep,low,30,late_night,just_because,dating,4,light,false,false,deep_connection,12,Deep Questions,conversation,0.09112,0.74
1066,calm,very_high,20,afternoon,birthday,just_met,3,light,false,false,calm_connection,3,Trivia Battle,competitive_game,0.10881,0.695
1067,romantic,high,60,evening,rough_day,dating,4,moderate,true,false,romantic_connection,23,Cozy Conversation,conversation,0.1242,0.718
1068,deep,very_high,60,evening,weekend,dating,4,light,false,false,deep_connection,24,Date Night Roulette,date_activity,0.0812,0.638
1069,calm,high,60,afternoon,weekend,serious,1,light,false,false,calm_connection,16,Watch Together,watch_together,0.195,0.69
1070,happy,low,10,morning,reunion,dating,2,light,false,false,positive_social,8,Two Truths and a Lie,question_game,0.0527,0.715
1071,relaxed,very_low,20,morning,reunion,dating,5,light,false,false,easy_connection,22,Little Moments,memory,0.08577,0.835
1072,energetic,very_low,60,afternoon,first_date,dating,1,light,false,false,high_energy_fun,16,Watch Together,watch_together,0.17476,0.635
1073,deep,low,60,afternoon,rough_day,long_term,3,light,false,false,deep_connection,10,Memory Lane,memory,0.12841,0.756
1074,low_energy,very_high,10,morning,weekend,long_term,2,light,false,false,gentle_connection,23,Cozy Conversation,conversation,0.06069,0.689
1075,playful,low,60,late_night,celebration,just_met,3,light,false,false,playful_social,1,Rapid Fire,question_game,0.1679,0.67
1076,low_energy,very_low,20,evening,late_night,just_met,3,light,false,false,gentle_connection,16,Watch Together,watch_together,0.14503,0.775
1077,playful,high,60,late_night,reunion,dating,5,light,false,false,playful_social,6,Scribble,creative_game,0.08475,0.66
1078,calm,very_low,45,late_night,valentines,long_term,2,light,false,false,calm_connection,16,Watch Together,watch_together,0.12916,0.715
1079,happy,medium,15,morning,rough_day,just_met,5,light,false,false,positive_social,1,Rapid Fire,question_game,0.07028,0.715
1080,relaxed,very_low,20,evening,date_night,new,4,light,false,false,easy_connection,23,Cozy Conversation,conversation,0.06121,0.763
1081,affectionate,low,20,late_night,birthday,new,1,moderate,true,false,warm_connection,23,Cozy Conversation,conversation,0.06198,0.752
1082,erotic,high,45,evening,just_because,long_term,2,very_high,true,true,intimate_connection,19,Flirty This or That,intimate_activity,0.10584,0.659
1083,playful,medium,30,afternoon,reunion,serious,4,light,false,false,playful_social,24,Date Night Roulette,date_activity,0.069,0.768
1084,celebratory,very_high,20,morning,special_memory,serious,3,light,false,false,celebration,22,Little Moments,memory,0.06513,0.681
1085,relaxed,high,5,morning,weekend,dating,4,light,false,false,easy_connection,1,Rapid Fire,question_game,0.06018,0.66
1086,low_energy,low,20,morning,birthday,serious,4,light,false,false,gentle_connection,23,Cozy Conversation,conversation,0.06851,0.788
1087,erotic,high,15,afternoon,date_night,dating,2,very_high,true,true,intimate_connection,25,Playful Teasing Cards,intimate_activity,0.09134,0.799
1088,deep,very_high,5,morning,just_because,just_met,5,light,false,false,deep_connection,1,Rapid Fire,question_game,0.21765,0.695
1089,relaxed,high,5,late_night,celebration,long_term,3,light,false,false,easy_connection,23,Cozy Conversation,conversation,0.09342,0.726
1090,celebratory,very_low,60,morning,first_date,serious,2,light,false,false,celebration,12,Deep Questions,conversation,0.08481,0.615
1091,relaxed,very_low,5,late_night,just_because,dating,3,light,false,false,easy_connection,22,Little Moments,memory,0.10448,0.751
1092,energetic,high,30,evening,valentines,new,2,light,false,false,high_energy_fun,18,Truth or Dare,romantic_activity,0.08324,0.719
1093,sensual,very_high,15,morning,long_distance,long_term,1,high,true,true,sensual_connection,20,Romantic Q&A,intimate_activity,0.10116,0.737
1094,playful,very_low,10,late_night,reunion,serious,5,light,false,false,playful_social,22,Little Moments,memory,0.05953,0.755
1095,deep,very_high,60,evening,rough_day,serious,3,light,false,false,deep_connection,16,Watch Together,watch_together,0.18142,0.645
1096,romantic,very_low,10,morning,holiday,just_met,2,moderate,true,false,romantic_connection,12,Deep Questions,conversation,0.05825,0.635
1097,affectionate,high,45,afternoon,celebration,new,4,moderate,true,false,warm_connection,18,Truth or Dare,romantic_activity,0.07078,0.663
1098,erotic,very_high,10,morning,birthday,serious,2,very_high,true,true,intimate_connection,20,Romantic Q&A,intimate_activity,0.08266,0.689
1099,happy,very_low,10,afternoon,rough_day,serious,4,light,false,false,positive_social,22,Little Moments,memory,0.06356,0.743
1100,energetic,very_high,10,afternoon,birthday,long_term,4,light,false,false,high_energy_fun,1,Rapid Fire,question_game,0.08546,0.775
1101,happy,very_low,45,late_night,long_distance,serious,5,light,false,false,positive_social,15,Music Mood,watch_together,0.08622,0.615
1102,nostalgic,medium,5,late_night,long_distance,serious,5,moderate,true,false,memory_connection,23,Cozy Conversation,conversation,0.07629,0.775
1103,celebratory,high,10,morning,weekend,just_met,4,light,false,false,celebration,1,Rapid Fire,question_game,0.08712,0.74
1104,nostalgic,very_low,15,late_night,just_because,serious,1,moderate,true,false,memory_connection,22,Little Moments,memory,0.06752,0.727
1105,low_energy,medium,20,late_night,normal_day,new,3,light,false,false,gentle_connection,16,Watch Together,watch_together,0.06297,0.715
1106,energetic,medium,20,afternoon,weekend,new,5,light,false,false,high_energy_fun,14,Date Planner,date_activity,0.0589,0.78
1107,calm,very_high,60,late_night,date_night,dating,4,light,false,false,calm_connection,24,Date Night Roulette,date_activity,0.07739,0.638
1108,low_energy,medium,60,late_night,special_memory,new,5,light,false,false,gentle_connection,10,Memory Lane,memory,0.15334,0.755
1109,sensual,very_low,45,late_night,date_night,new,2,high,true,true,sensual_connection,20,Romantic Q&A,intimate_activity,0.12801,0.719
1110,energetic,very_low,60,late_night,reunion,dating,2,light,false,false,high_energy_fun,17,Couple Challenge,challenge,0.13053,0.669
1111,happy,very_low,15,evening,valentines,new,2,light,false,false,positive_social,19,Flirty This or That,intimate_activity,0.05521,0.694
1112,nostalgic,very_low,60,morning,valentines,serious,1,moderate,true,false,memory_connection,10,Memory Lane,memory,0.10303,0.647
1113,playful,very_high,10,late_night,birthday,dating,3,light,false,false,playful_social,17,Couple Challenge,challenge,0.07724,0.811
1114,erotic,very_high,15,afternoon,holiday,long_term,5,very_high,true,true,intimate_connection,14,Date Planner,date_activity,0.076,0.73
1115,sensual,very_low,20,late_night,holiday,just_met,1,high,true,true,sensual_connection,3,Trivia Battle,competitive_game,0.08051,0.645
1116,celebratory,very_low,60,morning,weekend,just_met,2,light,false,false,celebration,6,Scribble,creative_game,0.17747,0.645
1117,affectionate,medium,10,evening,rough_day,serious,5,moderate,true,false,warm_connection,10,Memory Lane,memory,0.06511,0.835
1118,playful,low,45,evening,valentines,new,1,light,false,false,playful_social,2,This or That,question_game,0.07513,0.635
1119,energetic,high,60,morning,anniversary,serious,3,light,false,false,high_energy_fun,3,Trivia Battle,competitive_game,0.08489,0.66
1120,romantic,very_low,15,evening,rough_day,serious,3,moderate,true,false,romantic_connection,20,Romantic Q&A,intimate_activity,0.0669,0.811
1121,affectionate,low,60,late_night,special_memory,new,2,moderate,true,false,warm_connection,16,Watch Together,watch_together,0.10657,0.66
1122,relaxed,high,20,evening,normal_day,serious,2,light,false,false,easy_connection,16,Watch Together,watch_together,0.05809,0.69
1123,sensual,very_high,5,morning,valentines,dating,4,high,true,true,sensual_connection,18,Truth or Dare,romantic_activity,0.09643,0.718
1124,romantic,high,5,late_night,special_memory,just_met,2,moderate,true,false,romantic_connection,1,Rapid Fire,question_game,0.08482,0.66
1125,happy,very_high,15,late_night,long_distance,long_term,3,light,false,false,positive_social,3,Trivia Battle,competitive_game,0.0498,0.715
1126,calm,medium,5,evening,just_because,long_term,5,light,false,false,calm_connection,4,Tic Tac Toe,competitive_game,0.05764,0.66
1127,sensual,high,20,afternoon,just_because,long_term,5,high,true,true,sensual_connection,20,Romantic Q&A,intimate_activity,0.08147,0.75
1128,low_energy,high,45,evening,just_because,serious,2,light,false,false,gentle_connection,24,Date Night Roulette,date_activity,0.07101,0.639
1129,playful,very_low,30,evening,long_distance,new,5,light,false,false,playful_social,3,Trivia Battle,competitive_game,0.06415,0.665
1130,deep,low,5,evening,weekend,dating,2,light,false,false,deep_connection,23,Cozy Conversation,conversation,0.0838,0.764
1131,erotic,very_high,30,evening,anniversary,dating,4,very_high,true,true,intimate_connection,25,Playful Teasing Cards,intimate_activity,0.07457,0.658
1132,playful,very_low,60,evening,birthday,long_term,3,light,false,false,playful_social,1,Rapid Fire,question_game,0.13839,0.645
1133,erotic,very_low,20,evening,late_night,just_met,4,very_high,true,true,intimate_connection,16,Watch Together,watch_together,0.14387,0.695
1134,affectionate,very_high,30,afternoon,valentines,dating,3,moderate,true,false,warm_connection,21,Compliment Challenge,romantic_activity,0.07597,0.681
1135,sensual,very_high,45,afternoon,rough_day,serious,5,high,true,true,sensual_connection,19,Flirty This or That,intimate_activity,0.09244,0.67
1136,playful,medium,30,afternoon,holiday,dating,4,light,false,false,playful_social,6,Scribble,creative_game,0.09731,0.775
1137,sensual,high,60,late_night,first_date,just_met,1,high,true,true,sensual_connection,16,Watch Together,watch_together,0.25,0.61
1138,romantic,high,10,late_night,first_date,dating,5,moderate,true,false,romantic_connection,2,This or That,question_game,0.06158,0.695
1139,nostalgic,very_high,60,late_night,holiday,dating,5,moderate,true,false,memory_connection,16,Watch Together,watch_together,0.10769,0.585
1140,relaxed,high,45,late_night,rough_day,serious,2,light,false,false,easy_connection,16,Watch Together,watch_together,0.17888,0.75
1141,romantic,high,45,late_night,date_night,long_term,5,moderate,true,false,romantic_connection,14,Date Planner,date_activity,0.10315,0.755
1142,affectionate,high,20,morning,rough_day,new,5,moderate,true,false,warm_connection,22,Little Moments,memory,0.07962,0.81
1143,playful,very_high,60,late_night,first_date,just_met,3,light,false,false,playful_social,1,Rapid Fire,question_game,0.13213,0.635
1144,happy,very_high,10,morning,valentines,dating,3,light,false,false,positive_social,14,Date Planner,date_activity,0.06003,0.706
1145,energetic,very_low,60,afternoon,date_night,long_term,4,light,false,false,high_energy_fun,16,Watch Together,watch_together,0.10227,0.635
1146,deep,medium,10,afternoon,holiday,serious,1,light,false,false,deep_connection,12,Deep Questions,conversation,0.06638,0.715
1147,calm,very_low,60,morning,long_distance,serious,5,light,false,false,calm_connection,12,Deep Questions,conversation,0.13168,0.695
1148,energetic,medium,60,late_night,reunion,long_term,2,light,false,false,high_energy_fun,3,Trivia Battle,competitive_game,0.0704,0.635
1149,nostalgic,high,60,late_night,celebration,serious,2,moderate,true,false,memory_connection,22,Little Moments,memory,0.10021,0.634
1150,calm,very_low,60,late_night,long_distance,new,4,light,false,false,calm_connection,12,Deep Questions,conversation,0.13168,0.695
1151,happy,high,45,evening,celebration,just_met,2,light,false,false,positive_social,16,Watch Together,watch_together,0.12111,0.61
1152,celebratory,medium,30,morning,celebration,long_term,1,light,false,false,celebration,3,Trivia Battle,competitive_game,0.11637,0.775
1153,celebratory,very_high,30,morning,late_night,long_term,2,light,false,false,celebration,24,Date Night Roulette,date_activity,0.07652,0.714
1154,nostalgic,very_low,5,afternoon,normal_day,dating,2,moderate,true,false,memory_connection,22,Little Moments,memory,0.14986,0.739
1155,sensual,very_high,20,morning,special_memory,long_term,5,high,true,true,sensual_connection,19,Flirty This or That,intimate_activity,0.08425,0.75
1156,celebratory,very_low,20,morning,valentines,serious,2,light,false,false,celebration,20,Romantic Q&A,intimate_activity,0.06062,0.719
1157,nostalgic,medium,20,evening,first_date,just_met,1,moderate,true,false,memory_connection,5,Connect Four,competitive_game,0.09217,0.66
1158,deep,low,10,evening,special_memory,just_met,2,light,false,false,deep_connection,12,Deep Questions,conversation,0.10183,0.74
1159,relaxed,low,5,evening,date_night,just_met,1,light,false,false,easy_connection,4,Tic Tac Toe,competitive_game,0.12981,0.635
1160,playful,medium,10,late_night,just_because,dating,3,light,false,false,playful_social,1,Rapid Fire,question_game,0.06722,0.775
1161,playful,very_low,10,afternoon,special_memory,long_term,5,light,false,false,playful_social,22,Little Moments,memory,0.06671,0.755
1162,nostalgic,very_high,20,morning,birthday,just_met,3,moderate,true,false,memory_connection,6,Scribble,creative_game,0.11306,0.695
1163,relaxed,very_low,20,morning,long_distance,new,1,light,false,false,easy_connection,16,Watch Together,watch_together,0.09735,0.775
1164,celebratory,very_low,10,afternoon,birthday,long_term,4,light,false,false,celebration,1,Rapid Fire,question_game,0.0685,0.725
1165,low_energy,very_high,10,afternoon,valentines,long_term,2,light,false,false,gentle_connection,14,Date Planner,date_activity,0.05584,0.694
1166,nostalgic,high,30,late_night,normal_day,just_met,4,moderate,true,false,memory_connection,3,Trivia Battle,competitive_game,0.09492,0.66
1167,celebratory,medium,45,afternoon,normal_day,just_met,4,light,false,false,celebration,3,Trivia Battle,competitive_game,0.14028,0.635
1168,deep,high,15,afternoon,late_night,long_term,3,light,false,false,deep_connection,23,Cozy Conversation,conversation,0.06294,0.786
1169,sensual,very_high,30,morning,birthday,just_met,4,high,true,true,sensual_connection,6,Scribble,creative_game,0.12077,0.695
1170,romantic,very_high,15,late_night,anniversary,long_term,5,moderate,true,false,romantic_connection,11,Relationship Timeline,memory,0.05506,0.705
1171,calm,medium,45,evening,special_memory,serious,3,light,false,false,calm_connection,22,Little Moments,memory,0.11974,0.731
1172,calm,medium,10,late_night,late_night,dating,1,light,false,false,calm_connection,16,Watch Together,watch_together,0.05093,0.695
1173,romantic,very_low,30,late_night,normal_day,just_met,2,moderate,true,false,romantic_connection,15,Music Mood,watch_together,0.12656,0.635
1174,sensual,high,60,late_night,weekend,just_met,1,high,true,true,sensual_connection,16,Watch Together,watch_together,0.10526,0.61
1175,low_energy,high,45,morning,valentines,serious,5,light,false,false,gentle_connection,20,Romantic Q&A,intimate_activity,0.09898,0.73
1176,romantic,very_low,5,late_night,valentines,new,4,moderate,true,false,romantic_connection,21,Compliment Challenge,romantic_activity,0.11821,0.823
1177,sensual,very_low,60,evening,celebration,dating,2,high,true,true,sensual_connection,18,Truth or Dare,romantic_activity,0.12264,0.694
1178,celebratory,medium,60,afternoon,anniversary,serious,3,light,false,false,celebration,10,Memory Lane,memory,0.08333,0.651
1179,energetic,very_high,10,morning,anniversary,serious,1,light,false,false,high_energy_fun,4,Tic Tac Toe,competitive_game,0.0621,0.69
1180,celebratory,very_high,20,afternoon,weekend,new,5,light,false,false,celebration,6,Scribble,creative_game,0.07875,0.775
1181,celebratory,very_high,10,morning,late_night,new,1,light,false,false,celebration,1,Rapid Fire,question_game,0.06857,0.715
1182,celebratory,low,30,evening,anniversary,just_met,5,light,false,false,celebration,12,Deep Questions,conversation,0.09116,0.66
1183,low_energy,very_high,20,morning,long_distance,just_met,3,light,false,false,gentle_connection,16,Watch Together,watch_together,0.13146,0.725
1184,relaxed,medium,5,late_night,reunion,dating,5,light,false,false,easy_connection,2,This or That,question_game,0.0747,0.74
1185,sensual,low,5,evening,just_because,serious,5,high,true,true,sensual_connection,21,Compliment Challenge,romantic_activity,0.09735,0.8
1186,happy,high,10,evening,first_date,long_term,1,light,false,false,positive_social,6,Scribble,creative_game,0.08403,0.74
1187,affectionate,high,5,afternoon,anniversary,new,3,moderate,true,false,warm_connection,21,Compliment Challenge,romantic_activity,0.11249,0.786
1188,low_energy,very_low,5,late_night,long_distance,just_met,5,light,false,false,gentle_connection,15,Music Mood,watch_together,0.09712,0.695
1189,calm,medium,10,morning,reunion,new,3,light,false,false,calm_connection,24,Date Night Roulette,date_activity,0.05214,0.756
1190,calm,very_high,60,afternoon,first_date,long_term,5,light,false,false,calm_connection,12,Deep Questions,conversation,0.18876,0.645
1191,playful,high,30,morning,first_date,just_met,1,light,false,false,playful_social,3,Trivia Battle,competitive_game,0.13031,0.74
1192,sensual,very_low,60,afternoon,normal_day,serious,1,high,true,true,sensual_connection,19,Flirty This or That,intimate_activity,0.15635,0.622
1193,low_energy,high,5,morning,celebration,just_met,5,light,false,false,gentle_connection,1,Rapid Fire,question_game,0.16304,0.72
1194,relaxed,high,5,late_night,anniversary,long_term,5,light,false,false,easy_connection,22,Little Moments,memory,0.11557,0.81
1195,relaxed,high,60,late_night,just_because,long_term,5,light,false,false,easy_connection,16,Watch Together,watch_together,0.17568,0.69
1196,low_energy,very_low,20,evening,late_night,new,1,light,false,false,gentle_connection,16,Watch Together,watch_together,0.10156,0.775
1197,celebratory,very_low,30,afternoon,just_because,long_term,2,light,false,false,celebration,3,Trivia Battle,competitive_game,0.07219,0.665
1198,deep,medium,20,late_night,rough_day,long_term,4,light,false,false,deep_connection,23,Cozy Conversation,conversation,0.07847,0.823
1199,romantic,very_low,5,afternoon,birthday,long_term,4,moderate,true,false,romantic_connection,1,Rapid Fire,question_game,0.0775,0.645
1200,low_energy,medium,15,afternoon,date_night,serious,3,light,false,false,gentle_connection,14,Date Planner,date_activity,0.05219,0.756
1201,deep,medium,5,afternoon,normal_day,new,5,light,false,false,deep_connection,12,Deep Questions,conversation,0.06476,0.635
1202,nostalgic,very_low,20,evening,anniversary,new,2,moderate,true,false,memory_connection,20,Romantic Q&A,intimate_activity,0.06264,0.799
1203,calm,low,45,late_night,rough_day,serious,5,light,false,false,calm_connection,22,Little Moments,memory,0.11072,0.78
1204,celebratory,very_high,15,evening,long_distance,dating,2,light,false,false,celebration,17,Couple Challenge,challenge,0.05964,0.739
1205,erotic,very_low,20,afternoon,just_because,just_met,2,very_high,true,true,intimate_connection,12,Deep Questions,conversation,0.10697,0.635
1206,energetic,very_high,10,afternoon,reunion,dating,4,light,false,false,high_energy_fun,17,Couple Challenge,challenge,0.08261,0.823
1207,romantic,very_low,15,morning,first_date,dating,1,moderate,true,false,romantic_connection,12,Deep Questions,conversation,0.07048,0.695
1208,romantic,medium,20,afternoon,celebration,long_term,3,moderate,true,false,romantic_connection,18,Truth or Dare,romantic_activity,0.07089,0.836
1209,happy,low,10,evening,date_night,new,3,light,false,false,positive_social,20,Romantic Q&A,intimate_activity,0.05344,0.756
1210,calm,very_high,10,afternoon,anniversary,just_met,2,light,false,false,calm_connection,1,Rapid Fire,question_game,0.0625,0.635
1211,playful,very_low,60,afternoon,long_distance,just_met,3,light,false,false,playful_social,15,Music Mood,watch_together,0.10272,0.615
1212,deep,high,10,evening,special_memory,dating,2,light,false,false,deep_connection,12,Deep Questions,conversation,0.05446,0.69
1213,erotic,very_high,20,morning,first_date,new,2,very_high,true,true,intimate_connection,9,How Well Do You Know Me,question_game,0.07728,0.694
1214,affectionate,very_high,20,evening,valentines,long_term,4,moderate,true,false,warm_connection,19,Flirty This or That,intimate_activity,0.05876,0.718
1215,affectionate,very_low,60,afternoon,holiday,long_term,3,moderate,true,false,warm_connection,23,Cozy Conversation,conversation,0.10092,0.671
1216,calm,low,5,evening,holiday,new,5,light,false,false,calm_connection,2,This or That,question_game,0.05197,0.635
1217,energetic,low,45,morning,special_memory,serious,5,light,false,false,high_energy_fun,11,Relationship Timeline,memory,0.09864,0.7
1218,nostalgic,high,60,evening,reunion,long_term,4,moderate,true,false,memory_connection,10,Memory Lane,memory,0.16891,0.718
1219,sensual,medium,30,late_night,rough_day,serious,4,high,true,true,sensual_connection,23,Cozy Conversation,conversation,0.08925,0.743
1220,relaxed,very_high,45,morning,anniversary,new,2,light,false,false,easy_connection,16,Watch Together,watch_together,0.13542,0.665
1221,affectionate,high,10,evening,long_distance,serious,5,moderate,true,false,warm_connection,22,Little Moments,memory,0.07191,0.81
1222,calm,medium,30,morning,date_night,just_met,3,light,false,false,calm_connection,15,Music Mood,watch_together,0.11533,0.715
1223,calm,low,30,morning,reunion,long_term,5,light,false,false,calm_connection,12,Deep Questions,conversation,0.07772,0.74
1224,energetic,high,20,late_night,valentines,serious,3,light,false,false,high_energy_fun,3,Trivia Battle,competitive_game,0.06014,0.74
1225,happy,low,20,afternoon,birthday,just_met,3,light,false,false,positive_social,12,Deep Questions,conversation,0.07229,0.66
1226,deep,very_high,30,morning,special_memory,dating,2,light,false,false,deep_connection,11,Relationship Timeline,memory,0.13178,0.749
1227,playful,medium,5,afternoon,valentines,new,3,light,false,false,playful_social,2,This or That,question_game,0.08224,0.74
1228,sensual,medium,10,afternoon,holiday,long_term,3,high,true,true,sensual_connection,19,Flirty This or That,intimate_activity,0.07961,0.776
1229,deep,medium,60,evening,special_memory,serious,4,light,false,false,deep_connection,16,Watch Together,watch_together,0.09,0.635
1230,erotic,very_low,20,afternoon,holiday,serious,2,very_high,true,true,intimate_connection,19,Flirty This or That,intimate_activity,0.08335,0.714
1231,sensual,low,20,afternoon,weekend,long_term,5,high,true,true,sensual_connection,14,Date Planner,date_activity,0.07025,0.755
1232,sensual,high,15,morning,valentines,new,4,high,true,true,sensual_connection,18,Truth or Dare,romantic_activity,0.09053,0.823
1233,sensual,high,10,late_night,reunion,long_term,1,high,true,true,sensual_connection,22,Little Moments,memory,0.08314,0.762
1234,celebratory,low,15,morning,reunion,dating,3,light,false,false,celebration,18,Truth or Dare,romantic_activity,0.06463,0.811
1235,relaxed,high,60,evening,valentines,long_term,1,light,false,false,easy_connection,18,Truth or Dare,romantic_activity,0.09605,0.627
1236,happy,low,10,evening,late_night,long_term,5,light,false,false,positive_social,8,Two Truths and a Lie,question_game,0.05253,0.715
1237,relaxed,high,10,late_night,first_date,long_term,4,light,false,false,easy_connection,2,This or That,question_game,0.08228,0.775
1238,playful,medium,30,late_night,celebration,dating,1,light,false,false,playful_social,6,Scribble,creative_game,0.12253,0.775
1239,low_energy,very_high,10,morning,holiday,long_term,4,light,false,false,gentle_connection,23,Cozy Conversation,conversation,0.06212,0.713
1240,affectionate,very_low,20,evening,anniversary,new,3,moderate,true,false,warm_connection,20,Romantic Q&A,intimate_activity,0.06884,0.811
1241,playful,high,5,evening,weekend,just_met,2,light,false,false,playful_social,2,This or That,question_game,0.1504,0.715
1242,relaxed,high,10,morning,date_night,long_term,4,light,false,false,easy_connection,24,Date Night Roulette,date_activity,0.05559,0.743
1243,playful,high,60,afternoon,date_night,new,3,light,false,false,playful_social,1,Rapid Fire,question_game,0.07496,0.66
1244,sensual,high,10,evening,late_night,new,5,high,true,true,sensual_connection,23,Cozy Conversation,conversation,0.08237,0.81
1245,energetic,medium,10,morning,date_night,serious,1,light,false,false,high_energy_fun,4,Tic Tac Toe,competitive_game,0.05795,0.74
1246,celebratory,low,30,evening,just_because,long_term,4,light,false,false,celebration,18,Truth or Dare,romantic_activity,0.09025,0.823
1247,celebratory,very_low,45,morning,birthday,serious,3,light,false,false,celebration,6,Scribble,creative_game,0.1151,0.645
1248,sensual,medium,20,afternoon,long_distance,new,2,high,true,true,sensual_connection,9,How Well Do You Know Me,question_game,0.06701,0.744
1249,sensual,high,20,late_night,just_because,new,5,high,true,true,sensual_connection,18,Truth or Dare,romantic_activity,0.08562,0.835
1250,sensual,very_low,10,afternoon,birthday,long_term,3,high,true,true,sensual_connection,21,Compliment Challenge,romantic_activity,0.07319,0.751
1251,playful,low,20,late_night,special_memory,long_term,1,light,false,false,playful_social,6,Scribble,creative_game,0.0642,0.69
1252,playful,very_low,30,evening,long_distance,serious,2,light,false,false,playful_social,15,Music Mood,watch_together,0.07518,0.695
1253,nostalgic,very_low,20,morning,first_date,serious,4,moderate,true,false,memory_connection,11,Relationship Timeline,memory,0.07527,0.763
1254,relaxed,low,20,morning,normal_day,dating,1,light,false,false,easy_connection,10,Memory Lane,memory,0.06303,0.752
1255,romantic,medium,45,late_night,reunion,serious,1,moderate,true,false,romantic_connection,10,Memory Lane,memory,0.10744,0.707
1256,low_energy,low,45,late_night,date_night,serious,3,light,false,false,gentle_connection,10,Memory Lane,memory,0.06908,0.696
1257,romantic,very_low,30,morning,date_night,dating,1,moderate,true,false,romantic_connection,24,Date Night Roulette,date_activity,0.1028,0.762
1258,relaxed,low,5,morning,celebration,dating,2,light,false,false,easy_connection,22,Little Moments,memory,0.09146,0.764
1259,romantic,low,45,morning,just_because,long_term,2,moderate,true,false,romantic_connection,18,Truth or Dare,romantic_activity,0.09082,0.719
1260,happy,very_high,45,morning,long_distance,dating,4,light,false,false,positive_social,16,Watch Together,watch_together,0.15276,0.645
1261,happy,very_low,60,late_night,special_memory,new,2,light,false,false,positive_social,11,Relationship Timeline,memory,0.14835,0.639
1262,affectionate,low,5,morning,long_distance,just_met,1,moderate,true,false,warm_connection,2,This or That,question_game,0.10998,0.635
1263,affectionate,very_low,10,morning,special_memory,new,2,moderate,true,false,warm_connection,22,Little Moments,memory,0.09574,0.799
1264,nostalgic,very_low,60,evening,valentines,long_term,2,moderate,true,false,memory_connection,16,Watch Together,watch_together,0.10189,0.635
1265,nostalgic,high,20,morning,anniversary,new,1,moderate,true,false,memory_connection,11,Relationship Timeline,memory,0.09677,0.762
1266,romantic,very_low,20,evening,normal_day,serious,2,moderate,true,false,romantic_connection,23,Cozy Conversation,conversation,0.06266,0.739
1267,playful,medium,45,evening,normal_day,just_met,2,light,false,false,playful_social,16,Watch Together,watch_together,0.14261,0.635
1268,erotic,very_high,20,morning,rough_day,long_term,5,very_high,true,true,intimate_connection,20,Romantic Q&A,intimate_activity,0.09995,0.785
1269,playful,very_high,15,late_night,celebration,new,3,light,false,false,playful_social,1,Rapid Fire,question_game,0.07918,0.775
1270,erotic,medium,60,late_night,first_date,dating,1,very_high,true,true,intimate_connection,20,Romantic Q&A,intimate_activity,0.16038,0.647
1271,celebratory,high,20,afternoon,weekend,long_term,1,light,false,false,celebration,6,Scribble,creative_game,0.09098,0.8
1272,celebratory,very_low,15,afternoon,rough_day,serious,2,light,false,false,celebration,16,Watch Together,watch_together,0.05718,0.695
1273,happy,low,15,late_night,birthday,new,2,light,false,false,positive_social,3,Trivia Battle,competitive_game,0.06034,0.75
1274,low_energy,very_low,10,late_night,rough_day,dating,2,light,false,false,gentle_connection,15,Music Mood,watch_together,0.0846,0.775
1275,low_energy,very_low,30,late_night,celebration,dating,1,light,false,false,gentle_connection,15,Music Mood,watch_together,0.11376,0.715
1276,sensual,medium,15,afternoon,anniversary,long_term,1,high,true,true,sensual_connection,25,Playful Teasing Cards,intimate_activity,0.07453,0.752
1277,low_energy,low,60,afternoon,late_night,serious,5,light,false,false,gentle_connection,23,Cozy Conversation,conversation,0.14901,0.78
1278,energetic,very_low,5,late_night,first_date,new,1,light,false,false,high_energy_fun,4,Tic Tac Toe,competitive_game,0.15116,0.69
1279,romantic,low,10,morning,date_night,long_term,5,moderate,true,false,romantic_connection,9,How Well Do You Know Me,question_game,0.06199,0.835
1280,affectionate,low,30,morning,long_distance,serious,3,moderate,true,false,warm_connection,22,Little Moments,memory,0.07667,0.756
1281,affectionate,low,20,afternoon,late_night,new,3,moderate,true,false,warm_connection,20,Romantic Q&A,intimate_activity,0.07404,0.836
1282,energetic,low,15,late_night,first_date,dating,4,light,false,false,high_energy_fun,3,Trivia Battle,competitive_game,0.06158,0.69
1283,energetic,high,20,late_night,special_memory,new,4,light,false,false,high_energy_fun,3,Trivia Battle,competitive_game,0.06338,0.74
1284,relaxed,high,60,morning,special_memory,dating,5,light,false,false,easy_connection,16,Watch Together,watch_together,0.15886,0.69
1285,nostalgic,low,15,late_night,reunion,dating,4,moderate,true,false,memory_connection,22,Little Moments,memory,0.08576,0.848
1286,nostalgic,very_high,20,morning,valentines,new,4,moderate,true,false,memory_connection,20,Romantic Q&A,intimate_activity,0.06856,0.773
1287,affectionate,very_low,5,evening,reunion,serious,4,moderate,true,false,warm_connection,2,This or That,question_game,0.05281,0.61
1288,sensual,medium,20,late_night,birthday,long_term,1,high,true,true,sensual_connection,25,Playful Teasing Cards,intimate_activity,0.08585,0.752
1289,happy,very_low,20,afternoon,anniversary,serious,3,light,false,false,positive_social,13,Future Plans,conversation,0.06151,0.706
1290,erotic,medium,30,late_night,celebration,dating,1,very_high,true,true,intimate_connection,25,Playful Teasing Cards,intimate_activity,0.08124,0.672
1291,relaxed,low,10,late_night,normal_day,dating,1,light,false,false,easy_connection,10,Memory Lane,memory,0.06009,0.752
1292,low_energy,low,15,late_night,celebration,new,3,light,false,false,gentle_connection,10,Memory Lane,memory,0.05734,0.776
1293,celebratory,low,5,morning,special_memory,just_met,4,light,false,false,celebration,1,Rapid Fire,question_game,0.11952,0.69
1294,celebratory,very_low,30,afternoon,just_because,serious,2,light,false,false,celebration,6,Scribble,creative_game,0.07219,0.665
1295,deep,medium,30,late_night,late_night,dating,4,light,false,false,deep_connection,23,Cozy Conversation,conversation,0.06117,0.743
1296,sensual,very_low,5,evening,holiday,new,3,high,true,true,sensual_connection,23,Cozy Conversation,conversation,0.10317,0.751
1297,sensual,high,45,evening,normal_day,new,4,high,true,true,sensual_connection,19,Flirty This or That,intimate_activity,0.11531,0.683
1298,playful,high,30,late_night,celebration,dating,4,light,false,false,playful_social,6,Scribble,creative_game,0.1107,0.8
1299,calm,low,45,afternoon,anniversary,serious,2,light,false,false,calm_connection,22,Little Moments,memory,0.10999,0.744
1300,playful,high,30,afternoon,date_night,new,1,light,false,false,playful_social,14,Date Planner,date_activity,0.06994,0.707
1301,erotic,low,15,late_night,reunion,long_term,1,very_high,true,true,intimate_connection,10,Memory Lane,memory,0.07331,0.732
1302,romantic,very_low,15,morning,long_distance,just_met,3,moderate,true,false,romantic_connection,12,Deep Questions,conversation,0.08243,0.695
1303,happy,very_high,10,late_night,reunion,just_met,1,light,false,false,positive_social,8,Two Truths and a Lie,question_game,0.11354,0.69
1304,erotic,very_low,45,morning,first_date,new,5,very_high,true,true,intimate_connection,18,Truth or Dare,romantic_activity,0.0962,0.67
1305,relaxed,very_high,30,evening,just_because,serious,4,light,false,false,easy_connection,14,Date Planner,date_activity,0.07418,0.718
1306,celebratory,high,15,evening,celebration,dating,3,light,false,false,celebration,18,Truth or Dare,romantic_activity,0.06802,0.811
1307,calm,high,20,morning,valentines,dating,1,light,false,false,calm_connection,20,Romantic Q&A,intimate_activity,0.07139,0.762
1308,sensual,high,45,afternoon,normal_day,long_term,1,high,true,true,sensual_connection,18,Truth or Dare,romantic_activity,0.11263,0.647
1309,deep,low,15,late_night,late_night,serious,5,light,false,false,deep_connection,12,Deep Questions,conversation,0.05936,0.74
1310,affectionate,very_low,45,evening,normal_day,dating,1,moderate,true,false,warm_connection,10,Memory Lane,memory,0.08908,0.647
1311,sensual,medium,45,late_night,anniversary,long_term,4,high,true,true,sensual_connection,22,Little Moments,memory,0.08833,0.743
1312,celebratory,very_low,15,late_night,just_because,serious,1,light,false,false,celebration,18,Truth or Dare,romantic_activity,0.06171,0.762
1313,deep,very_high,10,afternoon,holiday,long_term,5,light,false,false,deep_connection,12,Deep Questions,conversation,0.05955,0.665
1314,sensual,very_high,5,afternoon,reunion,just_met,3,high,true,true,sensual_connection,1,Rapid Fire,question_game,0.09813,0.635
1315,nostalgic,high,10,late_night,first_date,serious,5,moderate,true,false,memory_connection,8,Two Truths and a Lie,question_game,0.06609,0.695
1316,affectionate,low,60,morning,first_date,serious,1,moderate,true,false,warm_connection,16,Watch Together,watch_together,0.2459,0.66
1317,calm,high,60,evening,anniversary,dating,4,light,false,false,calm_connection,20,Romantic Q&A,intimate_activity,0.08348,0.718
1318,low_energy,very_low,45,afternoon,just_because,long_term,4,light,false,false,gentle_connection,16,Watch Together,watch_together,0.17322,0.715
1319,sensual,medium,60,afternoon,just_because,long_term,5,high,true,true,sensual_connection,18,Truth or Dare,romantic_activity,0.10638,0.78
1320,calm,high,45,late_night,celebration,long_term,4,light,false,false,calm_connection,6,Scribble,creative_game,0.07878,0.64
1321,affectionate,medium,5,evening,first_date,just_met,1,moderate,true,false,warm_connection,4,Tic Tac Toe,competitive_game,0.15345,0.66
1322,celebratory,low,45,morning,late_night,dating,2,light,false,false,celebration,24,Date Night Roulette,date_activity,0.06221,0.659
1323,relaxed,very_high,45,morning,birthday,just_met,5,light,false,false,easy_connection,6,Scribble,creative_game,0.15566,0.615
1324,relaxed,high,15,evening,special_memory,new,5,light,false,false,easy_connection,11,Relationship Timeline,memory,0.059,0.73
1325,celebratory,low,5,late_night,normal_day,long_term,4,light,false,false,celebration,21,Compliment Challenge,romantic_activity,0.06904,0.708
1326,deep,low,20,late_night,date_night,long_term,3,light,false,false,deep_connection,13,Future Plans,conversation,0.07207,0.811
1327,low_energy,very_low,30,evening,birthday,long_term,1,light,false,false,gentle_connection,16,Watch Together,watch_together,0.11515,0.715
1328,sensual,very_high,20,afternoon,reunion,dating,4,high,true,true,sensual_connection,18,Truth or Dare,romantic_activity,0.0901,0.798
1329,erotic,medium,10,afternoon,holiday,new,1,very_high,true,true,intimate_connection,24,Date Night Roulette,date_activity,0.07559,0.732
1330,erotic,low,60,late_night,rough_day,serious,3,very_high,true,true,intimate_connection,22,Little Moments,memory,0.08485,0.676
1331,low_energy,low,5,late_night,valentines,serious,4,light,false,false,gentle_connection,20,Romantic Q&A,intimate_activity,0.07765,0.768
1332,erotic,high,20,morning,weekend,dating,3,very_high,true,true,intimate_connection,20,Romantic Q&A,intimate_activity,0.07724,0.726
1333,affectionate,very_high,20,morning,date_night,dating,5,moderate,true,false,warm_connection,24,Date Night Roulette,date_activity,0.05798,0.73
1334,happy,medium,20,afternoon,late_night,new,4,light,false,false,positive_social,16,Watch Together,watch_together,0.05291,0.695
1335,deep,low,10,afternoon,special_memory,new,1,light,false,false,deep_connection,13,Future Plans,conversation,0.07514,0.787
1336,celebratory,very_low,45,afternoon,long_distance,serious,2,light,false,false,celebration,17,Couple Challenge,challenge,0.06462,0.609
1337,playful,medium,20,afternoon,normal_day,just_met,5,light,false,false,playful_social,3,Trivia Battle,competitive_game,0.09813,0.715
1338,celebratory,high,10,late_night,anniversary,just_met,1,light,false,false,celebration,3,Trivia Battle,competitive_game,0.10936,0.74
1339,energetic,medium,45,afternoon,celebration,serious,1,light,false,false,high_energy_fun,17,Couple Challenge,challenge,0.12456,0.707
1340,low_energy,high,15,late_night,valentines,just_met,1,light,false,false,gentle_connection,15,Music Mood,watch_together,0.0966,0.69
1341,playful,high,45,afternoon,normal_day,long_term,5,light,false,false,playful_social,8,Two Truths and a Lie,question_game,0.09149,0.635
1342,energetic,medium,45,morning,special_memory,long_term,2,light,false,false,high_energy_fun,10,Memory Lane,memory,0.08202,0.639
1343,low_energy,high,15,afternoon,first_date,dating,1,light,false,false,gentle_connection,8,Two Truths and a Lie,question_game,0.07595,0.695
1344,erotic,very_high,10,late_night,holiday,just_met,4,very_high,true,true,intimate_connection,3,Trivia Battle,competitive_game,0.08745,0.695
1345,nostalgic,very_high,20,morning,weekend,long_term,5,moderate,true,false,memory_connection,22,Little Moments,memory,0.06444,0.725
1346,erotic,very_low,60,afternoon,celebration,just_met,2,very_high,true,true,intimate_connection,16,Watch Together,watch_together,0.14286,0.635
1347,sensual,low,5,late_night,special_memory,dating,1,high,true,true,sensual_connection,22,Little Moments,memory,0.14444,0.812
1348,celebratory,low,45,afternoon,first_date,long_term,3,light,false,false,celebration,6,Scribble,creative_game,0.08243,0.61
1349,happy,very_low,5,evening,valentines,long_term,2,light,false,false,positive_social,19,Flirty This or That,intimate_activity,0.09843,0.694
1350,low_energy,very_low,10,evening,normal_day,long_term,3,light,false,false,gentle_connection,22,Little Moments,memory,0.06942,0.751
1351,energetic,low,30,late_night,rough_day,dating,5,light,false,false,high_energy_fun,23,Cozy Conversation,conversation,0.05809,0.7
1352,calm,very_high,30,afternoon,rough_day,just_met,1,light,false,false,calm_connection,15,Music Mood,watch_together,0.20241,0.725
1353,affectionate,low,15,afternoon,date_night,long_term,5,moderate,true,false,warm_connection,20,Romantic Q&A,intimate_activity,0.0649,0.86
1354,calm,medium,10,late_night,first_date,long_term,3,light,false,false,calm_connection,2,This or That,question_game,0.06508,0.72
1355,low_energy,low,20,late_night,first_date,dating,4,light,false,false,gentle_connection,8,Two Truths and a Lie,question_game,0.06433,0.695
1356,romantic,very_high,10,morning,celebration,dating,2,moderate,true,false,romantic_connection,3,Trivia Battle,competitive_game,0.05578,0.695
1357,celebratory,very_high,30,afternoon,long_distance,new,3,light,false,false,celebration,12,Deep Questions,conversation,0.06995,0.645
1358,relaxed,high,5,afternoon,first_date,dating,1,light,false,false,easy_connection,4,Tic Tac Toe,competitive_game,0.09926,0.635
1359,low_energy,very_high,20,morning,valentines,just_met,3,light,false,false,gentle_connection,6,Scribble,creative_game,0.06406,0.635
1360,erotic,medium,10,afternoon,birthday,just_met,1,very_high,true,true,intimate_connection,1,Rapid Fire,question_game,0.09375,0.695
1361,affectionate,high,5,morning,date_night,long_term,3,moderate,true,false,warm_connection,23,Cozy Conversation,conversation,0.07985,0.726
1362,erotic,high,5,evening,rough_day,long_term,3,very_high,true,true,intimate_connection,25,Playful Teasing Cards,intimate_activity,0.11492,0.751
1363,celebratory,very_low,5,afternoon,valentines,serious,2,light,false,false,celebration,18,Truth or Dare,romantic_activity,0.08943,0.694
1364,sensual,very_high,30,late_night,reunion,long_term,2,high,true,true,sensual_connection,18,Truth or Dare,romantic_activity,0.119,0.774
1365,low_energy,very_high,45,afternoon,celebration,new,2,light,false,false,gentle_connection,17,Couple Challenge,challenge,0.09675,0.639
1366,sensual,medium,5,evening,rough_day,new,5,high,true,true,sensual_connection,22,Little Moments,memory,0.11204,0.835
1367,energetic,low,20,evening,special_memory,serious,5,light,false,false,high_energy_fun,11,Relationship Timeline,memory,0.06766,0.78
1368,relaxed,very_high,45,afternoon,birthday,just_met,3,light,false,false,easy_connection,3,Trivia Battle,competitive_game,0.15846,0.615
1369,calm,very_low,45,morning,first_date,new,1,light,false,false,calm_connection,16,Watch Together,watch_together,0.29302,0.715
1370,happy,very_low,45,evening,weekend,serious,1,light,false,false,positive_social,8,Two Truths and a Lie,question_game,0.0809,0.61
1371,relaxed,very_high,45,afternoon,reunion,serious,5,light,false,false,easy_connection,22,Little Moments,memory,0.12613,0.705
1372,low_energy,very_high,45,morning,long_distance,just_met,5,light,false,false,gentle_connection,16,Watch Together,watch_together,0.35257,0.725
1373,sensual,very_low,45,late_night,rough_day,long_term,3,high,true,true,sensual_connection,20,Romantic Q&A,intimate_activity,0.12933,0.731
1374,sensual,very_high,45,morning,late_night,serious,2,high,true,true,sensual_connection,20,Romantic Q&A,intimate_activity,0.14286,0.669
1375,erotic,very_high,10,afternoon,first_date,dating,2,very_high,true,true,intimate_connection,20,Romantic Q&A,intimate_activity,0.0872,0.689
1376,happy,high,20,late_night,date_night,dating,1,light,false,false,positive_social,3,Trivia Battle,competitive_game,0.06112,0.74
1377,low_energy,low,60,morning,birthday,dating,4,light,false,false,gentle_connection,16,Watch Together,watch_together,0.17986,0.74
1378,affectionate,very_low,45,late_night,anniversary,dating,5,moderate,true,false,warm_connection,11,Relationship Timeline,memory,0.10084,0.675
1379,happy,high,30,late_night,normal_day,dating,1,light,false,false,positive_social,5,Connect Four,competitive_game,0.07914,0.635
1380,calm,medium,15,morning,normal_day,dating,2,light,false,false,calm_connection,10,Memory Lane,memory,0.0523,0.739
1381,happy,very_low,20,late_night,anniversary,just_met,5,light,false,false,positive_social,6,Scribble,creative_game,0.0801,0.665
1382,romantic,high,5,late_night,normal_day,new,3,moderate,true,false,romantic_connection,21,Compliment Challenge,romantic_activity,0.08844,0.726
1383,relaxed,medium,15,evening,long_distance,new,5,light,false,false,easy_connection,22,Little Moments,memory,0.06401,0.835
1384,playful,high,45,late_night,date_night,new,3,light,false,false,playful_social,24,Date Night Roulette,date_activity,0.06815,0.651
1385,happy,medium,60,afternoon,first_date,new,3,light,false,false,positive_social,8,Two Truths and a Lie,question_game,0.1983,0.72
1386,relaxed,high,45,evening,just_because,just_met,2,light,false,false,easy_connection,15,Music Mood,watch_together,0.13073,0.61
1387,energetic,medium,5,late_night,reunion,long_term,4,light,false,false,high_energy_fun,17,Couple Challenge,challenge,0.07493,0.743
1388,sensual,low,15,late_night,weekend,serious,2,high,true,true,sensual_connection,20,Romantic Q&A,intimate_activity,0.0772,0.764
1389,playful,very_low,10,afternoon,valentines,long_term,1,light,false,false,playful_social,1,Rapid Fire,question_game,0.05981,0.665
1390,affectionate,very_low,45,evening,long_distance,long_term,1,moderate,true,false,warm_connection,22,Little Moments,memory,0.12971,0.707
1391,deep,medium,20,morning,special_memory,serious,2,light,false,false,deep_connection,13,Future Plans,conversation,0.07866,0.824
1392,sensual,very_high,10,afternoon,birthday,just_met,3,high,true,true,sensual_connection,1,Rapid Fire,question_game,0.06723,0.695
1393,affectionate,high,10,late_night,rough_day,just_met,5,moderate,true,false,warm_connection,15,Music Mood,watch_together,0.07662,0.67
1394,affectionate,very_high,45,afternoon,anniversary,just_met,2,moderate,true,false,warm_connection,16,Watch Together,watch_together,0.16412,0.585
1395,deep,low,10,late_night,normal_day,long_term,2,light,false,false,deep_connection,10,Memory Lane,memory,0.06739,0.764
1396,happy,high,20,evening,rough_day,new,2,light,false,false,positive_social,15,Music Mood,watch_together,0.05779,0.67
1397,energetic,very_low,30,late_night,celebration,just_met,3,light,false,false,high_energy_fun,3,Trivia Battle,competitive_game,0.16224,0.725
1398,calm,medium,15,late_night,anniversary,dating,1,light,false,false,calm_connection,10,Memory Lane,memory,0.0728,0.787
1399,happy,very_low,45,evening,anniversary,dating,4,light,false,false,positive_social,10,Memory Lane,memory,0.11228,0.663
1400,celebratory,very_low,20,afternoon,birthday,serious,3,light,false,false,celebration,24,Date Night Roulette,date_activity,0.07549,0.786
1401,playful,very_low,45,morning,celebration,long_term,2,light,false,false,playful_social,17,Couple Challenge,challenge,0.11921,0.669
1402,sensual,medium,45,evening,anniversary,dating,2,high,true,true,sensual_connection,11,Relationship Timeline,memory,0.08496,0.639
1403,playful,very_low,10,morning,normal_day,long_term,2,light,false,false,playful_social,2,This or That,question_game,0.06405,0.69
1404,energetic,very_low,5,evening,birthday,serious,2,light,false,false,high_energy_fun,3,Trivia Battle,competitive_game,0.08238,0.645
1405,romantic,very_low,10,afternoon,long_distance,long_term,3,moderate,true,false,romantic_connection,15,Music Mood,watch_together,0.05237,0.695
1406,erotic,very_high,15,evening,reunion,just_met,4,very_high,true,true,intimate_connection,1,Rapid Fire,question_game,0.10386,0.635
1407,relaxed,very_high,30,morning,date_night,long_term,3,light,false,false,easy_connection,15,Music Mood,watch_together,0.06733,0.665
1408,romantic,medium,5,morning,special_memory,new,4,moderate,true,false,romantic_connection,21,Compliment Challenge,romantic_activity,0.07298,0.763
1409,nostalgic,very_high,5,afternoon,reunion,long_term,4,moderate,true,false,memory_connection,23,Cozy Conversation,conversation,0.08372,0.713
1410,relaxed,high,30,evening,anniversary,new,1,light,false,false,easy_connection,11,Relationship Timeline,memory,0.08506,0.682
1411,affectionate,very_high,45,morning,just_because,long_term,4,moderate,true,false,warm_connection,24,Date Night Roulette,date_activity,0.08321,0.638
1412,sensual,very_high,15,evening,holiday,new,3,high,true,true,sensual_connection,14,Date Planner,date_activity,0.07469,0.706
1413,nostalgic,very_low,10,afternoon,normal_day,long_term,2,moderate,true,false,memory_connection,22,Little Moments,memory,0.07915,0.739
1414,low_energy,low,15,afternoon,birthday,just_met,2,light,false,false,gentle_connection,6,Scribble,creative_game,0.07443,0.67
1415,affectionate,very_high,5,morning,celebration,dating,5,moderate,true,false,warm_connection,17,Couple Challenge,challenge,0.06436,0.675
1416,calm,very_low,45,evening,rough_day,new,4,light,false,false,calm_connection,10,Memory Lane,memory,0.11134,0.743
1417,deep,medium,5,morning,holiday,dating,2,light,false,false,deep_connection,13,Future Plans,conversation,0.05576,0.684
1418,deep,low,15,morning,weekend,long_term,1,light,false,false,deep_connection,3,Trivia Battle,competitive_game,0.05221,0.67
1419,sensual,high,45,evening,holiday,long_term,5,high,true,true,sensual_connection,25,Playful Teasing Cards,intimate_activity,0.09683,0.695
1420,energetic,low,15,evening,anniversary,long_term,4,light,false,false,high_energy_fun,10,Memory Lane,memory,0.06047,0.768
1421,affectionate,high,15,afternoon,just_because,serious,1,moderate,true,false,warm_connection,2,This or That,question_game,0.05457,0.695
1422,energetic,low,60,afternoon,anniversary,long_term,4,light,false,false,high_energy_fun,13,Future Plans,conversation,0.06951,0.663
1423,romantic,medium,5,evening,date_night,new,4,moderate,true,false,romantic_connection,24,Date Night Roulette,date_activity,0.07137,0.768
1424,affectionate,very_low,10,morning,long_distance,new,4,moderate,true,false,warm_connection,21,Compliment Challenge,romantic_activity,0.06108,0.763
1425,relaxed,very_low,45,afternoon,rough_day,just_met,5,light,false,false,easy_connection,16,Watch Together,watch_together,0.33726,0.775
1426,relaxed,very_low,5,morning,special_memory,just_met,2,light,false,false,easy_connection,2,This or That,question_game,0.18221,0.69
1427,playful,medium,10,morning,special_memory,just_met,1,light,false,false,playful_social,1,Rapid Fire,question_game,0.10574,0.715
1428,calm,very_low,10,afternoon,reunion,long_term,4,light,false,false,calm_connection,12,Deep Questions,conversation,0.05783,0.715
1429,deep,medium,20,afternoon,anniversary,just_met,5,light,false,false,deep_connection,12,Deep Questions,conversation,0.08824,0.715
1430,low_energy,very_high,5,morning,holiday,just_met,1,light,false,false,gentle_connection,4,Tic Tac Toe,competitive_game,0.12308,0.61
1431,playful,very_high,60,late_night,date_night,just_met,2,light,false,false,playful_social,1,Rapid Fire,question_game,0.16357,0.635
1432,relaxed,high,10,evening,celebration,dating,2,light,false,false,easy_connection,23,Cozy Conversation,conversation,0.05656,0.714
1433,low_energy,high,45,morning,reunion,new,1,light,false,false,gentle_connection,16,Watch Together,watch_together,0.17694,0.69
1434,deep,medium,5,evening,first_date,dating,1,light,false,false,deep_connection,8,Two Truths and a Lie,question_game,0.08576,0.64
1435,celebratory,low,10,late_night,weekend,dating,5,light,false,false,celebration,17,Couple Challenge,challenge,0.07534,0.81
1436,relaxed,low,45,evening,late_night,dating,3,light,false,false,easy_connection,20,Romantic Q&A,intimate_activity,0.06962,0.676
1437,deep,high,45,evening,just_because,dating,1,light,false,false,deep_connection,13,Future Plans,conversation,0.07132,0.647
1438,romantic,low,15,afternoon,long_distance,serious,4,moderate,true,false,romantic_connection,12,Deep Questions,conversation,0.05166,0.72
1439,playful,very_high,20,evening,date_night,just_met,3,light,false,false,playful_social,6,Scribble,creative_game,0.06164,0.715
1440,romantic,high,15,evening,reunion,serious,4,moderate,true,false,romantic_connection,17,Couple Challenge,challenge,0.05053,0.768
1441,relaxed,very_high,60,evening,date_night,new,4,light,false,false,easy_connection,14,Date Planner,date_activity,0.08407,0.638
1442,energetic,very_high,30,late_night,weekend,long_term,2,light,false,false,high_energy_fun,6,Scribble,creative_game,0.11904,0.775
1443,celebratory,high,30,afternoon,rough_day,just_met,2,light,false,false,celebration,6,Scribble,creative_game,0.1257,0.74
1444,affectionate,very_low,15,late_night,date_night,just_met,1,moderate,true,false,warm_connection,4,Tic Tac Toe,competitive_game,0.06291,0.61
1445,calm,low,15,late_night,date_night,long_term,4,light,false,false,calm_connection,23,Cozy Conversation,conversation,0.05379,0.788
1446,affectionate,very_low,45,afternoon,first_date,new,4,moderate,true,false,warm_connection,8,Two Truths and a Lie,question_game,0.08927,0.59
1447,sensual,high,15,morning,rough_day,just_met,5,high,true,true,sensual_connection,15,Music Mood,watch_together,0.10198,0.67
1448,celebratory,low,5,afternoon,valentines,new,1,light,false,false,celebration,1,Rapid Fire,question_game,0.08864,0.69
1449,happy,very_high,60,late_night,date_night,new,4,light,false,false,positive_social,24,Date Night Roulette,date_activity,0.08736,0.638
1450,sensual,very_high,45,evening,reunion,serious,3,high,true,true,sensual_connection,19,Flirty This or That,intimate_activity,0.09137,0.646
1451,low_energy,very_low,15,morning,date_night,just_met,1,light,false,false,gentle_connection,12,Deep Questions,conversation,0.06667,0.635
1452,romantic,very_high,10,morning,long_distance,serious,4,moderate,true,false,romantic_connection,20,Romantic Q&A,intimate_activity,0.06534,0.773
1453,deep,very_high,30,evening,rough_day,new,4,light,false,false,deep_connection,16,Watch Together,watch_together,0.07777,0.645
1454,deep,very_low,30,late_night,date_night,new,4,light,false,false,deep_connection,18,Truth or Dare,romantic_activity,0.07571,0.718
1455,affectionate,high,10,morning,holiday,serious,4,moderate,true,false,warm_connection,24,Date Night Roulette,date_activity,0.05871,0.743
1456,low_energy,high,60,late_night,date_night,just_met,3,light,false,false,gentle_connection,15,Music Mood,watch_together,0.18627,0.61
1457,affectionate,medium,5,morning,first_date,dating,5,moderate,true,false,warm_connection,23,Cozy Conversation,conversation,0.09512,0.775
1458,calm,very_low,10,evening,date_night,long_term,1,light,false,false,calm_connection,20,Romantic Q&A,intimate_activity,0.06958,0.787
1459,celebratory,very_low,60,evening,anniversary,long_term,2,light,false,false,celebration,16,Watch Together,watch_together,0.10714,0.635
1460,happy,low,15,morning,late_night,long_term,1,light,false,false,positive_social,15,Music Mood,watch_together,0.05739,0.72
1461,erotic,high,5,morning,valentines,just_met,3,very_high,true,true,intimate_connection,1,Rapid Fire,question_game,0.20328,0.66
1462,calm,medium,20,afternoon,valentines,serious,3,light,false,false,calm_connection,23,Cozy Conversation,conversation,0.05394,0.751
1463,sensual,very_low,15,late_night,just_because,long_term,1,high,true,true,sensual_connection,19,Flirty This or That,intimate_activity,0.08348,0.702
1464,erotic,low,5,late_night,reunion,long_term,1,very_high,true,true,intimate_connection,25,Playful Teasing Cards,intimate_activity,0.11685,0.727
1465,romantic,high,5,morning,rough_day,new,2,moderate,true,false,romantic_connection,20,Romantic Q&A,intimate_activity,0.06132,0.694
1466,low_energy,low,60,afternoon,weekend,long_term,5,light,false,false,gentle_connection,10,Memory Lane,memory,0.08117,0.72
1467,erotic,medium,20,afternoon,valentines,dating,3,very_high,true,true,intimate_connection,25,Playful Teasing Cards,intimate_activity,0.10169,0.836
1468,relaxed,very_low,45,late_night,anniversary,new,5,light,false,false,easy_connection,22,Little Moments,memory,0.12853,0.755
1469,romantic,very_high,45,late_night,first_date,just_met,2,moderate,true,false,romantic_connection,12,Deep Questions,conversation,0.11723,0.565
1470,deep,very_high,60,morning,reunion,just_met,4,light,false,false,deep_connection,16,Watch Together,watch_together,0.28767,0.585
1471,deep,low,5,evening,late_night,dating,3,light,false,false,deep_connection,23,Cozy Conversation,conversation,0.11278,0.836
1472,romantic,high,15,late_night,birthday,serious,2,moderate,true,false,romantic_connection,17,Couple Challenge,challenge,0.05214,0.744
1473,celebratory,high,5,evening,holiday,dating,4,light,false,false,celebration,17,Couple Challenge,challenge,0.09,0.768
1474,celebratory,low,20,evening,weekend,long_term,3,light,false,false,celebration,24,Date Night Roulette,date_activity,0.07558,0.811
1475,low_energy,high,30,late_night,birthday,just_met,5,light,false,false,gentle_connection,5,Connect Four,competitive_game,0.08248,0.635
1476,happy,low,45,morning,date_night,just_met,3,light,false,false,positive_social,8,Two Truths and a Lie,question_game,0.13445,0.635
1477,celebratory,high,60,morning,anniversary,serious,4,light,false,false,celebration,16,Watch Together,watch_together,0.08262,0.61
1478,calm,high,20,late_night,first_date,just_met,2,light,false,false,calm_connection,16,Watch Together,watch_together,0.1067,0.69
1479,relaxed,high,10,late_night,valentines,just_met,3,light,false,false,easy_connection,2,This or That,question_game,0.07334,0.715
1480,celebratory,high,10,late_night,first_date,dating,4,light,false,false,celebration,8,Two Truths and a Lie,question_game,0.08742,0.775
1481,romantic,high,10,afternoon,valentines,long_term,1,moderate,true,false,romantic_connection,19,Flirty This or That,intimate_activity,0.04937,0.707
1482,erotic,high,5,evening,special_memory,serious,4,very_high,true,true,intimate_connection,19,Flirty This or That,intimate_activity,0.11252,0.763
1483,affectionate,very_low,60,late_night,birthday,dating,2,moderate,true,false,warm_connection,16,Watch Together,watch_together,0.13171,0.635
1484,playful,medium,20,morning,birthday,serious,4,light,false,false,playful_social,17,Couple Challenge,challenge,0.06836,0.823
1485,low_energy,medium,10,morning,first_date,serious,3,light,false,false,gentle_connection,10,Memory Lane,memory,0.05274,0.751
1486,deep,low,10,evening,long_distance,serious,4,light,false,false,deep_connection,9,How Well Do You Know Me,question_game,0.0671,0.823
1487,erotic,low,45,late_night,valentines,long_term,4,very_high,true,true,intimate_connection,18,Truth or Dare,romantic_activity,0.11601,0.743
1488,nostalgic,very_high,10,morning,rough_day,long_term,5,moderate,true,false,memory_connection,22,Little Moments,memory,0.08794,0.785
1489,low_energy,medium,5,afternoon,just_because,serious,2,light,false,false,gentle_connection,2,This or That,question_game,0.07576,0.72
1490,calm,very_low,60,late_night,birthday,long_term,1,light,false,false,calm_connection,1,Rapid Fire,question_game,0.07407,0.565
1491,romantic,high,45,morning,normal_day,new,2,moderate,true,false,romantic_connection,18,Truth or Dare,romantic_activity,0.08354,0.659
1492,nostalgic,low,30,late_night,anniversary,dating,2,moderate,true,false,memory_connection,13,Future Plans,conversation,0.04903,0.639
1493,low_energy,very_high,5,evening,holiday,dating,1,light,false,false,gentle_connection,22,Little Moments,memory,0.09627,0.677
1494,deep,very_high,60,morning,rough_day,serious,4,light,false,false,deep_connection,23,Cozy Conversation,conversation,0.15755,0.693
1495,calm,medium,60,late_night,weekend,dating,1,light,false,false,calm_connection,12,Deep Questions,conversation,0.0764,0.635
1496,energetic,high,15,afternoon,weekend,long_term,2,light,false,false,high_energy_fun,6,Scribble,creative_game,0.07488,0.8
1497,relaxed,medium,60,late_night,celebration,dating,5,light,false,false,easy_connection,1,Rapid Fire,question_game,0.06296,0.615
1498,playful,very_low,60,morning,first_date,just_met,5,light,false,false,playful_social,6,Scribble,creative_game,0.09816,0.585
1499,playful,high,45,morning,celebration,serious,5,light,false,false,playful_social,1,Rapid Fire,question_game,0.11811,0.72
1500,happy,medium,60,late_night,anniversary,new,4,light,false,false,positive_social,16,Watch Together,watch_together,0.09591,0.635
1501,playful,low,60,late_night,first_date,dating,4,light,false,false,playful_social,8,Two Truths and a Lie,question_game,0.18227,0.695
1502,low_energy,high,5,evening,special_memory,new,5,light,false,false,gentle_connection,22,Little Moments,memory,0.13516,0.81
1503,low_energy,medium,15,late_night,celebration,new,1,light,false,false,gentle_connection,6,Scribble,creative_game,0.05578,0.695
1504,relaxed,very_low,5,morning,date_night,dating,5,light,false,false,easy_connection,2,This or That,question_game,0.07018,0.69
1505,celebratory,medium,15,afternoon,late_night,serious,2,light,false,false,celebration,18,Truth or Dare,romantic_activity,0.04983,0.764
1506,relaxed,low,30,late_night,holiday,just_met,5,light,false,false,easy_connection,16,Watch Together,watch_together,0.13393,0.74
1507,low_energy,high,45,afternoon,long_distance,dating,5,light,false,false,gentle_connection,16,Watch Together,watch_together,0.16746,0.75
1508,affectionate,very_low,45,afternoon,weekend,just_met,5,moderate,true,false,warm_connection,7,Find the Spy,social_game,0.125,0.565
1509,erotic,medium,60,afternoon,valentines,new,1,very_high,true,true,intimate_connection,19,Flirty This or That,intimate_activity,0.17685,0.732
1510,relaxed,very_low,45,afternoon,normal_day,long_term,5,light,false,false,easy_connection,22,Little Moments,memory,0.10313,0.695
1511,playful,very_high,20,morning,rough_day,new,4,light,false,false,playful_social,3,Trivia Battle,competitive_game,0.05572,0.715
1512,erotic,medium,10,afternoon,celebration,new,3,very_high,true,true,intimate_connection,18,Truth or Dare,romantic_activity,0.08788,0.836
1513,affectionate,high,60,evening,celebration,just_met,3,moderate,true,false,warm_connection,16,Watch Together,watch_together,0.22857,0.61
1514,romantic,very_low,45,morning,first_date,serious,5,moderate,true,false,romantic_connection,16,Watch Together,watch_together,0.13764,0.635
1515,romantic,medium,15,afternoon,first_date,just_met,4,moderate,true,false,romantic_connection,5,Connect Four,competitive_game,0.06565,0.66
1516,affectionate,high,5,late_night,special_memory,just_met,4,moderate,true,false,warm_connection,1,Rapid Fire,question_game,0.17959,0.66
1517,low_energy,very_low,10,late_night,long_distance,dating,4,light,false,false,gentle_connection,20,Romantic Q&A,intimate_activity,0.06628,0.823
1518,romantic,medium,5,afternoon,celebration,long_term,5,moderate,true,false,romantic_connection,2,This or That,question_game,0.05305,0.66
1519,playful,medium,15,late_night,late_night,long_term,5,light,false,false,playful_social,25,Playful Teasing Cards,intimate_activity,0.05943,0.86
1520,nostalgic,medium,5,afternoon,late_night,just_met,5,moderate,true,false,memory_connection,2,This or That,question_game,0.10978,0.66
1521,nostalgic,low,10,evening,first_date,new,1,moderate,true,false,memory_connection,8,Two Truths and a Lie,question_game,0.08124,0.695
1522,affectionate,very_low,45,afternoon,birthday,dating,4,moderate,true,false,warm_connection,16,Watch Together,watch_together,0.10125,0.635
1523,playful,medium,45,evening,reunion,serious,4,light,false,false,playful_social,6,Scribble,creative_game,0.06795,0.635
1524,relaxed,low,15,afternoon,anniversary,dating,4,light,false,false,easy_connection,10,Memory Lane,memory,0.07914,0.848
1525,erotic,very_high,15,afternoon,special_memory,new,4,very_high,true,true,intimate_connection,10,Memory Lane,memory,0.07827,0.693
1526,energetic,high,30,evening,holiday,dating,5,light,false,false,high_energy_fun,3,Trivia Battle,competitive_game,0.11262,0.8
1527,relaxed,high,10,evening,valentines,just_met,4,light,false,false,easy_connection,15,Music Mood,watch_together,0.07692,0.69
1528,happy,very_high,15,late_night,birthday,long_term,5,light,false,false,positive_social,3,Trivia Battle,competitive_game,0.07268,0.775
1529,happy,very_low,10,evening,long_distance,new,3,light,false,false,positive_social,12,Deep Questions,conversation,0.05777,0.695
1530,affectionate,medium,15,afternoon,special_memory,dating,1,moderate,true,false,warm_connection,22,Little Moments,memory,0.08289,0.787
1531,sensual,very_low,45,evening,anniversary,serious,5,high,true,true,sensual_connection,21,Compliment Challenge,romantic_activity,0.0941,0.755
1532,affectionate,very_high,5,late_night,birthday,long_term,2,moderate,true,false,warm_connection,22,Little Moments,memory,0.09951,0.689
1533,playful,very_high,15,morning,late_night,serious,4,light,false,false,playful_social,1,Rapid Fire,question_game,0.05835,0.715
1534,calm,low,10,morning,special_memory,serious,4,light,false,false,calm_connection,10,Memory Lane,memory,0.08388,0.848
1535,deep,high,5,morning,reunion,new,5,light,false,false,deep_connection,22,Little Moments,memory,0.08569,0.73
1536,relaxed,low,30,morning,birthday,just_met,5,light,false,false,easy_connection,12,Deep Questions,conversation,0.09969,0.66
1537,energetic,medium,10,late_night,normal_day,long_term,5,light,false,false,high_energy_fun,1,Rapid Fire,question_game,0.061,0.715
1538,low_energy,very_low,5,late_night,first_date,serious,3,light,false,false,gentle_connection,2,This or That,question_game,0.11836,0.67
1539,erotic,medium,20,morning,weekend,dating,4,very_high,true,true,intimate_connection,20,Romantic Q&A,intimate_activity,0.0767,0.763
1540,relaxed,medium,45,late_night,reunion,just_met,3,light,false,false,easy_connection,16,Watch Together,watch_together,0.08419,0.715
1541,playful,very_low,10,morning,holiday,just_met,2,light,false,false,playful_social,6,Scribble,creative_game,0.12348,0.725
1542,calm,high,10,afternoon,first_date,new,3,light,false,false,calm_connection,15,Music Mood,watch_together,0.06005,0.69
1543,nostalgic,very_low,45,morning,birthday,just_met,1,moderate,true,false,memory_connection,16,Watch Together,watch_together,0.27787,0.635
1544,deep,very_low,15,evening,rough_day,long_term,4,light,false,false,deep_connection,10,Memory Lane,memory,0.0752,0.823
1545,romantic,low,30,late_night,first_date,new,3,moderate,true,false,romantic_connection,9,How Well Do You Know Me,question_game,0.06313,0.731
1546,erotic,very_high,60,late_night,celebration,serious,1,very_high,true,true,intimate_connection,25,Playful Teasing Cards,intimate_activity,0.16382,0.622
1547,affectionate,very_high,20,late_night,birthday,dating,4,moderate,true,false,warm_connection,6,Scribble,creative_game,0.06097,0.695
1548,deep,medium,45,morning,valentines,long_term,2,light,false,false,deep_connection,11,Relationship Timeline,memory,0.06591,0.659
1549,sensual,low,45,morning,first_date,serious,1,high,true,true,sensual_connection,20,Romantic Q&A,intimate_activity,0.17178,0.672
1550,low_energy,low,20,late_night,anniversary,serious,1,light,false,false,gentle_connection,22,Little Moments,memory,0.08507,0.812
1551,celebratory,very_high,30,evening,special_memory,dating,4,light,false,false,celebration,18,Truth or Dare,romantic_activity,0.07748,0.738
1552,nostalgic,very_low,10,afternoon,just_because,dating,4,moderate,true,false,memory_connection,2,This or That,question_game,0.04693,0.67
1553,celebratory,very_high,10,late_night,anniversary,just_met,3,light,false,false,celebration,3,Trivia Battle,competitive_game,0.09689,0.715
1554,low_energy,medium,60,morning,date_night,serious,1,light,false,false,gentle_connection,23,Cozy Conversation,conversation,0.06982,0.647
1555,affectionate,very_low,20,afternoon,birthday,just_met,4,moderate,true,false,warm_connection,15,Music Mood,watch_together,0.07099,0.635
1556,energetic,medium,15,morning,just_because,long_term,1,light,false,false,high_energy_fun,3,Trivia Battle,competitive_game,0.06412,0.715
1557,affectionate,low,20,late_night,weekend,dating,1,moderate,true,false,warm_connection,3,Trivia Battle,competitive_game,0.05775,0.67
1558,calm,very_low,5,late_night,rough_day,serious,2,light,false,false,calm_connection,22,Little Moments,memory,0.13136,0.799
1559,relaxed,low,30,evening,weekend,long_term,4,light,false,false,easy_connection,15,Music Mood,watch_together,0.07548,0.74
1560,playful,very_low,45,afternoon,first_date,new,1,light,false,false,playful_social,8,Two Truths and a Lie,question_game,0.1921,0.67
1561,happy,very_high,15,afternoon,first_date,long_term,1,light,false,false,positive_social,2,This or That,question_game,0.11382,0.75
1562,celebratory,high,20,late_night,first_date,new,3,light,false,false,celebration,6,Scribble,creative_game,0.07264,0.74
1563,romantic,low,15,evening,rough_day,long_term,3,moderate,true,false,romantic_connection,15,Music Mood,watch_together,0.05394,0.72
1564,playful,low,30,late_night,rough_day,dating,2,light,false,false,playful_social,15,Music Mood,watch_together,0.07768,0.72
1565,low_energy,very_low,10,afternoon,valentines,serious,2,light,false,false,gentle_connection,15,Music Mood,watch_together,0.05788,0.715
1566,low_energy,high,20,evening,normal_day,new,3,light,false,false,gentle_connection,22,Little Moments,memory,0.06274,0.726
1567,romantic,very_low,30,evening,reunion,long_term,1,moderate,true,false,romantic_connection,10,Memory Lane,memory,0.0797,0.707
1568,affectionate,high,5,morning,holiday,just_met,5,moderate,true,false,warm_connection,3,Trivia Battle,competitive_game,0.10661,0.64
1569,deep,low,30,afternoon,special_memory,new,1,light,false,false,deep_connection,11,Relationship Timeline,memory,0.13594,0.812
1570,erotic,medium,20,late_night,rough_day,dating,5,very_high,true,true,intimate_connection,23,Cozy Conversation,conversation,0.09409,0.835
1571,energetic,medium,15,late_night,normal_day,dating,3,light,false,false,high_energy_fun,7,Find the Spy,social_game,0.05817,0.715
1572,nostalgic,very_high,20,morning,birthday,long_term,1,moderate,true,false,memory_connection,3,Trivia Battle,competitive_game,0.07671,0.695
1573,relaxed,low,45,afternoon,valentines,serious,1,light,false,false,easy_connection,16,Watch Together,watch_together,0.1781,0.74
1574,sensual,high,15,afternoon,rough_day,just_met,2,high,true,true,sensual_connection,15,Music Mood,watch_together,0.07741,0.67
1575,relaxed,very_low,15,late_night,just_because,long_term,2,light,false,false,easy_connection,2,This or That,question_game,0.05851,0.75
1576,low_energy,medium,15,late_night,late_night,serious,3,light,false,false,gentle_connection,16,Watch Together,watch_together,0.06791,0.775
1577,happy,very_high,30,evening,holiday,long_term,1,light,false,false,positive_social,6,Scribble,creative_game,0.13751,0.775
1578,energetic,very_high,60,evening,birthday,just_met,1,light,false,false,high_energy_fun,6,Scribble,creative_game,0.2067,0.695
1579,low_energy,low,20,afternoon,weekend,dating,5,light,false,false,gentle_connection,15,Music Mood,watch_together,0.06004,0.74
1580,romantic,medium,20,evening,first_date,dating,1,moderate,true,false,romantic_connection,9,How Well Do You Know Me,question_game,0.07255,0.812
1581,affectionate,medium,60,morning,normal_day,serious,3,moderate,true,false,warm_connection,16,Watch Together,watch_together,0.13568,0.635
1582,calm,very_low,5,evening,date_night,dating,3,light,false,false,calm_connection,20,Romantic Q&A,intimate_activity,0.07371,0.731
1583,nostalgic,very_high,10,morning,rough_day,dating,2,moderate,true,false,memory_connection,20,Romantic Q&A,intimate_activity,0.05481,0.749
1584,affectionate,high,30,morning,birthday,new,1,moderate,true,false,warm_connection,6,Scribble,creative_game,0.10502,0.72
1585,calm,low,60,late_night,long_distance,serious,1,light,false,false,calm_connection,22,Little Moments,memory,0.10571,0.732
1586,deep,very_high,15,afternoon,late_night,serious,3,light,false,false,deep_connection,11,Relationship Timeline,memory,0.05236,0.701
1587,romantic,low,15,afternoon,long_distance,long_term,2,moderate,true,false,romantic_connection,20,Romantic Q&A,intimate_activity,0.06543,0.824
1588,playful,medium,30,late_night,weekend,new,4,light,false,false,playful_social,24,Date Night Roulette,date_activity,0.07608,0.768
1589,relaxed,very_low,10,late_night,rough_day,dating,5,light,false,false,easy_connection,16,Watch Together,watch_together,0.05494,0.695
1590,sensual,medium,20,evening,long_distance,serious,4,high,true,true,sensual_connection,9,How Well Do You Know Me,question_game,0.0668,0.768
1591,energetic,very_low,30,morning,special_memory,serious,1,light,false,false,high_energy_fun,12,Deep Questions,conversation,0.06398,0.635
1592,celebratory,medium,60,afternoon,late_night,long_term,3,light,false,false,celebration,16,Watch Together,watch_together,0.13861,0.695
1593,nostalgic,very_high,15,morning,special_memory,serious,2,moderate,true,false,memory_connection,11,Relationship Timeline,memory,0.09305,0.749
1594,happy,high,60,late_night,holiday,just_met,1,light,false,false,positive_social,3,Trivia Battle,competitive_game,0.2069,0.72
1595,low_energy,very_low,15,morning,holiday,dating,5,light,false,false,gentle_connection,15,Music Mood,watch_together,0.05842,0.715
1596,calm,very_low,5,morning,rough_day,new,5,light,false,false,calm_connection,23,Cozy Conversation,conversation,0.15174,0.835
1597,sensual,high,10,afternoon,just_because,new,3,high,true,true,sensual_connection,20,Romantic Q&A,intimate_activity,0.0782,0.726
1598,sensual,very_low,60,late_night,late_night,new,1,high,true,true,sensual_connection,20,Romantic Q&A,intimate_activity,0.19302,0.707
1599,romantic,very_high,5,morning,anniversary,new,1,moderate,true,false,romantic_connection,22,Little Moments,memory,0.08832,0.657
1600,nostalgic,high,20,morning,just_because,just_met,3,moderate,true,false,memory_connection,6,Scribble,creative_game,0.07117,0.66
1601,romantic,low,60,evening,holiday,long_term,4,moderate,true,false,romantic_connection,10,Memory Lane,memory,0.06462,0.708
1602,celebratory,very_low,20,afternoon,celebration,just_met,2,light,false,false,celebration,3,Trivia Battle,competitive_game,0.12546,0.725
1603,sensual,low,10,afternoon,reunion,serious,3,high,true,true,sensual_connection,18,Truth or Dare,romantic_activity,0.08297,0.811
1604,playful,very_high,20,evening,celebration,dating,4,light,false,false,playful_social,17,Couple Challenge,challenge,0.08625,0.823
1605,erotic,very_low,20,late_night,holiday,serious,2,very_high,true,true,intimate_connection,20,Romantic Q&A,intimate_activity,0.08759,0.739
1606,energetic,very_low,30,late_night,normal_day,long_term,3,light,false,false,high_energy_fun,3,Trivia Battle,competitive_game,0.09347,0.665
1607,low_energy,very_high,20,morning,just_because,dating,2,light,false,false,gentle_connection,15,Music Mood,watch_together,0.05931,0.665
1608,sensual,high,15,morning,date_night,dating,5,high,true,true,sensual_connection,14,Date Planner,date_activity,0.06624,0.755
1609,nostalgic,low,15,late_night,weekend,just_met,2,moderate,true,false,memory_connection,7,Find the Spy,social_game,0.07303,0.67
1610,calm,very_high,15,late_night,rough_day,new,3,light,false,false,calm_connection,22,Little Moments,memory,0.07018,0.761
1611,low_energy,medium,20,morning,just_because,serious,4,light,false,false,gentle_connection,22,Little Moments,memory,0.05775,0.763
1612,celebratory,low,30,evening,date_night,dating,5,light,false,false,celebration,6,Scribble,creative_game,0.05944,0.69
1613,calm,very_high,30,late_night,first_date,just_met,1,light,false,false,calm_connection,6,Scribble,creative_game,0.10292,0.635
1614,romantic,low,5,morning,reunion,serious,3,moderate,true,false,romantic_connection,23,Cozy Conversation,conversation,0.08007,0.776
1615,erotic,low,5,afternoon,rough_day,serious,4,very_high,true,true,intimate_connection,22,Little Moments,memory,0.10453,0.768
1616,happy,very_high,15,morning,normal_day,just_met,4,light,false,false,positive_social,6,Scribble,creative_game,0.10787,0.715
1617,celebratory,very_low,10,evening,first_date,serious,4,light,false,false,celebration,8,Two Truths and a Lie,question_game,0.0903,0.75
1618,low_energy,very_high,30,afternoon,anniversary,dating,4,light,false,false,gentle_connection,22,Little Moments,memory,0.0787,0.693
1619,deep,low,10,afternoon,long_distance,long_term,2,light,false,false,deep_connection,10,Memory Lane,memory,0.07674,0.824
1620,happy,very_low,10,morning,special_memory,new,1,light,false,false,positive_social,22,Little Moments,memory,0.07343,0.707
1621,relaxed,very_high,30,morning,valentines,new,5,light,false,false,easy_connection,15,Music Mood,watch_together,0.06829,0.665
1622,affectionate,very_high,60,late_night,weekend,dating,3,moderate,true,false,warm_connection,14,Date Planner,date_activity,0.08696,0.626
1623,nostalgic,low,60,morning,reunion,serious,4,moderate,true,false,memory_connection,16,Watch Together,watch_together,0.10435,0.66
1624,celebratory,very_low,10,evening,first_date,just_met,4,light,false,false,celebration,8,Two Truths and a Lie,question_game,0.14734,0.75
1625,celebratory,very_high,15,morning,anniversary,dating,3,light,false,false,celebration,10,Memory Lane,memory,0.05729,0.681
1626,calm,very_low,60,afternoon,birthday,just_met,5,light,false,false,calm_connection,12,Deep Questions,conversation,0.16116,0.635
1627,nostalgic,very_high,30,evening,long_distance,long_term,1,moderate,true,false,memory_connection,15,Music Mood,watch_together,0.09064,0.645
1628,playful,very_high,20,evening,celebration,just_met,1,light,false,false,playful_social,3,Trivia Battle,competitive_game,0.14109,0.775
1629,deep,low,15,morning,date_night,new,5,light,false,false,deep_connection,11,Relationship Timeline,memory,0.05379,0.8
1630,calm,very_low,10,late_night,first_date,long_term,5,light,false,false,calm_connection,8,Two Truths and a Lie,question_game,0.06522,0.67
1631,erotic,very_low,15,morning,long_distance,long_term,5,very_high,true,true,intimate_connection,22,Little Moments,memory,0.06892,0.755
1632,nostalgic,high,10,evening,rough_day,just_met,1,moderate,true,false,memory_connection,15,Music Mood,watch_together,0.10329,0.67
1633,nostalgic,low,45,evening,long_distance,serious,3,moderate,true,false,memory_connection,11,Relationship Timeline,memory,0.09892,0.696
1634,affectionate,very_low,5,morning,special_memory,new,5,moderate,true,false,warm_connection,21,Compliment Challenge,romantic_activity,0.10574,0.775
1635,relaxed,very_low,30,late_night,normal_day,serious,4,light,false,false,easy_connection,23,Cozy Conversation,conversation,0.06888,0.683
1636,relaxed,high,30,afternoon,first_date,serious,1,light,false,false,easy_connection,3,Trivia Battle,competitive_game,0.08946,0.66
1637,calm,medium,10,evening,long_distance,just_met,2,light,false,false,calm_connection,12,Deep Questions,conversation,0.10605,0.775
1638,celebratory,very_low,10,late_night,rough_day,long_term,5,light,false,false,celebration,23,Cozy Conversation,conversation,0.06628,0.755
1639,erotic,very_low,60,afternoon,holiday,just_met,1,very_high,true,true,intimate_connection,16,Watch Together,watch_together,0.34146,0.635
1640,energetic,low,15,morning,valentines,dating,5,light,false,false,high_energy_fun,14,Date Planner,date_activity,0.05084,0.755
1641,affectionate,medium,10,late_night,reunion,just_met,1,moderate,true,false,warm_connection,2,This or That,question_game,0.07739,0.66
1642,nostalgic,low,20,evening,just_because,new,4,moderate,true,false,memory_connection,23,Cozy Conversation,conversation,0.05823,0.788
1643,calm,very_high,15,afternoon,weekend,dating,3,light,false,false,calm_connection,3,Trivia Battle,competitive_game,0.0533,0.695
1644,nostalgic,very_low,5,evening,just_because,serious,5,moderate,true,false,memory_connection,23,Cozy Conversation,conversation,0.10133,0.775
1645,playful,low,10,afternoon,birthday,long_term,2,light,false,false,playful_social,1,Rapid Fire,question_game,0.07049,0.75
1646,sensual,low,5,afternoon,rough_day,serious,4,high,true,true,sensual_connection,20,Romantic Q&A,intimate_activity,0.10187,0.768
1647,happy,high,60,morning,birthday,dating,5,light,false,false,positive_social,3,Trivia Battle,competitive_game,0.14085,0.72
1648,playful,very_low,15,late_night,reunion,just_met,4,light,false,false,playful_social,8,Two Truths and a Lie,question_game,0.08907,0.69
1649,happy,low,10,late_night,date_night,serious,5,light,false,false,positive_social,14,Date Planner,date_activity,0.05565,0.755
1650,deep,very_low,30,evening,just_because,just_met,5,light,false,false,deep_connection,5,Connect Four,competitive_game,0.08592,0.61
1651,calm,medium,60,afternoon,special_memory,just_met,3,light,false,false,calm_connection,15,Music Mood,watch_together,0.11684,0.635
1652,celebratory,high,60,late_night,special_memory,just_met,1,light,false,false,celebration,3,Trivia Battle,competitive_game,0.16667,0.66
1653,sensual,medium,60,late_night,long_distance,long_term,5,high,true,true,sensual_connection,22,Little Moments,memory,0.09113,0.755
1654,deep,low,20,late_night,rough_day,new,2,light,false,false,deep_connection,15,Music Mood,watch_together,0.06022,0.72
1655,deep,medium,5,afternoon,special_memory,long_term,3,light,false,false,deep_connection,22,Little Moments,memory,0.09576,0.731
1656,relaxed,very_low,30,evening,valentines,dating,3,light,false,false,easy_connection,16,Watch Together,watch_together,0.07655,0.715
1657,erotic,very_high,5,morning,birthday,long_term,3,very_high,true,true,intimate_connection,21,Compliment Challenge,romantic_activity,0.08952,0.701
1658,romantic,high,20,morning,reunion,just_met,4,moderate,true,false,romantic_connection,3,Trivia Battle,competitive_game,0.07025,0.66
1659,calm,high,45,afternoon,long_distance,just_met,5,light,false,false,calm_connection,6,Scribble,creative_game,0.05217,0.58
1660,deep,very_high,30,evening,first_date,serious,2,light,false,false,deep_connection,12,Deep Questions,conversation,0.13316,0.725
1661,erotic,medium,15,late_night,date_night,new,2,very_high,true,true,intimate_connection,19,Flirty This or That,intimate_activity,0.09572,0.824
1662,celebratory,very_low,10,morning,celebration,just_met,2,light,false,false,celebration,8,Two Truths and a Lie,question_game,0.08935,0.69
1663,energetic,very_high,15,morning,weekend,new,1,light,false,false,high_energy_fun,1,Rapid Fire,question_game,0.07198,0.715
1664,deep,medium,5,evening,weekend,just_met,5,light,false,false,deep_connection,4,Tic Tac Toe,competitive_game,0.11788,0.66
1665,playful,very_low,30,late_night,first_date,long_term,1,light,false,false,playful_social,8,Two Truths and a Lie,question_game,0.11782,0.67
1666,calm,very_high,15,late_night,first_date,serious,3,light,false,false,calm_connection,12,Deep Questions,conversation,0.07566,0.725
1667,calm,very_high,60,evening,valentines,serious,3,light,false,false,calm_connection,20,Romantic Q&A,intimate_activity,0.13305,0.681
1668,deep,very_high,5,afternoon,valentines,just_met,3,light,false,false,deep_connection,1,Rapid Fire,question_game,0.09744,0.635
1669,celebratory,very_low,5,afternoon,special_memory,dating,5,light,false,false,celebration,11,Relationship Timeline,memory,0.06007,0.675
1670,sensual,very_high,60,evening,anniversary,serious,5,high,true,true,sensual_connection,20,Romantic Q&A,intimate_activity,0.12534,0.705
1671,sensual,low,20,morning,first_date,new,5,high,true,true,sensual_connection,25,Playful Teasing Cards,intimate_activity,0.08371,0.775
1672,celebratory,very_high,45,late_night,weekend,just_met,5,light,false,false,celebration,3,Trivia Battle,competitive_game,0.10365,0.695
1673,celebratory,high,45,late_night,valentines,dating,2,light,false,false,celebration,6,Scribble,creative_game,0.06856,0.66
1674,deep,low,15,afternoon,special_memory,dating,2,light,false,false,deep_connection,11,Relationship Timeline,memory,0.08601,0.824
1675,sensual,very_low,45,afternoon,reunion,serious,3,high,true,true,sensual_connection,18,Truth or Dare,romantic_activity,0.10321,0.706
1676,nostalgic,very_high,5,evening,celebration,serious,5,moderate,true,false,memory_connection,22,Little Moments,memory,0.1122,0.725
1677,erotic,high,10,afternoon,just_because,long_term,2,very_high,true,true,intimate_connection,20,Romantic Q&A,intimate_activity,0.07978,0.714
1678,relaxed,very_high,45,afternoon,late_night,dating,3,light,false,false,easy_connection,16,Watch Together,watch_together,0.21191,0.725
1679,playful,very_low,20,late_night,weekend,new,5,light,false,false,playful_social,3,Trivia Battle,competitive_game,0.06642,0.725
1680,erotic,low,10,late_night,normal_day,new,1,very_high,true,true,intimate_connection,19,Flirty This or That,intimate_activity,0.09412,0.727
1681,erotic,very_high,45,late_night,rough_day,just_met,2,very_high,true,true,intimate_connection,16,Watch Together,watch_together,0.10111,0.645
1682,relaxed,very_low,45,afternoon,first_date,new,5,light,false,false,easy_connection,12,Deep Questions,conversation,0.10884,0.615
1683,relaxed,high,15,afternoon,long_distance,long_term,2,light,false,false,easy_connection,22,Little Moments,memory,0.06406,0.774
1684,playful,medium,60,evening,late_night,long_term,5,light,false,false,playful_social,16,Watch Together,watch_together,0.12903,0.695
1685,sensual,very_low,5,evening,reunion,serious,4,high,true,true,sensual_connection,21,Compliment Challenge,romantic_activity,0.09472,0.763
1686,relaxed,medium,60,late_night,rough_day,new,2,light,false,false,easy_connection,22,Little Moments,memory,0.12375,0.719
1687,celebratory,very_high,5,afternoon,just_because,just_met,5,light,false,false,celebration,4,Tic Tac Toe,competitive_game,0.11456,0.61
1688,low_energy,high,20,evening,reunion,new,5,light,false,false,gentle_connection,17,Couple Challenge,challenge,0.05598,0.78
1689,deep,very_low,10,evening,reunion,dating,1,light,false,false,deep_connection,22,Little Moments,memory,0.05901,0.707
1690,nostalgic,very_high,30,late_night,birthday,dating,4,moderate,true,false,memory_connection,3,Trivia Battle,competitive_game,0.08802,0.695
1691,romantic,low,5,afternoon,long_distance,long_term,3,moderate,true,false,romantic_connection,23,Cozy Conversation,conversation,0.07937,0.776
1692,celebratory,medium,5,evening,birthday,new,1,light,false,false,celebration,1,Rapid Fire,question_game,0.13902,0.775
1693,energetic,high,10,afternoon,birthday,dating,5,light,false,false,high_energy_fun,17,Couple Challenge,challenge,0.0812,0.86
1694,affectionate,medium,10,morning,anniversary,long_term,5,moderate,true,false,warm_connection,20,Romantic Q&A,intimate_activity,0.05906,0.835
1695,happy,very_high,5,afternoon,normal_day,serious,1,light,false,false,positive_social,2,This or That,question_game,0.15213,0.69
1696,deep,very_high,20,late_night,weekend,new,4,light,false,false,deep_connection,13,Future Plans,conversation,0.06079,0.738
1697,playful,very_low,20,late_night,reunion,dating,1,light,false,false,playful_social,10,Memory Lane,memory,0.05963,0.707
1698,deep,very_low,15,morning,rough_day,new,1,light,false,false,deep_connection,10,Memory Lane,memory,0.07625,0.787
1699,nostalgic,medium,15,late_night,celebration,long_term,1,moderate,true,false,memory_connection,10,Memory Lane,memory,0.0573,0.727
1700,calm,very_low,20,morning,just_because,long_term,3,light,false,false,calm_connection,23,Cozy Conversation,conversation,0.06664,0.751
1701,nostalgic,very_low,45,morning,anniversary,new,5,moderate,true,false,memory_connection,10,Memory Lane,memory,0.17716,0.755
1702,affectionate,low,15,late_night,date_night,serious,2,moderate,true,false,warm_connection,22,Little Moments,memory,0.05423,0.764
1703,deep,low,10,morning,weekend,new,1,light,false,false,deep_connection,10,Memory Lane,memory,0.05658,0.752
1704,energetic,very_high,30,afternoon,rough_day,new,1,light,false,false,high_energy_fun,6,Scribble,creative_game,0.11054,0.715
1705,deep,very_high,20,afternoon,celebration,dating,4,light,false,false,deep_connection,12,Deep Questions,conversation,0.06225,0.665
1706,romantic,medium,60,afternoon,just_because,dating,4,moderate,true,false,romantic_connection,14,Date Planner,date_activity,0.0995,0.768
1707,low_energy,high,30,evening,weekend,serious,3,light,false,false,gentle_connection,14,Date Planner,date_activity,0.07838,0.731
1708,playful,medium,20,late_night,valentines,new,4,light,false,false,playful_social,18,Truth or Dare,romantic_activity,0.07272,0.848
1709,energetic,medium,45,morning,valentines,serious,2,light,false,false,high_energy_fun,6,Scribble,creative_game,0.06511,0.635
1710,energetic,high,30,late_night,celebration,new,1,light,false,false,high_energy_fun,6,Scribble,creative_game,0.13796,0.8
1711,nostalgic,low,60,late_night,normal_day,long_term,3,moderate,true,false,memory_connection,11,Relationship Timeline,memory,0.16086,0.696
1712,calm,high,20,late_night,long_distance,serious,3,light,false,false,calm_connection,22,Little Moments,memory,0.06781,0.786
1713,deep,high,45,afternoon,valentines,just_met,3,light,false,false,deep_connection,16,Watch Together,watch_together,0.21176,0.61
1714,affectionate,very_high,10,afternoon,special_memory,just_met,5,moderate,true,false,warm_connection,1,Rapid Fire,question_game,0.06784,0.635
1715,romantic,very_high,30,morning,rough_day,just_met,4,moderate,true,false,romantic_connection,15,Music Mood,watch_together,0.1389,0.645
1716,sensual,medium,15,morning,celebration,just_met,5,high,true,true,sensual_connection,1,Rapid Fire,question_game,0.09174,0.695
1717,nostalgic,low,10,late_night,holiday,new,3,moderate,true,false,memory_connection,24,Date Night Roulette,date_activity,0.05753,0.731
1718,calm,medium,20,afternoon,weekend,new,1,light,false,false,calm_connection,3,Trivia Battle,competitive_game,0.05987,0.695
1719,happy,very_high,5,late_night,special_memory,serious,1,light,false,false,positive_social,1,Rapid Fire,question_game,0.13074,0.715
1720,deep,very_low,10,afternoon,normal_day,dating,1,light,false,false,deep_connection,23,Cozy Conversation,conversation,0.06072,0.727
1721,relaxed,high,10,evening,holiday,just_met,1,light,false,false,easy_connection,3,Trivia Battle,competitive_game,0.11111,0.72
1722,sensual,high,5,morning,rough_day,long_term,5,high,true,true,sensual_connection,20,Romantic Q&A,intimate_activity,0.09739,0.73
1723,playful,very_high,60,late_night,anniversary,long_term,3,light,false,false,playful_social,11,Relationship Timeline,memory,0.08383,0.601
1724,relaxed,very_high,45,morning,birthday,dating,4,light,false,false,easy_connection,16,Watch Together,watch_together,0.15385,0.665
1725,deep,very_high,20,late_night,birthday,serious,1,light,false,false,deep_connection,6,Scribble,creative_game,0.07534,0.695
1726,relaxed,very_high,15,late_night,birthday,long_term,5,light,false,false,easy_connection,3,Trivia Battle,competitive_game,0.05672,0.695
1727,happy,high,45,late_night,valentines,long_term,1,light,false,false,positive_social,3,Trivia Battle,competitive_game,0.08778,0.66
1728,celebratory,very_low,20,afternoon,reunion,dating,4,light,false,false,celebration,24,Date Night Roulette,date_activity,0.07269,0.798
1729,low_energy,medium,15,afternoon,special_memory,just_met,1,light,false,false,gentle_connection,15,Music Mood,watch_together,0.07822,0.715
1730,affectionate,high,30,afternoon,first_date,new,4,moderate,true,false,warm_connection,3,Trivia Battle,competitive_game,0.07126,0.66
1731,energetic,very_high,45,afternoon,normal_day,serious,3,light,false,false,high_energy_fun,6,Scribble,creative_game,0.14336,0.635
1732,sensual,medium,60,afternoon,normal_day,dating,5,high,true,true,sensual_connection,20,Romantic Q&A,intimate_activity,0.11178,0.695
1733,happy,medium,45,afternoon,special_memory,long_term,4,light,false,false,positive_social,22,Little Moments,memory,0.08893,0.663
1734,calm,low,15,late_night,rough_day,serious,5,light,false,false,calm_connection,16,Watch Together,watch_together,0.07226,0.8
1735,sensual,very_low,5,late_night,rough_day,just_met,4,high,true,true,sensual_connection,15,Music Mood,watch_together,0.20312,0.615
1736,happy,low,30,morning,date_night,new,4,light,false,false,positive_social,6,Scribble,creative_game,0.05563,0.69
1737,playful,very_low,20,late_night,date_night,long_term,4,light,false,false,playful_social,18,Truth or Dare,romantic_activity,0.06685,0.798
1738,nostalgic,high,20,morning,birthday,just_met,4,moderate,true,false,memory_connection,5,Connect Four,competitive_game,0.06221,0.635
1739,sensual,medium,30,evening,late_night,dating,5,high,true,true,sensual_connection,20,Romantic Q&A,intimate_activity,0.10171,0.755
1740,romantic,medium,30,afternoon,special_memory,long_term,3,moderate,true,false,romantic_connection,14,Date Planner,date_activity,0.06927,0.776
1741,deep,high,20,afternoon,just_because,dating,2,light,false,false,deep_connection,9,How Well Do You Know Me,question_game,0.06875,0.799
1742,sensual,high,5,evening,long_distance,new,2,high,true,true,sensual_connection,22,Little Moments,memory,0.11007,0.774
1743,happy,medium,45,afternoon,anniversary,just_met,5,light,false,false,positive_social,8,Two Truths and a Lie,question_game,0.13052,0.66
1744,playful,very_low,30,late_night,late_night,new,1,light,false,false,playful_social,6,Scribble,creative_game,0.09636,0.665
1745,nostalgic,low,15,morning,just_because,new,3,moderate,true,false,memory_connection,11,Relationship Timeline,memory,0.06571,0.776
1746,relaxed,very_high,45,evening,valentines,long_term,4,light,false,false,easy_connection,20,Romantic Q&A,intimate_activity,0.07065,0.613
1747,nostalgic,very_high,45,afternoon,first_date,long_term,2,moderate,true,false,memory_connection,16,Watch Together,watch_together,0.14205,0.585
1748,affectionate,medium,10,evening,late_night,just_met,2,moderate,true,false,warm_connection,2,This or That,question_game,0.05698,0.66
1749,celebratory,high,15,evening,special_memory,long_term,4,light,false,false,celebration,10,Memory Lane,memory,0.05761,0.718
1750,happy,low,10,morning,just_because,long_term,2,light,false,false,positive_social,2,This or That,question_game,0.06168,0.775
1751,energetic,very_low,15,morning,just_because,just_met,2,light,false,false,high_energy_fun,6,Scribble,creative_game,0.09213,0.665
1752,energetic,high,45,late_night,valentines,dating,5,light,false,false,high_energy_fun,17,Couple Challenge,challenge,0.07613,0.72
1753,affectionate,very_high,20,late_night,special_memory,serious,4,moderate,true,false,warm_connection,10,Memory Lane,memory,0.08667,0.773
1754,nostalgic,medium,30,morning,just_because,long_term,2,moderate,true,false,memory_connection,10,Memory Lane,memory,0.06043,0.659
1755,low_energy,medium,45,afternoon,holiday,serious,5,light,false,false,gentle_connection,14,Date Planner,date_activity,0.08061,0.7
1756,sensual,medium,45,morning,weekend,serious,3,high,true,true,sensual_connection,19,Flirty This or That,intimate_activity,0.09527,0.696
1757,calm,high,60,evening,rough_day,serious,2,light,false,false,calm_connection,15,Music Mood,watch_together,0.12014,0.67
1758,affectionate,high,15,afternoon,just_because,just_met,2,moderate,true,false,warm_connection,2,This or That,question_game,0.07765,0.695
1759,nostalgic,low,5,evening,valentines,just_met,3,moderate,true,false,memory_connection,1,Rapid Fire,question_game,0.08451,0.61
1760,nostalgic,very_low,30,evening,normal_day,dating,4,moderate,true,false,memory_connection,10,Memory Lane,memory,0.08291,0.683
1761,sensual,medium,15,morning,late_night,just_met,4,high,true,true,sensual_connection,16,Watch Together,watch_together,0.05877,0.695
1762,low_energy,high,20,afternoon,reunion,long_term,1,light,false,false,gentle_connection,10,Memory Lane,memory,0.08126,0.762
1763,happy,very_high,45,afternoon,rough_day,new,2,light,false,false,positive_social,16,Watch Together,watch_together,0.1706,0.645
1764,playful,very_low,20,morning,valentines,just_met,5,light,false,false,playful_social,6,Scribble,creative_game,0.09064,0.665
1765,affectionate,very_high,45,morning,valentines,dating,2,moderate,true,false,warm_connection,16,Watch Together,watch_together,0.073,0.585
1766,celebratory,medium,30,morning,celebration,serious,4,light,false,false,celebration,24,Date Night Roulette,date_activity,0.07351,0.788
1767,low_energy,very_low,5,afternoon,holiday,long_term,2,light,false,false,gentle_connection,15,Music Mood,watch_together,0.05973,0.635
1768,playful,low,20,morning,birthday,long_term,2,light,false,false,playful_social,8,Two Truths and a Lie,question_game,0.058,0.715
1769,relaxed,low,45,morning,birthday,dating,5,light,false,false,easy_connection,23,Cozy Conversation,conversation,0.0847,0.72
1770,calm,high,30,morning,late_night,serious,1,light,false,false,calm_connection,16,Watch Together,watch_together,0.1196,0.75
1771,playful,low,45,morning,date_night,dating,5,light,false,false,playful_social,14,Date Planner,date_activity,0.06411,0.675
1772,happy,low,60,morning,anniversary,dating,4,light,false,false,positive_social,10,Memory Lane,memory,0.11194,0.688
1773,sensual,low,15,afternoon,rough_day,new,3,high,true,true,sensual_connection,20,Romantic Q&A,intimate_activity,0.0939,0.836
1774,sensual,medium,10,evening,date_night,long_term,3,high,true,true,sensual_connection,20,Romantic Q&A,intimate_activity,0.09355,0.811
1775,affectionate,medium,10,afternoon,birthday,dating,4,moderate,true,false,warm_connection,22,Little Moments,memory,0.05625,0.763
1776,energetic,medium,30,evening,valentines,long_term,4,light,false,false,high_energy_fun,6,Scribble,creative_game,0.06992,0.715
1777,low_energy,low,5,late_night,date_night,long_term,5,light,false,false,gentle_connection,23,Cozy Conversation,conversation,0.0933,0.8
1778,sensual,high,15,evening,anniversary,dating,5,high,true,true,sensual_connection,22,Little Moments,memory,0.0766,0.81
1779,sensual,medium,5,afternoon,birthday,new,4,high,true,true,sensual_connection,25,Playful Teasing Cards,intimate_activity,0.11545,0.788
1780,playful,very_high,45,afternoon,reunion,new,4,light,false,false,playful_social,6,Scribble,creative_game,0.09091,0.635
1781,calm,very_high,20,morning,valentines,just_met,3,light,false,false,calm_connection,3,Trivia Battle,competitive_game,0.06561,0.635
1782,happy,low,20,late_night,valentines,dating,1,light,false,false,positive_social,8,Two Truths and a Lie,question_game,0.06313,0.715
1783,calm,medium,10,late_night,weekend,new,1,light,false,false,calm_connection,7,Find the Spy,social_game,0.05742,0.695
1784,celebratory,high,30,late_night,rough_day,serious,4,light,false,false,celebration,18,Truth or Dare,romantic_activity,0.06975,0.763
1785,deep,medium,30,evening,reunion,serious,3,light,false,false,deep_connection,11,Relationship Timeline,memory,0.09846,0.811
1786,affectionate,very_high,5,late_night,long_distance,dating,5,moderate,true,false,warm_connection,21,Compliment Challenge,romantic_activity,0.09318,0.725
1787,happy,low,30,afternoon,just_because,dating,5,light,false,false,positive_social,6,Scribble,creative_game,0.06401,0.69
1788,nostalgic,low,30,afternoon,date_night,dating,1,moderate,true,false,memory_connection,12,Deep Questions,conversation,0.05913,0.66
1789,deep,low,60,evening,reunion,serious,2,light,false,false,deep_connection,11,Relationship Timeline,memory,0.13536,0.744
1790,low_energy,low,10,afternoon,birthday,dating,1,light,false,false,gentle_connection,15,Music Mood,watch_together,0.07273,0.74
1791,affectionate,high,5,afternoon,date_night,long_term,3,moderate,true,false,warm_connection,21,Compliment Challenge,romantic_activity,0.07985,0.726
1792,romantic,medium,5,late_night,weekend,serious,2,moderate,true,false,romantic_connection,2,This or That,question_game,0.05102,0.66
1793,low_energy,high,60,late_night,rough_day,new,1,light,false,false,gentle_connection,15,Music Mood,watch_together,0.16082,0.67
1794,calm,low,20,evening,just_because,dating,4,light,false,false,calm_connection,10,Memory Lane,memory,0.05748,0.788
1795,nostalgic,very_low,15,late_night,celebration,long_term,1,moderate,true,false,memory_connection,11,Relationship Timeline,memory,0.06593,0.727
1796,celebratory,low,60,afternoon,valentines,dating,3,light,false,false,celebration,20,Romantic Q&A,intimate_activity,0.07849,0.676
1797,happy,very_high,30,late_night,just_because,just_met,2,light,false,false,positive_social,3,Trivia Battle,competitive_game,0.13082,0.715
1798,affectionate,very_low,10,evening,long_distance,just_met,3,moderate,true,false,warm_connection,15,Music Mood,watch_together,0.0915,0.695
1799,romantic,high,10,evening,birthday,serious,4,moderate,true,false,romantic_connection,24,Date Night Roulette,date_activity,0.06905,0.823
1800,relaxed,low,10,late_night,celebration,long_term,1,light,false,false,easy_connection,1,Rapid Fire,question_game,0.05887,0.67
1801,playful,medium,45,morning,celebration,serious,1,light,false,false,playful_social,6,Scribble,creative_game,0.14491,0.695
1802,romantic,very_high,30,late_night,celebration,serious,1,moderate,true,false,romantic_connection,6,Scribble,creative_game,0.10315,0.695
1803,low_energy,high,20,morning,birthday,serious,3,light,false,false,gentle_connection,17,Couple Challenge,challenge,0.05796,0.756
1804,playful,very_high,60,late_night,weekend,dating,4,light,false,false,playful_social,1,Rapid Fire,question_game,0.08413,0.635
1805,nostalgic,medium,5,afternoon,long_distance,long_term,4,moderate,true,false,memory_connection,4,Tic Tac Toe,competitive_game,0.0545,0.66
1806,playful,low,5,evening,just_because,long_term,3,light,false,false,playful_social,2,This or That,question_game,0.11025,0.775
1807,celebratory,high,20,morning,reunion,dating,1,light,false,false,celebration,17,Couple Challenge,challenge,0.08403,0.812
1808,energetic,high,15,morning,just_because,long_term,3,light,false,false,high_energy_fun,3,Trivia Battle,competitive_game,0.06039,0.74
1809,calm,medium,60,morning,weekend,dating,2,light,false,false,calm_connection,16,Watch Together,watch_together,0.13592,0.715
1810,relaxed,very_low,20,evening,birthday,just_met,5,light,false,false,easy_connection,15,Music Mood,watch_together,0.10895,0.715
1811,sensual,very_low,30,late_night,anniversary,new,1,high,true,true,sensual_connection,18,Truth or Dare,romantic_activity,0.08593,0.702
1812,romantic,low,45,late_night,long_distance,dating,3,moderate,true,false,romantic_connection,12,Deep Questions,conversation,0.06348,0.64
1813,sensual,very_high,10,late_night,normal_day,just_met,3,high,true,true,sensual_connection,1,Rapid Fire,question_game,0.12057,0.635
1814,romantic,very_high,45,morning,long_distance,long_term,1,moderate,true,false,romantic_connection,9,How Well Do You Know Me,question_game,0.11337,0.682
1815,low_energy,medium,20,late_night,normal_day,new,3,light,false,false,gentle_connection,16,Watch Together,watch_together,0.06297,0.715
1816,sensual,very_low,60,late_night,first_date,new,5,high,true,true,sensual_connection,19,Flirty This or That,intimate_activity,0.13675,0.67
1817,deep,very_high,30,afternoon,rough_day,just_met,3,light,false,false,deep_connection,16,Watch Together,watch_together,0.14352,0.645
1818,affectionate,high,15,afternoon,birthday,long_term,1,moderate,true,false,warm_connection,6,Scribble,creative_game,0.06541,0.72
1819,romantic,medium,15,morning,long_distance,new,1,moderate,true,false,romantic_connection,12,Deep Questions,conversation,0.05263,0.695
1820,low_energy,low,15,evening,reunion,long_term,3,light,false,false,gentle_connection,10,Memory Lane,memory,0.07848,0.836
1821,affectionate,very_low,45,evening,anniversary,just_met,5,moderate,true,false,warm_connection,16,Watch Together,watch_together,0.225,0.635
1822,sensual,very_high,60,late_night,late_night,serious,5,high,true,true,sensual_connection,25,Playful Teasing Cards,intimate_activity,0.16024,0.73
1823,relaxed,high,30,morning,valentines,dating,3,light,false,false,easy_connection,14,Date Planner,date_activity,0.07838,0.731
1824,energetic,low,20,late_night,anniversary,long_term,2,light,false,false,high_energy_fun,13,Future Plans,conversation,0.05593,0.719
1825,deep,high,5,morning,celebration,serious,5,light,false,false,deep_connection,4,Tic Tac Toe,competitive_game,0.05471,0.635
1826,playful,low,45,evening,birthday,dating,3,light,false,false,playful_social,3,Trivia Battle,competitive_game,0.097,0.67
1827,energetic,very_low,10,afternoon,late_night,dating,5,light,false,false,high_energy_fun,1,Rapid Fire,question_game,0.05294,0.665
1828,erotic,very_low,60,evening,weekend,serious,2,very_high,true,true,intimate_connection,19,Flirty This or That,intimate_activity,0.10366,0.634
1829,nostalgic,low,20,morning,first_date,serious,2,moderate,true,false,memory_connection,11,Relationship Timeline,memory,0.07139,0.764
1830,playful,very_high,15,afternoon,holiday,new,4,light,false,false,playful_social,17,Couple Challenge,challenge,0.07211,0.823
1831,calm,low,20,evening,valentines,dating,1,light,false,false,calm_connection,16,Watch Together,watch_together,0.06335,0.74
1832,low_energy,medium,30,late_night,anniversary,serious,4,light,false,false,gentle_connection,15,Music Mood,watch_together,0.07098,0.715
1833,deep,high,10,afternoon,long_distance,dating,1,light,false,false,deep_connection,9,How Well Do You Know Me,question_game,0.06881,0.787
1834,calm,high,45,afternoon,celebration,just_met,4,light,false,false,calm_connection,6,Scribble,creative_game,0.13838,0.64
1835,relaxed,high,20,afternoon,celebration,just_met,5,light,false,false,easy_connection,3,Trivia Battle,competitive_game,0.10297,0.72
1836,celebratory,very_high,30,morning,late_night,long_term,4,light,false,false,celebration,16,Watch Together,watch_together,0.07029,0.645
1837,calm,very_high,10,afternoon,late_night,serious,1,light,false,false,calm_connection,16,Watch Together,watch_together,0.05061,0.645
1838,happy,very_high,60,late_night,weekend,long_term,2,light,false,false,positive_social,14,Date Planner,date_activity,0.09291,0.614
1839,romantic,high,15,afternoon,date_night,serious,2,moderate,true,false,romantic_connection,18,Truth or Dare,romantic_activity,0.06645,0.799
1840,deep,very_low,5,afternoon,late_night,serious,4,light,false,false,deep_connection,23,Cozy Conversation,conversation,0.12405,0.823
1841,celebratory,high,10,afternoon,reunion,long_term,1,light,false,false,celebration,1,Rapid Fire,question_game,0.06637,0.74
1842,calm,low,10,late_night,rough_day,just_met,1,light,false,false,calm_connection,15,Music Mood,watch_together,0.08351,0.8
1843,low_energy,high,60,late_night,holiday,serious,1,light,false,false,gentle_connection,15,Music Mood,watch_together,0.09922,0.61
1844,deep,very_high,5,morning,reunion,serious,1,light,false,false,deep_connection,22,Little Moments,memory,0.09733,0.657
1845,relaxed,very_low,15,late_night,rough_day,long_term,4,light,false,false,easy_connection,16,Watch Together,watch_together,0.07707,0.775
1846,playful,very_low,10,evening,special_memory,long_term,1,light,false,false,playful_social,22,Little Moments,memory,0.06593,0.707
1847,calm,high,45,evening,date_night,new,4,light,false,false,calm_connection,16,Watch Together,watch_together,0.10299,0.69
1848,playful,medium,45,morning,reunion,serious,2,light,false,false,playful_social,16,Watch Together,watch_together,0.06838,0.635
1849,calm,medium,45,late_night,valentines,serious,3,light,false,false,calm_connection,18,Truth or Dare,romantic_activity,0.08544,0.676
1850,celebratory,very_low,60,afternoon,date_night,long_term,3,light,false,false,celebration,18,Truth or Dare,romantic_activity,0.13027,0.706
1851,calm,very_high,15,evening,birthday,new,5,light,false,false,calm_connection,17,Couple Challenge,challenge,0.05523,0.755
1852,energetic,high,45,evening,date_night,new,2,light,false,false,high_energy_fun,17,Couple Challenge,challenge,0.07433,0.684
1853,relaxed,medium,45,afternoon,normal_day,new,5,light,false,false,easy_connection,16,Watch Together,watch_together,0.16321,0.715
1854,celebratory,very_low,15,evening,rough_day,long_term,5,light,false,false,celebration,15,Music Mood,watch_together,0.057,0.695
1855,celebratory,low,15,afternoon,late_night,long_term,3,light,false,false,celebration,23,Cozy Conversation,conversation,0.05102,0.756
1856,relaxed,high,45,afternoon,holiday,long_term,4,light,false,false,easy_connection,16,Watch Together,watch_together,0.12766,0.69
1857,relaxed,very_low,45,morning,valentines,new,3,light,false,false,easy_connection,16,Watch Together,watch_together,0.13831,0.715
1858,romantic,medium,30,morning,celebration,new,3,moderate,true,false,romantic_connection,24,Date Night Roulette,date_activity,0.07035,0.776
1859,celebratory,very_low,60,afternoon,rough_day,new,3,light,false,false,celebration,15,Music Mood,watch_together,0.08853,0.615
1860,relaxed,very_low,15,morning,birthday,long_term,5,light,false,false,easy_connection,22,Little Moments,memory,0.05494,0.775
1861,nostalgic,very_low,60,morning,reunion,long_term,5,moderate,true,false,memory_connection,10,Memory Lane,memory,0.19502,0.755
1862,deep,low,45,afternoon,anniversary,serious,2,light,false,false,deep_connection,11,Relationship Timeline,memory,0.14518,0.744
1863,celebratory,medium,30,evening,first_date,new,1,light,false,false,celebration,5,Connect Four,competitive_game,0.07282,0.66
1864,romantic,very_high,15,morning,anniversary,new,2,moderate,true,false,romantic_connection,20,Romantic Q&A,intimate_activity,0.06122,0.749
1865,celebratory,high,20,morning,weekend,just_met,3,light,false,false,celebration,3,Trivia Battle,competitive_game,0.09298,0.8
1866,playful,low,20,morning,reunion,just_met,4,light,false,false,playful_social,8,Two Truths and a Lie,question_game,0.09325,0.715
1867,nostalgic,very_high,10,late_night,birthday,long_term,1,moderate,true,false,memory_connection,6,Scribble,creative_game,0.07394,0.695
1868,playful,high,60,afternoon,late_night,long_term,4,light,false,false,playful_social,2,This or That,question_game,0.07679,0.635
1869,deep,high,30,evening,reunion,new,3,light,false,false,deep_connection,12,Deep Questions,conversation,0.07526,0.69
1870,nostalgic,medium,45,evening,birthday,long_term,2,moderate,true,false,memory_connection,10,Memory Lane,memory,0.0893,0.659
1871,low_energy,very_high,30,evening,celebration,serious,1,light,false,false,gentle_connection,18,Truth or Dare,romantic_activity,0.07339,0.682
1872,romantic,high,5,evening,just_because,long_term,4,moderate,true,false,romantic_connection,23,Cozy Conversation,conversation,0.0767,0.738
1873,romantic,very_low,60,late_night,celebration,dating,1,moderate,true,false,romantic_connection,6,Scribble,creative_game,0.08,0.565
1874,energetic,medium,45,afternoon,anniversary,just_met,2,light,false,false,high_energy_fun,6,Scribble,creative_game,0.13268,0.635
1875,nostalgic,medium,15,late_night,first_date,dating,5,moderate,true,false,memory_connection,8,Two Truths and a Lie,question_game,0.06246,0.72
1876,low_energy,low,15,afternoon,anniversary,serious,2,light,false,false,gentle_connection,23,Cozy Conversation,conversation,0.06031,0.764
1877,celebratory,low,15,late_night,celebration,long_term,4,light,false,false,celebration,3,Trivia Battle,competitive_game,0.06246,0.75
1878,deep,low,15,late_night,just_because,dating,3,light,false,false,deep_connection,9,How Well Do You Know Me,question_game,0.06139,0.811
1879,calm,medium,60,evening,reunion,dating,4,light,false,false,calm_connection,22,Little Moments,memory,0.12072,0.743
1880,erotic,high,5,late_night,normal_day,serious,3,very_high,true,true,intimate_connection,23,Cozy Conversation,conversation,0.10629,0.726
1881,romantic,high,60,evening,normal_day,new,2,moderate,true,false,romantic_connection,14,Date Planner,date_activity,0.08458,0.659
1882,deep,medium,60,evening,normal_day,dating,4,light,false,false,deep_connection,10,Memory Lane,memory,0.10476,0.683
1883,calm,very_high,30,afternoon,special_memory,new,5,light,false,false,calm_connection,22,Little Moments,memory,0.08497,0.705
1884,deep,very_low,5,afternoon,date_night,dating,4,light,false,false,deep_connection,25,Playful Teasing Cards,intimate_activity,0.06739,0.718
1885,celebratory,high,5,late_night,rough_day,serious,2,light,false,false,celebration,1,Rapid Fire,question_game,0.0858,0.74
1886,celebratory,very_high,20,morning,first_date,just_met,3,light,false,false,celebration,3,Trivia Battle,competitive_game,0.12139,0.715
1887,calm,high,15,morning,reunion,new,1,light,false,false,calm_connection,22,Little Moments,memory,0.06825,0.762
1888,erotic,high,60,afternoon,holiday,new,5,very_high,true,true,intimate_connection,25,Playful Teasing Cards,intimate_activity,0.11145,0.695
1889,affectionate,very_high,5,late_night,anniversary,dating,5,moderate,true,false,warm_connection,10,Memory Lane,memory,0.09011,0.705
1890,low_energy,medium,30,evening,rough_day,just_met,2,light,false,false,gentle_connection,5,Connect Four,competitive_game,0.07494,0.66
1891,playful,medium,60,evening,just_because,serious,2,light,false,false,playful_social,2,This or That,question_game,0.11986,0.72
1892,energetic,low,20,evening,valentines,new,3,light,false,false,high_energy_fun,20,Romantic Q&A,intimate_activity,0.05846,0.756
1893,sensual,very_low,10,morning,celebration,serious,4,high,true,true,sensual_connection,20,Romantic Q&A,intimate_activity,0.08635,0.763
1894,energetic,very_low,60,morning,just_because,long_term,3,light,false,false,high_energy_fun,16,Watch Together,watch_together,0.13636,0.635
1895,relaxed,very_low,30,evening,special_memory,long_term,4,light,false,false,easy_connection,10,Memory Lane,memory,0.09944,0.743
1896,calm,very_low,45,morning,late_night,just_met,5,light,false,false,calm_connection,12,Deep Questions,conversation,0.16101,0.635
1897,nostalgic,low,60,morning,late_night,serious,5,moderate,true,false,memory_connection,11,Relationship Timeline,memory,0.10638,0.72
1898,affectionate,very_low,60,late_night,holiday,dating,4,moderate,true,false,warm_connection,22,Little Moments,memory,0.09977,0.683
1899,sensual,low,45,evening,first_date,new,5,high,true,true,sensual_connection,19,Flirty This or That,intimate_activity,0.11097,0.695
1900,nostalgic,high,5,late_night,late_night,dating,1,moderate,true,false,memory_connection,19,Flirty This or That,intimate_activity,0.08511,0.707
1901,relaxed,very_low,5,afternoon,valentines,serious,2,light,false,false,easy_connection,23,Cozy Conversation,conversation,0.09958,0.739
1902,affectionate,very_high,45,evening,weekend,serious,2,moderate,true,false,warm_connection,3,Trivia Battle,competitive_game,0.08229,0.615
1903,celebratory,medium,45,afternoon,anniversary,new,2,light,false,false,celebration,10,Memory Lane,memory,0.07686,0.639
1904,playful,very_low,30,morning,special_memory,new,5,light,false,false,playful_social,6,Scribble,creative_game,0.07507,0.665
1905,playful,medium,60,evening,just_because,new,2,light,false,false,playful_social,2,This or That,question_game,0.11986,0.72
1906,romantic,high,15,afternoon,just_because,new,3,moderate,true,false,romantic_connection,24,Date Night Roulette,date_activity,0.06682,0.811
1907,energetic,very_low,60,late_night,normal_day,serious,2,light,false,false,high_energy_fun,1,Rapid Fire,question_game,0.11388,0.585
1908,energetic,high,20,afternoon,anniversary,serious,5,light,false,false,high_energy_fun,10,Memory Lane,memory,0.05984,0.73
1909,playful,low,30,morning,date_night,new,1,light,false,false,playful_social,24,Date Night Roulette,date_activity,0.06927,0.707
1910,sensual,very_high,15,evening,long_distance,new,2,high,true,true,sensual_connection,9,How Well Do You Know Me,question_game,0.06595,0.694
1911,erotic,very_high,15,late_night,birthday,long_term,1,very_high,true,true,intimate_connection,18,Truth or Dare,romantic_activity,0.06989,0.702
1912,happy,very_low,20,late_night,long_distance,just_met,3,light,false,false,positive_social,15,Music Mood,watch_together,0.10923,0.695
1913,deep,very_low,20,evening,anniversary,just_met,4,light,false,false,deep_connection,15,Music Mood,watch_together,0.06207,0.635
1914,happy,medium,45,evening,normal_day,new,2,light,false,false,positive_social,16,Watch Together,watch_together,0.11748,0.635
1915,happy,low,30,afternoon,date_night,serious,1,light,false,false,positive_social,14,Date Planner,date_activity,0.07886,0.707
1916,erotic,low,60,evening,valentines,long_term,4,very_high,true,true,intimate_connection,18,Truth or Dare,romantic_activity,0.11607,0.743
1917,relaxed,low,10,afternoon,rough_day,new,3,light,false,false,easy_connection,16,Watch Together,watch_together,0.05376,0.72
1918,playful,low,5,late_night,anniversary,dating,4,light,false,false,playful_social,21,Compliment Challenge,romantic_activity,0.07833,0.768
1919,deep,very_high,15,morning,special_memory,just_met,3,light,false,false,deep_connection,12,Deep Questions,conversation,0.09021,0.665
1920,energetic,very_low,45,afternoon,just_because,serious,1,light,false,false,high_energy_fun,3,Trivia Battle,competitive_game,0.112,0.585
1921,erotic,very_high,45,afternoon,date_night,just_met,1,very_high,true,true,intimate_connection,16,Watch Together,watch_together,0.23967,0.585
1922,affectionate,very_low,20,morning,first_date,serious,4,moderate,true,false,warm_connection,23,Cozy Conversation,conversation,0.06574,0.763
1923,nostalgic,high,10,morning,birthday,serious,4,moderate,true,false,memory_connection,6,Scribble,creative_game,0.05729,0.72
1924,deep,low,15,evening,late_night,just_met,4,light,false,false,deep_connection,15,Music Mood,watch_together,0.07463,0.72
1925,celebratory,low,10,afternoon,weekend,new,2,light,false,false,celebration,17,Couple Challenge,challenge,0.07556,0.774
1926,playful,very_low,45,late_night,birthday,long_term,1,light,false,false,playful_social,3,Trivia Battle,competitive_game,0.13995,0.645
1927,deep,low,45,evening,valentines,serious,5,light,false,false,deep_connection,11,Relationship Timeline,memory,0.0764,0.72
1928,celebratory,medium,60,afternoon,valentines,serious,3,light,false,false,celebration,14,Date Planner,date_activity,0.07396,0.676
1929,celebratory,very_low,45,late_night,celebration,just_met,2,light,false,false,celebration,8,Two Truths and a Lie,question_game,0.08728,0.61
1930,happy,low,45,morning,holiday,new,2,light,false,false,positive_social,3,Trivia Battle,competitive_game,0.09753,0.67
1931,happy,very_high,20,late_night,holiday,dating,2,light,false,false,positive_social,17,Couple Challenge,challenge,0.07923,0.799
1932,celebratory,high,20,afternoon,reunion,long_term,3,light,false,false,celebration,24,Date Night Roulette,date_activity,0.07203,0.811
1933,playful,medium,45,evening,valentines,new,3,light,false,false,playful_social,25,Playful Teasing Cards,intimate_activity,0.0737,0.756
1934,energetic,very_high,20,morning,celebration,dating,5,light,false,false,high_energy_fun,3,Trivia Battle,competitive_game,0.08809,0.775
1935,erotic,medium,20,morning,weekend,new,1,very_high,true,true,intimate_connection,25,Playful Teasing Cards,intimate_activity,0.0826,0.752
1936,energetic,very_low,5,evening,date_night,dating,3,light,false,false,high_energy_fun,4,Tic Tac Toe,competitive_game,0.07692,0.69
1937,nostalgic,very_low,60,afternoon,long_distance,long_term,2,moderate,true,false,memory_connection,10,Memory Lane,memory,0.16834,0.719
1938,low_energy,low,60,morning,anniversary,dating,5,light,false,false,gentle_connection,22,Little Moments,memory,0.13678,0.78
1939,romantic,very_high,60,morning,special_memory,long_term,3,moderate,true,false,romantic_connection,11,Relationship Timeline,memory,0.09091,0.601
1940,sensual,very_high,10,evening,date_night,just_met,2,high,true,true,sensual_connection,1,Rapid Fire,question_game,0.11475,0.635
1941,celebratory,low,60,afternoon,weekend,long_term,4,light,false,false,celebration,6,Scribble,creative_game,0.09764,0.67
1942,deep,very_low,20,evening,long_distance,long_term,4,light,false,false,deep_connection,13,Future Plans,conversation,0.05884,0.738
1943,energetic,medium,10,evening,normal_day,just_met,3,light,false,false,high_energy_fun,7,Find the Spy,social_game,0.10658,0.715
1944,low_energy,medium,10,morning,normal_day,serious,2,light,false,false,gentle_connection,23,Cozy Conversation,conversation,0.06727,0.739
1945,romantic,low,20,afternoon,celebration,serious,4,moderate,true,false,romantic_connection,20,Romantic Q&A,intimate_activity,0.05436,0.788
1946,affectionate,medium,5,afternoon,birthday,new,4,moderate,true,false,warm_connection,21,Compliment Challenge,romantic_activity,0.08944,0.763
1947,sensual,very_high,45,afternoon,anniversary,serious,2,high,true,true,sensual_connection,21,Compliment Challenge,romantic_activity,0.08773,0.669
1948,erotic,medium,5,morning,weekend,dating,5,very_high,true,true,intimate_connection,19,Flirty This or That,intimate_activity,0.11515,0.8
1949,low_energy,very_high,20,afternoon,celebration,serious,3,light,false,false,gentle_connection,10,Memory Lane,memory,0.05805,0.701
1950,nostalgic,very_high,20,afternoon,first_date,dating,3,moderate,true,false,memory_connection,12,Deep Questions,conversation,0.05767,0.645
1951,happy,high,60,evening,first_date,serious,4,light,false,false,positive_social,16,Watch Together,watch_together,0.14243,0.61
1952,sensual,high,60,evening,anniversary,long_term,1,high,true,true,sensual_connection,20,Romantic Q&A,intimate_activity,0.14338,0.682
1953,sensual,very_high,30,evening,anniversary,serious,4,high,true,true,sensual_connection,20,Romantic Q&A,intimate_activity,0.09697,0.693
1954,low_energy,very_low,60,evening,holiday,dating,3,light,false,false,gentle_connection,10,Memory Lane,memory,0.09382,0.671
1955,calm,high,45,evening,valentines,just_met,1,light,false,false,calm_connection,16,Watch Together,watch_together,0.29508,0.69
1956,erotic,high,10,late_night,anniversary,long_term,4,very_high,true,true,intimate_connection,10,Memory Lane,memory,0.07403,0.718
1957,playful,high,30,late_night,late_night,long_term,4,light,false,false,playful_social,6,Scribble,creative_game,0.08235,0.74
1958,playful,very_high,60,morning,late_night,just_met,1,light,false,false,playful_social,8,Two Truths and a Lie,question_game,0.12541,0.61
1959,affectionate,medium,30,late_night,holiday,serious,1,moderate,true,false,warm_connection,6,Scribble,creative_game,0.08799,0.695
1960,erotic,high,60,late_night,late_night,long_term,1,very_high,true,true,intimate_connection,16,Watch Together,watch_together,0.08207,0.67
1961,erotic,high,45,morning,anniversary,long_term,2,very_high,true,true,intimate_connection,20,Romantic Q&A,intimate_activity,0.11885,0.694
1962,calm,very_low,15,late_night,special_memory,just_met,4,light,false,false,calm_connection,12,Deep Questions,conversation,0.08879,0.715
1963,deep,medium,60,evening,valentines,new,3,light,false,false,deep_connection,13,Future Plans,conversation,0.07396,0.696
1964,happy,medium,20,evening,special_memory,new,2,light,false,false,positive_social,22,Little Moments,memory,0.06655,0.719
1965,nostalgic,medium,45,late_night,special_memory,dating,2,moderate,true,false,memory_connection,16,Watch Together,watch_together,0.07613,0.635
1966,playful,medium,15,afternoon,valentines,dating,1,light,false,false,playful_social,6,Scribble,creative_game,0.05746,0.715
1967,playful,high,15,late_night,celebration,new,4,light,false,false,playful_social,1,Rapid Fire,question_game,0.07554,0.8
1968,sensual,high,15,evening,special_memory,serious,3,high,true,true,sensual_connection,10,Memory Lane,memory,0.07347,0.706
1969,romantic,medium,5,morning,anniversary,long_term,3,moderate,true,false,romantic_connection,23,Cozy Conversation,conversation,0.06965,0.751
1970,sensual,very_high,15,afternoon,long_distance,long_term,1,high,true,true,sensual_connection,20,Romantic Q&A,intimate_activity,0.10116,0.737
1971,playful,very_high,45,late_night,holiday,dating,2,light,false,false,playful_social,14,Date Planner,date_activity,0.08466,0.614
1972,nostalgic,medium,20,afternoon,just_because,serious,1,moderate,true,false,memory_connection,23,Cozy Conversation,conversation,0.04912,0.727
1973,sensual,medium,30,morning,valentines,new,4,high,true,true,sensual_connection,25,Playful Teasing Cards,intimate_activity,0.09843,0.768
1974,affectionate,very_high,10,evening,normal_day,serious,2,moderate,true,false,warm_connection,10,Memory Lane,memory,0.05643,0.689
1975,affectionate,low,10,late_night,celebration,new,2,moderate,true,false,warm_connection,21,Compliment Challenge,romantic_activity,0.0612,0.764
1976,affectionate,very_low,60,late_night,holiday,serious,4,moderate,true,false,warm_connection,22,Little Moments,memory,0.09977,0.683
1977,celebratory,low,20,afternoon,holiday,long_term,5,light,false,false,celebration,17,Couple Challenge,challenge,0.07349,0.81
1978,celebratory,high,45,evening,rough_day,dating,3,light,false,false,celebration,17,Couple Challenge,challenge,0.08099,0.696
1979,calm,low,15,evening,first_date,new,3,light,false,false,calm_connection,8,Two Truths and a Lie,question_game,0.05941,0.695
1980,sensual,low,60,afternoon,first_date,long_term,4,high,true,true,sensual_connection,25,Playful Teasing Cards,intimate_activity,0.12587,0.683
1981,playful,very_high,10,evening,rough_day,long_term,2,light,false,false,playful_social,23,Cozy Conversation,conversation,0.05913,0.669
1982,celebratory,very_low,20,late_night,reunion,long_term,4,light,false,false,celebration,17,Couple Challenge,challenge,0.07539,0.773
1983,romantic,very_low,30,late_night,weekend,just_met,3,moderate,true,false,romantic_connection,3,Trivia Battle,competitive_game,0.11397,0.645
1984,sensual,low,5,evening,first_date,dating,5,high,true,true,sensual_connection,25,Playful Teasing Cards,intimate_activity,0.12887,0.775
1985,sensual,very_low,45,late_night,long_distance,new,4,high,true,true,sensual_connection,20,Romantic Q&A,intimate_activity,0.13601,0.743
1986,energetic,medium,30,evening,valentines,new,5,light,false,false,high_energy_fun,6,Scribble,creative_game,0.06992,0.715
1987,nostalgic,high,10,evening,holiday,just_met,5,moderate,true,false,memory_connection,3,Trivia Battle,competitive_game,0.09912,0.72
1988,erotic,medium,30,morning,special_memory,just_met,5,very_high,true,true,intimate_connection,5,Connect Four,competitive_game,0.13471,0.66
1989,relaxed,low,45,afternoon,anniversary,long_term,2,light,false,false,easy_connection,11,Relationship Timeline,memory,0.09754,0.664
1990,happy,high,45,morning,valentines,just_met,1,light,false,false,positive_social,1,Rapid Fire,question_game,0.10689,0.66
1991,celebratory,high,60,late_night,long_distance,serious,2,light,false,false,celebration,6,Scribble,creative_game,0.07286,0.66
1992,romantic,very_low,15,evening,date_night,serious,3,moderate,true,false,romantic_connection,18,Truth or Dare,romantic_activity,0.06689,0.786
1993,romantic,medium,20,afternoon,anniversary,dating,1,moderate,true,false,romantic_connection,13,Future Plans,conversation,0.07369,0.812
1994,erotic,very_low,30,evening,normal_day,long_term,1,very_high,true,true,intimate_connection,11,Relationship Timeline,memory,0.08468,0.647
1995,happy,medium,5,afternoon,normal_day,long_term,1,light,false,false,positive_social,2,This or That,question_game,0.13746,0.74
1996,relaxed,medium,5,evening,holiday,just_met,2,light,false,false,easy_connection,2,This or That,question_game,0.14842,0.74
1997,celebratory,high,10,afternoon,valentines,just_met,2,light,false,false,celebration,6,Scribble,creative_game,0.08507,0.74
1998,celebratory,low,20,afternoon,weekend,new,4,light,false,false,celebration,17,Couple Challenge,challenge,0.07778,0.798
1999,happy,very_high,60,morning,special_memory,dating,3,light,false,false,positive_social,10,Memory Lane,memory,0.11831,0.601
2000,low_energy,low,30,afternoon,just_because,just_met,4,light,false,false,gentle_connection,15,Music Mood,watch_together,0.14881,0.74
2001,romantic,very_high,15,late_night,just_because,long_term,4,moderate,true,false,romantic_connection,18,Truth or Dare,romantic_activity,0.06278,0.798
2002,playful,very_high,5,evening,anniversary,dating,2,light,false,false,playful_social,2,This or That,question_game,0.09215,0.69
2003,energetic,low,60,late_night,normal_day,dating,1,light,false,false,high_energy_fun,7,Find the Spy,social_game,0.12298,0.61
2004,energetic,very_high,5,morning,celebration,dating,5,light,false,false,high_energy_fun,3,Trivia Battle,competitive_game,0.09677,0.695
2005,sensual,very_high,30,late_night,special_memory,long_term,2,high,true,true,sensual_connection,18,Truth or Dare,romantic_activity,0.09283,0.714
2006,romantic,high,60,afternoon,birthday,serious,4,moderate,true,false,romantic_connection,16,Watch Together,watch_together,0.08664,0.61
2007,playful,high,5,late_night,first_date,dating,5,light,false,false,playful_social,1,Rapid Fire,question_game,0.12706,0.74
2008,relaxed,medium,20,evening,special_memory,just_met,5,light,false,false,easy_connection,15,Music Mood,watch_together,0.08777,0.715
2009,affectionate,very_low,15,afternoon,celebration,dating,1,moderate,true,false,warm_connection,23,Cozy Conversation,conversation,0.05763,0.727
2010,happy,medium,20,afternoon,valentines,long_term,1,light,false,false,positive_social,3,Trivia Battle,competitive_game,0.05391,0.715
2011,low_energy,high,45,afternoon,weekend,dating,1,light,false,false,gentle_connection,7,Find the Spy,social_game,0.08328,0.64
2012,playful,high,10,afternoon,rough_day,dating,1,light,false,false,playful_social,8,Two Truths and a Lie,question_game,0.06532,0.715
2013,energetic,low,30,morning,normal_day,serious,2,light,false,false,high_energy_fun,15,Music Mood,watch_together,0.0584,0.66
2014,playful,medium,5,afternoon,celebration,dating,2,light,false,false,playful_social,3,Trivia Battle,competitive_game,0.06691,0.695
2015,affectionate,medium,60,late_night,normal_day,new,2,moderate,true,false,warm_connection,22,Little Moments,memory,0.11055,0.659
2016,celebratory,medium,20,evening,anniversary,dating,4,light,false,false,celebration,17,Couple Challenge,challenge,0.05473,0.763
2017,relaxed,high,20,evening,holiday,new,4,light,false,false,easy_connection,24,Date Night Roulette,date_activity,0.06194,0.743
2018,happy,high,5,late_night,date_night,new,1,light,false,false,positive_social,19,Flirty This or That,intimate_activity,0.08258,0.707
2019,playful,low,60,late_night,first_date,new,5,light,false,false,playful_social,8,Two Truths and a Lie,question_game,0.18227,0.695
2020,sensual,medium,45,late_night,birthday,long_term,3,high,true,true,sensual_connection,25,Playful Teasing Cards,intimate_activity,0.10229,0.696
2021,celebratory,medium,5,morning,long_distance,new,1,light,false,false,celebration,2,This or That,question_game,0.07018,0.66
2022,energetic,low,10,morning,reunion,serious,1,light,false,false,high_energy_fun,17,Couple Challenge,challenge,0.06931,0.762
2023,happy,high,10,morning,special_memory,just_met,2,light,false,false,positive_social,3,Trivia Battle,competitive_game,0.09313,0.74
2024,calm,high,45,afternoon,reunion,long_term,1,light,false,false,calm_connection,22,Little Moments,memory,0.10754,0.682
2025,nostalgic,low,60,afternoon,rough_day,dating,1,moderate,true,false,memory_connection,10,Memory Lane,memory,0.14614,0.732
2026,romantic,medium,60,evening,just_because,new,3,moderate,true,false,romantic_connection,14,Date Planner,date_activity,0.10033,0.756
2027,low_energy,very_low,20,late_night,date_night,dating,5,light,false,false,gentle_connection,20,Romantic Q&A,intimate_activity,0.07144,0.835
2028,romantic,low,15,late_night,normal_day,serious,1,moderate,true,false,romantic_connection,9,How Well Do You Know Me,question_game,0.04762,0.727
2029,celebratory,very_high,15,afternoon,date_night,long_term,3,light,false,false,celebration,18,Truth or Dare,romantic_activity,0.07126,0.786
2030,low_energy,very_low,20,morning,late_night,new,3,light,false,false,gentle_connection,16,Watch Together,watch_together,0.08263,0.775
2031,romantic,very_low,45,afternoon,normal_day,serious,1,moderate,true,false,romantic_connection,20,Romantic Q&A,intimate_activity,0.07939,0.647
2032,relaxed,very_high,5,afternoon,special_memory,just_met,5,light,false,false,easy_connection,1,Rapid Fire,question_game,0.12385,0.635
2033,happy,high,30,late_night,birthday,long_term,4,light,false,false,positive_social,6,Scribble,creative_game,0.10635,0.8
2034,sensual,low,45,late_night,late_night,dating,3,high,true,true,sensual_connection,18,Truth or Dare,romantic_activity,0.06936,0.671
2035,low_energy,high,20,afternoon,reunion,long_term,3,light,false,false,gentle_connection,10,Memory Lane,memory,0.07987,0.786
2036,deep,low,20,evening,just_because,new,3,light,false,false,deep_connection,12,Deep Questions,conversation,0.06408,0.74
2037,relaxed,medium,10,morning,reunion,serious,5,light,false,false,easy_connection,24,Date Night Roulette,date_activity,0.05322,0.78
2038,relaxed,low,60,evening,anniversary,serious,4,light,false,false,easy_connection,23,Cozy Conversation,conversation,0.08361,0.708
2039,energetic,high,20,late_night,reunion,dating,3,light,false,false,high_energy_fun,3,Trivia Battle,competitive_game,0.06279,0.74
2040,relaxed,low,45,afternoon,anniversary,new,2,light,false,false,easy_connection,22,Little Moments,memory,0.11612,0.744
2041,sensual,very_high,15,late_night,weekend,serious,3,high,true,true,sensual_connection,20,Romantic Q&A,intimate_activity,0.07537,0.701
2042,affectionate,high,10,late_night,first_date,long_term,4,moderate,true,false,warm_connection,2,This or That,question_game,0.06491,0.695
2043,erotic,very_high,20,morning,anniversary,new,3,very_high,true,true,intimate_connection,25,Playful Teasing Cards,intimate_activity,0.08277,0.726
2044,romantic,high,30,late_night,date_night,serious,1,moderate,true,false,romantic_connection,24,Date Night Roulette,date_activity,0.09914,0.787
2045,relaxed,very_high,45,afternoon,birthday,long_term,2,light,false,false,easy_connection,6,Scribble,creative_game,0.09503,0.615
2046,celebratory,low,10,late_night,valentines,serious,2,light,false,false,celebration,19,Flirty This or That,intimate_activity,0.05359,0.719
2047,romantic,high,15,morning,celebration,just_met,1,moderate,true,false,romantic_connection,1,Rapid Fire,question_game,0.10514,0.72
2048,happy,very_low,15,morning,valentines,dating,2,light,false,false,positive_social,14,Date Planner,date_activity,0.05521,0.694
2049,affectionate,medium,60,morning,valentines,long_term,3,moderate,true,false,warm_connection,18,Truth or Dare,romantic_activity,0.09009,0.676
2050,energetic,high,15,afternoon,birthday,dating,1,light,false,false,high_energy_fun,17,Couple Challenge,challenge,0.0788,0.812
2051,romantic,low,10,late_night,first_date,long_term,5,moderate,true,false,romantic_connection,12,Deep Questions,conversation,0.06071,0.72
2052,nostalgic,very_high,45,late_night,rough_day,dating,2,moderate,true,false,memory_connection,11,Relationship Timeline,memory,0.09392,0.609
2053,low_energy,low,20,morning,special_memory,just_met,2,light,false,false,gentle_connection,15,Music Mood,watch_together,0.06173,0.74
2054,energetic,high,20,afternoon,special_memory,just_met,5,light,false,false,high_energy_fun,7,Find the Spy,social_game,0.10593,0.74
2055,calm,high,30,afternoon,reunion,just_met,4,light,false,false,calm_connection,6,Scribble,creative_game,0.08802,0.66
2056,celebratory,medium,15,morning,just_because,dating,1,light,false,false,celebration,1,Rapid Fire,question_game,0.07143,0.775
2057,celebratory,medium,45,late_night,just_because,new,1,light,false,false,celebration,3,Trivia Battle,competitive_game,0.08445,0.635
2058,erotic,low,45,evening,birthday,just_met,3,very_high,true,true,intimate_connection,16,Watch Together,watch_together,0.15679,0.66
2059,erotic,high,5,late_night,date_night,dating,3,very_high,true,true,intimate_connection,19,Flirty This or That,intimate_activity,0.13531,0.811
2060,deep,very_high,5,late_night,valentines,new,1,light,false,false,deep_connection,1,Rapid Fire,question_game,0.07883,0.635
2061,sensual,medium,15,late_night,long_distance,dating,1,high,true,true,sensual_connection,19,Flirty This or That,intimate_activity,0.07607,0.752
2062,erotic,high,45,morning,valentines,long_term,1,very_high,true,true,intimate_connection,19,Flirty This or That,intimate_activity,0.17019,0.707
2063,celebratory,very_low,45,morning,birthday,serious,2,light,false,false,celebration,16,Watch Together,watch_together,0.10025,0.635
2064,relaxed,high,5,evening,rough_day,serious,3,light,false,false,easy_connection,22,Little Moments,memory,0.11695,0.786
2065,nostalgic,high,20,evening,date_night,dating,3,moderate,true,false,memory_connection,20,Romantic Q&A,intimate_activity,0.0593,0.786
2066,energetic,medium,15,morning,just_because,serious,1,light,false,false,high_energy_fun,7,Find the Spy,social_game,0.06412,0.715
2067,calm,very_high,5,morning,special_memory,new,1,light,false,false,calm_connection,22,Little Moments,memory,0.1632,0.737
2068,romantic,medium,5,afternoon,late_night,new,1,moderate,true,false,romantic_connection,21,Compliment Challenge,romantic_activity,0.07033,0.727
2069,happy,very_low,45,evening,holiday,long_term,1,light,false,false,positive_social,16,Watch Together,watch_together,0.15297,0.635
2070,low_energy,high,45,evening,special_memory,just_met,5,light,false,false,gentle_connection,16,Watch Together,watch_together,0.2536,0.69
2071,sensual,low,10,morning,date_night,just_met,1,high,true,true,sensual_connection,12,Deep Questions,conversation,0.13175,0.66
2072,erotic,low,10,morning,rough_day,just_met,4,very_high,true,true,intimate_connection,15,Music Mood,watch_together,0.12088,0.72
2073,nostalgic,low,20,afternoon,rough_day,serious,5,moderate,true,false,memory_connection,11,Relationship Timeline,memory,0.06684,0.8
2074,energetic,medium,45,morning,reunion,new,5,light,false,false,high_energy_fun,17,Couple Challenge,challenge,0.10549,0.755
2075,romantic,low,15,afternoon,just_because,long_term,5,moderate,true,false,romantic_connection,10,Memory Lane,memory,0.05117,0.8
2076,sensual,very_low,45,morning,anniversary,new,3,high,true,true,sensual_connection,21,Compliment Challenge,romantic_activity,0.0941,0.731
2077,affectionate,low,20,evening,late_night,serious,5,moderate,true,false,warm_connection,22,Little Moments,memory,0.06151,0.8
2078,affectionate,high,15,evening,rough_day,new,5,moderate,true,false,warm_connection,23,Cozy Conversation,conversation,0.07926,0.81
2079,low_energy,medium,15,afternoon,first_date,just_met,1,light,false,false,gentle_connection,2,This or That,question_game,0.11097,0.72
2080,sensual,very_low,30,late_night,first_date,serious,1,high,true,true,sensual_connection,25,Playful Teasing Cards,intimate_activity,0.08665,0.622
2081,low_energy,very_low,15,evening,rough_day,long_term,1,light,false,false,gentle_connection,23,Cozy Conversation,conversation,0.09682,0.787
2082,sensual,medium,20,evening,rough_day,serious,3,high,true,true,sensual_connection,22,Little Moments,memory,0.08064,0.811
2083,erotic,high,15,afternoon,anniversary,long_term,2,very_high,true,true,intimate_connection,20,Romantic Q&A,intimate_activity,0.09046,0.774
2084,calm,high,20,late_night,valentines,serious,4,light,false,false,calm_connection,23,Cozy Conversation,conversation,0.05309,0.738
2085,energetic,high,10,afternoon,rough_day,serious,4,light,false,false,high_energy_fun,17,Couple Challenge,challenge,0.05949,0.788
2086,romantic,medium,20,afternoon,long_distance,dating,1,moderate,true,false,romantic_connection,20,Romantic Q&A,intimate_activity,0.06427,0.787
2087,low_energy,low,10,afternoon,anniversary,just_met,1,light,false,false,gentle_connection,15,Music Mood,watch_together,0.08791,0.74
2088,romantic,medium,15,afternoon,normal_day,serious,4,moderate,true,false,romantic_connection,9,How Well Do You Know Me,question_game,0.05386,0.788
2089,nostalgic,medium,10,afternoon,reunion,long_term,4,moderate,true,false,memory_connection,22,Little Moments,memory,0.08416,0.823
2090,romantic,high,45,morning,valentines,just_met,1,moderate,true,false,romantic_connection,16,Watch Together,watch_together,0.06657,0.61
2091,sensual,high,30,evening,date_night,new,5,high,true,true,sensual_connection,14,Date Planner,date_activity,0.08833,0.755
2092,erotic,low,20,late_night,normal_day,dating,2,very_high,true,true,intimate_connection,19,Flirty This or That,intimate_activity,0.09001,0.739
2093,deep,very_high,20,morning,late_night,new,5,light,false,false,deep_connection,13,Future Plans,conversation,0.06121,0.75
2094,sensual,medium,60,afternoon,valentines,long_term,4,high,true,true,sensual_connection,19,Flirty This or That,intimate_activity,0.13948,0.768
2095,energetic,medium,20,afternoon,anniversary,dating,2,light,false,false,high_energy_fun,6,Scribble,creative_game,0.05457,0.715
2096,calm,high,60,evening,weekend,dating,5,light,false,false,calm_connection,24,Date Night Roulette,date_activity,0.07985,0.675
2097,sensual,low,10,evening,special_memory,long_term,2,high,true,true,sensual_connection,19,Flirty This or That,intimate_activity,0.07774,0.739
2098,celebratory,low,60,afternoon,reunion,long_term,4,light,false,false,celebration,10,Memory Lane,memory,0.08518,0.688
2099,calm,very_high,5,late_night,special_memory,new,5,light,false,false,calm_connection,10,Memory Lane,memory,0.09636,0.705
2100,nostalgic,high,20,evening,first_date,serious,4,moderate,true,false,memory_connection,22,Little Moments,memory,0.06373,0.738
2101,erotic,medium,45,afternoon,valentines,just_met,4,very_high,true,true,intimate_connection,16,Watch Together,watch_together,0.19691,0.635
2102,low_energy,very_low,15,evening,holiday,long_term,4,light,false,false,gentle_connection,15,Music Mood,watch_together,0.05842,0.715
2103,erotic,medium,15,late_night,valentines,long_term,5,very_high,true,true,intimate_connection,19,Flirty This or That,intimate_activity,0.10221,0.86
2104,erotic,low,30,morning,birthday,just_met,2,very_high,true,true,intimate_connection,3,Trivia Battle,competitive_game,0.09517,0.67
2105,nostalgic,medium,10,late_night,long_distance,just_met,3,moderate,true,false,memory_connection,12,Deep Questions,conversation,0.08251,0.695
2106,romantic,medium,5,morning,celebration,serious,1,moderate,true,false,romantic_connection,21,Compliment Challenge,romantic_activity,0.07416,0.727
2107,erotic,low,20,late_night,weekend,new,5,very_high,true,true,intimate_connection,25,Playful Teasing Cards,intimate_activity,0.07786,0.775
2108,calm,very_low,15,late_night,birthday,new,5,light,false,false,calm_connection,10,Memory Lane,memory,0.05354,0.775
2109,romantic,very_high,10,evening,normal_day,just_met,1,moderate,true,false,romantic_connection,2,This or That,question_game,0.08775,0.61
2110,nostalgic,high,15,afternoon,valentines,serious,5,moderate,true,false,memory_connection,20,Romantic Q&A,intimate_activity,0.06098,0.81
2111,relaxed,medium,20,afternoon,valentines,long_term,1,light,false,false,easy_connection,14,Date Planner,date_activity,0.05623,0.732
2112,calm,very_high,60,morning,just_because,long_term,1,light,false,false,calm_connection,12,Deep Questions,conversation,0.10628,0.585
2113,sensual,low,20,morning,just_because,just_met,2,high,true,true,sensual_connection,12,Deep Questions,conversation,0.10029,0.66
2114,nostalgic,low,45,afternoon,first_date,dating,3,moderate,true,false,memory_connection,11,Relationship Timeline,memory,0.11381,0.696
2115,relaxed,medium,60,morning,reunion,serious,5,light,false,false,easy_connection,16,Watch Together,watch_together,0.14483,0.715
2116,relaxed,high,45,afternoon,weekend,just_met,2,light,false,false,easy_connection,3,Trivia Battle,competitive_game,0.14191,0.64
2117,playful,medium,10,afternoon,normal_day,long_term,1,light,false,false,playful_social,2,This or That,question_game,0.07734,0.74
2118,sensual,low,20,morning,normal_day,new,2,high,true,true,sensual_connection,18,Truth or Dare,romantic_activity,0.07388,0.739
2119,romantic,very_high,15,evening,long_distance,serious,1,moderate,true,false,romantic_connection,20,Romantic Q&A,intimate_activity,0.06047,0.737
2120,deep,high,5,late_night,weekend,just_met,1,light,false,false,deep_connection,1,Rapid Fire,question_game,0.14151,0.66
2121,happy,low,10,late_night,normal_day,dating,1,light,false,false,positive_social,1,Rapid Fire,question_game,0.06099,0.69
2122,calm,very_high,60,afternoon,long_distance,new,2,light,false,false,calm_connection,12,Deep Questions,conversation,0.11712,0.645
2123,low_energy,very_high,15,evening,weekend,dating,5,light,false,false,gentle_connection,23,Cozy Conversation,conversation,0.05746,0.725
2124,affectionate,very_high,15,evening,anniversary,dating,3,moderate,true,false,warm_connection,22,Little Moments,memory,0.07644,0.761
2125,low_energy,medium,20,morning,reunion,long_term,5,light,false,false,gentle_connection,15,Music Mood,watch_together,0.05537,0.715
2126,affectionate,low,5,morning,long_distance,just_met,2,moderate,true,false,warm_connection,2,This or That,question_game,0.13115,0.635
2127,celebratory,medium,60,afternoon,just_because,long_term,3,light,false,false,celebration,18,Truth or Dare,romantic_activity,0.11009,0.756
2128,happy,low,30,evening,anniversary,long_term,1,light,false,false,positive_social,3,Trivia Battle,competitive_game,0.07432,0.69
2129,affectionate,low,60,evening,anniversary,serious,4,moderate,true,false,warm_connection,11,Relationship Timeline,memory,0.09554,0.688
2130,energetic,high,30,afternoon,just_because,serious,4,light,false,false,high_energy_fun,24,Date Night Roulette,date_activity,0.07538,0.743
2131,deep,low,5,morning,just_because,just_met,1,light,false,false,deep_connection,12,Deep Questions,conversation,0.16173,0.66
2132,happy,medium,5,evening,reunion,serious,5,light,false,false,positive_social,4,Tic Tac Toe,competitive_game,0.05877,0.66
2133,playful,very_low,15,afternoon,celebration,new,4,light,false,false,playful_social,3,Trivia Battle,competitive_game,0.063,0.725
2134,calm,very_low,15,late_night,celebration,just_met,3,light,false,false,calm_connection,1,Rapid Fire,question_game,0.07895,0.645
2135,playful,medium,10,evening,reunion,new,1,light,false,false,playful_social,17,Couple Challenge,challenge,0.06326,0.787
2136,sensual,very_low,20,afternoon,normal_day,just_met,1,high,true,true,sensual_connection,12,Deep Questions,conversation,0.10726,0.635
2137,energetic,very_high,45,evening,birthday,just_met,5,light,false,false,high_energy_fun,6,Scribble,creative_game,0.1989,0.695
2138,sensual,low,10,morning,long_distance,serious,1,high,true,true,sensual_connection,20,Romantic Q&A,intimate_activity,0.10574,0.812
2139,relaxed,high,20,afternoon,normal_day,long_term,1,light,false,false,easy_connection,3,Trivia Battle,competitive_game,0.05613,0.66
2140,erotic,medium,45,evening,rough_day,serious,2,very_high,true,true,intimate_connection,25,Playful Teasing Cards,intimate_activity,0.09042,0.684
2141,happy,medium,60,afternoon,anniversary,serious,1,light,false,false,positive_social,2,This or That,question_game,0.07916,0.66
2142,happy,very_high,60,late_night,weekend,serious,2,light,false,false,positive_social,16,Watch Together,watch_together,0.10269,0.585
2143,sensual,very_low,15,evening,first_date,long_term,3,high,true,true,sensual_connection,25,Playful Teasing Cards,intimate_activity,0.08348,0.726
2144,energetic,very_high,10,evening,celebration,dating,5,light,false,false,high_energy_fun,3,Trivia Battle,competitive_game,0.08487,0.775
2145,calm,medium,20,afternoon,late_night,serious,3,light,false,false,calm_connection,20,Romantic Q&A,intimate_activity,0.06815,0.811
2146,calm,medium,10,late_night,celebration,long_term,4,light,false,false,calm_connection,23,Cozy Conversation,conversation,0.05559,0.763
2147,relaxed,very_low,30,evening,just_because,new,3,light,false,false,easy_connection,18,Truth or Dare,romantic_activity,0.07103,0.706
2148,low_energy,high,20,afternoon,just_because,just_met,3,light,false,false,gentle_connection,3,Trivia Battle,competitive_game,0.06772,0.66
2149,low_energy,low,30,evening,weekend,new,5,light,false,false,gentle_connection,15,Music Mood,watch_together,0.07985,0.74
2150,erotic,low,60,late_night,first_date,serious,1,very_high,true,true,intimate_connection,23,Cozy Conversation,conversation,0.09709,0.672
2151,nostalgic,very_low,30,morning,late_night,just_met,3,moderate,true,false,memory_connection,5,Connect Four,competitive_game,0.09097,0.61
2152,low_energy,low,45,afternoon,celebration,dating,4,light,false,false,gentle_connection,16,Watch Together,watch_together,0.14293,0.74
2153,sensual,medium,30,late_night,weekend,serious,2,high,true,true,sensual_connection,18,Truth or Dare,romantic_activity,0.08689,0.764
2154,sensual,high,45,morning,anniversary,serious,2,high,true,true,sensual_connection,19,Flirty This or That,intimate_activity,0.08492,0.659
2155,erotic,low,45,morning,just_because,long_term,1,very_high,true,true,intimate_connection,19,Flirty This or That,intimate_activity,0.10969,0.647
2156,playful,medium,10,late_night,birthday,new,5,light,false,false,playful_social,17,Couple Challenge,challenge,0.06624,0.835
2157,affectionate,very_low,5,morning,birthday,just_met,2,moderate,true,false,warm_connection,1,Rapid Fire,question_game,0.16941,0.645
2158,erotic,very_low,5,evening,reunion,just_met,4,very_high,true,true,intimate_connection,2,This or That,question_game,0.10069,0.61
2159,low_energy,high,5,evening,valentines,serious,3,light,false,false,gentle_connection,23,Cozy Conversation,conversation,0.08837,0.726
2160,relaxed,very_high,30,late_night,celebration,long_term,5,light,false,false,easy_connection,3,Trivia Battle,competitive_game,0.08873,0.695
2161,energetic,very_low,20,evening,valentines,just_met,3,light,false,false,high_energy_fun,12,Deep Questions,conversation,0.06209,0.635
2162,erotic,high,60,morning,long_distance,long_term,5,very_high,true,true,intimate_connection,18,Truth or Dare,romantic_activity,0.0767,0.695
2163,low_energy,high,5,late_night,normal_day,serious,1,light,false,false,gentle_connection,1,Rapid Fire,question_game,0.09756,0.66
2164,nostalgic,very_low,5,afternoon,rough_day,just_met,4,moderate,true,false,memory_connection,15,Music Mood,watch_together,0.16185,0.615
2165,calm,low,30,late_night,normal_day,dating,3,light,false,false,calm_connection,16,Watch Together,watch_together,0.08847,0.74
2166,sensual,high,10,late_night,first_date,just_met,2,high,true,true,sensual_connection,2,This or That,question_game,0.08348,0.695
2167,low_energy,very_low,30,late_night,first_date,long_term,2,light,false,false,gentle_connection,16,Watch Together,watch_together,0.11716,0.715
2168,sensual,very_high,20,morning,birthday,long_term,1,high,true,true,sensual_connection,17,Couple Challenge,challenge,0.07885,0.707
2169,energetic,low,20,evening,holiday,new,1,light,false,false,high_energy_fun,6,Scribble,creative_game,0.08868,0.75
2170,calm,high,5,afternoon,holiday,just_met,2,light,false,false,calm_connection,4,Tic Tac Toe,competitive_game,0.10714,0.635
2171,affectionate,very_low,20,afternoon,special_memory,serious,1,moderate,true,false,warm_connection,10,Memory Lane,memory,0.09738,0.787
2172,affectionate,medium,60,late_night,anniversary,serious,1,moderate,true,false,warm_connection,10,Memory Lane,memory,0.14286,0.707
2173,romantic,low,45,morning,reunion,serious,3,moderate,true,false,romantic_connection,16,Watch Together,watch_together,0.07715,0.66
2174,relaxed,very_low,45,evening,celebration,long_term,1,light,false,false,easy_connection,15,Music Mood,watch_together,0.11946,0.635
2175,happy,medium,20,late_night,first_date,just_met,1,light,false,false,positive_social,8,Two Truths and a Lie,question_game,0.1662,0.8
2176,low_energy,medium,20,late_night,weekend,new,2,light,false,false,gentle_connection,23,Cozy Conversation,conversation,0.06108,0.739
2177,romantic,very_low,30,afternoon,celebration,new,4,moderate,true,false,romantic_connection,3,Trivia Battle,competitive_game,0.06591,0.645
2178,nostalgic,medium,30,evening,reunion,just_met,2,moderate,true,false,memory_connection,5,Connect Four,competitive_game,0.0828,0.66
2179,playful,very_high,5,afternoon,anniversary,new,3,light,false,false,playful_social,1,Rapid Fire,question_game,0.09843,0.715
2180,sensual,high,5,evening,normal_day,long_term,1,high,true,true,sensual_connection,19,Flirty This or That,intimate_activity,0.15407,0.727
2181,low_energy,medium,30,morning,birthday,new,3,light,false,false,gentle_connection,6,Scribble,creative_game,0.06833,0.695
2182,energetic,low,10,late_night,reunion,serious,2,light,false,false,high_energy_fun,17,Couple Challenge,challenge,0.06966,0.774
2183,relaxed,very_high,45,morning,date_night,new,5,light,false,false,easy_connection,16,Watch Together,watch_together,0.12493,0.665
2184,erotic,very_low,20,morning,late_night,new,2,very_high,true,true,intimate_connection,25,Playful Teasing Cards,intimate_activity,0.10929,0.774
2185,relaxed,medium,10,evening,long_distance,just_met,4,light,false,false,easy_connection,15,Music Mood,watch_together,0.10962,0.775
2186,calm,high,5,afternoon,celebration,dating,4,light,false,false,calm_connection,23,Cozy Conversation,conversation,0.08943,0.738
2187,affectionate,low,20,late_night,celebration,new,2,moderate,true,false,warm_connection,10,Memory Lane,memory,0.05694,0.764
2188,deep,high,60,morning,long_distance,long_term,1,light,false,false,deep_connection,12,Deep Questions,conversation,0.17526,0.67
2189,nostalgic,very_low,45,afternoon,special_memory,just_met,3,moderate,true,false,memory_connection,16,Watch Together,watch_together,0.20753,0.635
2190,deep,high,45,evening,birthday,long_term,5,light,false,false,deep_connection,13,Future Plans,conversation,0.0803,0.695
2191,deep,high,30,late_night,long_distance,long_term,5,light,false,false,deep_connection,15,Music Mood,watch_together,0.06586,0.67
2192,celebratory,very_high,45,afternoon,reunion,dating,1,light,false,false,celebration,3,Trivia Battle,competitive_game,0.10296,0.635
2193,calm,very_high,30,morning,birthday,dating,3,light,false,false,calm_connection,15,Music Mood,watch_together,0.07428,0.665
2194,celebratory,very_high,10,evening,just_because,dating,2,light,false,false,celebration,18,Truth or Dare,romantic_activity,0.06921,0.774
2195,calm,medium,10,evening,weekend,serious,3,light,false,false,calm_connection,24,Date Night Roulette,date_activity,0.0576,0.756
2196,relaxed,low,60,afternoon,special_memory,dating,2,light,false,false,easy_connection,22,Little Moments,memory,0.16854,0.744
2197,calm,very_high,30,evening,anniversary,serious,5,light,false,false,calm_connection,12,Deep Questions,conversation,0.07235,0.665
2198,playful,medium,45,afternoon,anniversary,long_term,3,light,false,false,playful_social,11,Relationship Timeline,memory,0.07717,0.651
2199,low_energy,high,15,afternoon,long_distance,serious,3,light,false,false,gentle_connection,20,Romantic Q&A,intimate_activity,0.05613,0.786
2200,energetic,very_high,15,afternoon,birthday,long_term,1,light,false,false,high_energy_fun,3,Trivia Battle,competitive_game,0.09952,0.775
2201,relaxed,very_high,20,morning,first_date,new,3,light,false,false,easy_connection,12,Deep Questions,conversation,0.05877,0.645
2202,energetic,very_high,30,evening,weekend,long_term,4,light,false,false,high_energy_fun,3,Trivia Battle,competitive_game,0.11847,0.775
2203,happy,high,45,late_night,late_night,just_met,4,light,false,false,positive_social,3,Trivia Battle,competitive_game,0.11917,0.66
2204,calm,very_low,10,afternoon,first_date,dating,1,light,false,false,calm_connection,12,Deep Questions,conversation,0.11099,0.775
2205,playful,medium,5,evening,date_night,just_met,4,light,false,false,playful_social,2,This or That,question_game,0.15601,0.74
2206,low_energy,very_high,5,morning,first_date,dating,5,light,false,false,gentle_connection,1,Rapid Fire,question_game,0.08766,0.635
2207,deep,high,10,afternoon,anniversary,long_term,5,light,false,false,deep_connection,11,Relationship Timeline,memory,0.0583,0.73
2208,deep,very_high,15,afternoon,date_night,just_met,5,light,false,false,deep_connection,12,Deep Questions,conversation,0.05924,0.665
2209,erotic,low,10,late_night,anniversary,long_term,5,very_high,true,true,intimate_connection,20,Romantic Q&A,intimate_activity,0.09816,0.86
2210,romantic,very_low,30,evening,special_memory,serious,1,moderate,true,false,romantic_connection,11,Relationship Timeline,memory,0.09556,0.707
2211,relaxed,low,10,late_night,late_night,new,2,light,false,false,easy_connection,22,Little Moments,memory,0.05474,0.764
2212,deep,very_low,5,afternoon,celebration,dating,4,light,false,false,deep_connection,12,Deep Questions,conversation,0.06712,0.635
2213,celebratory,high,20,afternoon,anniversary,just_met,1,light,false,false,celebration,6,Scribble,creative_game,0.11494,0.74
2214,energetic,high,10,late_night,holiday,long_term,4,light,false,false,high_energy_fun,3,Trivia Battle,competitive_game,0.0802,0.8
2215,erotic,medium,10,late_night,long_distance,long_term,3,very_high,true,true,intimate_connection,19,Flirty This or That,intimate_activity,0.08045,0.776
2216,energetic,very_high,30,late_night,holiday,serious,5,light,false,false,high_energy_fun,3,Trivia Battle,competitive_game,0.12318,0.775
2217,romantic,very_low,30,late_night,date_night,serious,2,moderate,true,false,romantic_connection,14,Date Planner,date_activity,0.09693,0.774
2218,calm,high,15,afternoon,rough_day,dating,2,light,false,false,calm_connection,15,Music Mood,watch_together,0.06758,0.75
2219,energetic,very_low,45,afternoon,celebration,just_met,4,light,false,false,high_energy_fun,16,Watch Together,watch_together,0.13224,0.635
2220,happy,high,30,evening,valentines,serious,1,light,false,false,positive_social,6,Scribble,creative_game,0.08932,0.74
2221,sensual,high,20,morning,long_distance,dating,3,high,true,true,sensual_connection,20,Romantic Q&A,intimate_activity,0.09501,0.786
2222,calm,medium,20,afternoon,date_night,new,5,light,false,false,calm_connection,24,Date Night Roulette,date_activity,0.05657,0.78
2223,celebratory,very_high,60,afternoon,holiday,just_met,4,light,false,false,celebration,6,Scribble,creative_game,0.21695,0.695
2224,erotic,low,5,afternoon,first_date,long_term,5,very_high,true,true,intimate_connection,19,Flirty This or That,intimate_activity,0.13385,0.775
2225,playful,very_high,15,late_night,date_night,dating,2,light,false,false,playful_social,8,Two Truths and a Lie,question_game,0.05189,0.69
2226,deep,low,10,late_night,birthday,new,5,light,false,false,deep_connection,12,Deep Questions,conversation,0.06406,0.74
2227,playful,very_high,5,afternoon,birthday,long_term,4,light,false,false,playful_social,17,Couple Challenge,challenge,0.08333,0.743
2228,romantic,low,5,afternoon,late_night,just_met,1,moderate,true,false,romantic_connection,1,Rapid Fire,question_game,0.11034,0.61
2229,deep,low,30,morning,special_memory,serious,5,light,false,false,deep_connection,13,Future Plans,conversation,0.07541,0.755
2230,sensual,low,10,afternoon,anniversary,just_met,3,high,true,true,sensual_connection,12,Deep Questions,conversation,0.07749,0.66
2231,erotic,medium,30,morning,weekend,long_term,1,very_high,true,true,intimate_connection,24,Date Night Roulette,date_activity,0.1046,0.732
2232,romantic,very_low,20,afternoon,holiday,new,2,moderate,true,false,romantic_connection,23,Cozy Conversation,conversation,0.0556,0.739
2233,calm,very_high,60,evening,reunion,new,4,light,false,false,calm_connection,16,Watch Together,watch_together,0.16862,0.665
2234,playful,low,10,morning,first_date,serious,2,light,false,false,playful_social,2,This or That,question_game,0.09018,0.775
2235,energetic,very_high,60,late_night,celebration,serious,5,light,false,false,high_energy_fun,3,Trivia Battle,competitive_game,0.15914,0.695
2236,relaxed,very_high,20,evening,special_memory,long_term,5,light,false,false,easy_connection,23,Cozy Conversation,conversation,0.05952,0.725
2237,sensual,high,60,evening,weekend,serious,2,high,true,true,sensual_connection,17,Couple Challenge,challenge,0.09943,0.664
2238,energetic,low,60,morning,anniversary,just_met,5,light,false,false,high_energy_fun,7,Find the Spy,social_game,0.12063,0.61
2239,deep,very_low,30,late_night,long_distance,serious,3,light,false,false,deep_connection,11,Relationship Timeline,memory,0.08725,0.751
2240,calm,high,10,morning,anniversary,serious,2,light,false,false,calm_connection,22,Little Moments,memory,0.07041,0.774
2241,celebratory,low,45,evening,long_distance,new,2,light,false,false,celebration,16,Watch Together,watch_together,0.1242,0.72
2242,affectionate,high,15,late_night,long_distance,serious,4,moderate,true,false,warm_connection,9,How Well Do You Know Me,question_game,0.06624,0.823
2243,affectionate,high,10,late_night,normal_day,new,2,moderate,true,false,warm_connection,10,Memory Lane,memory,0.0547,0.714
2244,playful,medium,15,morning,valentines,serious,4,light,false,false,playful_social,14,Date Planner,date_activity,0.05206,0.768
2245,relaxed,very_low,30,evening,valentines,long_term,5,light,false,false,easy_connection,15,Music Mood,watch_together,0.0762,0.715
2246,energetic,very_low,15,evening,anniversary,dating,5,light,false,false,high_energy_fun,10,Memory Lane,memory,0.06231,0.755
2247,playful,low,45,evening,normal_day,just_met,5,light,false,false,playful_social,16,Watch Together,watch_together,0.16965,0.66
2248,nostalgic,medium,5,late_night,long_distance,dating,5,moderate,true,false,memory_connection,10,Memory Lane,memory,0.08538,0.755
2249,celebratory,medium,15,evening,normal_day,long_term,5,light,false,false,celebration,17,Couple Challenge,challenge,0.05835,0.775
2250,energetic,high,20,morning,celebration,long_term,5,light,false,false,high_energy_fun,6,Scribble,creative_game,0.08346,0.8
2251,romantic,high,15,late_night,rough_day,dating,2,moderate,true,false,romantic_connection,23,Cozy Conversation,conversation,0.07087,0.774
2252,affectionate,very_low,30,late_night,birthday,serious,2,moderate,true,false,warm_connection,24,Date Night Roulette,date_activity,0.07743,0.694
2253,deep,very_low,10,afternoon,long_distance,long_term,2,light,false,false,deep_connection,12,Deep Questions,conversation,0.08031,0.775
2254,romantic,high,30,evening,just_because,new,1,moderate,true,false,romantic_connection,6,Scribble,creative_game,0.06548,0.66
2255,romantic,very_low,15,late_night,special_memory,just_met,2,moderate,true,false,romantic_connection,12,Deep Questions,conversation,0.0546,0.635
2256,romantic,high,5,morning,celebration,serious,3,moderate,true,false,romantic_connection,23,Cozy Conversation,conversation,0.07486,0.726
2257,calm,high,15,evening,celebration,dating,5,light,false,false,calm_connection,17,Couple Challenge,challenge,0.05949,0.78
2258,low_energy,very_high,30,evening,special_memory,long_term,2,light,false,false,gentle_connection,22,Little Moments,memory,0.09353,0.669
2259,happy,high,20,evening,valentines,long_term,3,light,false,false,positive_social,19,Flirty This or That,intimate_activity,0.06015,0.731
2260,sensual,high,5,evening,special_memory,dating,1,high,true,true,sensual_connection,21,Compliment Challenge,romantic_activity,0.09155,0.702
2261,nostalgic,low,60,afternoon,just_because,new,4,moderate,true,false,memory_connection,23,Cozy Conversation,conversation,0.07921,0.708
2262,playful,very_high,30,evening,long_distance,serious,4,light,false,false,playful_social,12,Deep Questions,conversation,0.07167,0.645
2263,deep,very_low,10,afternoon,late_night,serious,1,light,false,false,deep_connection,15,Music Mood,watch_together,0.05901,0.695
2264,happy,high,20,late_night,date_night,serious,4,light,false,false,positive_social,9,How Well Do You Know Me,question_game,0.05291,0.743
2265,calm,medium,5,evening,anniversary,serious,4,light,false,false,calm_connection,20,Romantic Q&A,intimate_activity,0.0556,0.743
2266,relaxed,very_high,10,late_night,long_distance,new,3,light,false,false,easy_connection,15,Music Mood,watch_together,0.07005,0.725
2267,erotic,low,15,afternoon,late_night,dating,5,very_high,true,true,intimate_connection,19,Flirty This or That,intimate_activity,0.09945,0.835
2268,playful,very_low,5,morning,special_memory,just_met,2,light,false,false,playful_social,2,This or That,question_game,0.11297,0.69
2269,energetic,very_low,60,afternoon,normal_day,just_met,4,light,false,false,high_energy_fun,16,Watch Together,watch_together,0.225,0.635
2270,romantic,medium,60,evening,celebration,dating,5,moderate,true,false,romantic_connection,18,Truth or Dare,romantic_activity,0.11058,0.78
2271,romantic,medium,15,morning,normal_day,long_term,1,moderate,true,false,romantic_connection,24,Date Night Roulette,date_activity,0.05051,0.752
2272,celebratory,very_low,60,afternoon,special_memory,new,4,light,false,false,celebration,22,Little Moments,memory,0.11842,0.663
2273,energetic,very_low,15,evening,late_night,long_term,1,light,false,false,high_energy_fun,7,Find the Spy,social_game,0.06101,0.665
2274,deep,low,5,late_night,late_night,dating,2,light,false,false,deep_connection,25,Playful Teasing Cards,intimate_activity,0.07895,0.719
2275,sensual,very_high,5,late_night,late_night,new,3,high,true,true,sensual_connection,19,Flirty This or That,intimate_activity,0.158,0.786
2276,calm,low,45,late_night,special_memory,serious,3,light,false,false,calm_connection,23,Cozy Conversation,conversation,0.07645,0.696
2277,deep,medium,45,late_night,long_distance,new,3,light,false,false,deep_connection,9,How Well Do You Know Me,question_game,0.10097,0.756
2278,affectionate,low,20,afternoon,rough_day,new,1,moderate,true,false,warm_connection,23,Cozy Conversation,conversation,0.09484,0.812
2279,celebratory,very_low,10,morning,reunion,new,2,light,false,false,celebration,10,Memory Lane,memory,0.06128,0.719
2280,deep,medium,45,evening,late_night,new,4,light,false,false,deep_connection,23,Cozy Conversation,conversation,0.08926,0.743
2281,playful,very_high,45,evening,just_because,new,4,light,false,false,playful_social,6,Scribble,creative_game,0.1015,0.635
2282,calm,low,20,afternoon,valentines,just_met,1,light,false,false,calm_connection,12,Deep Questions,conversation,0.11111,0.74
2283,erotic,medium,20,afternoon,holiday,serious,4,very_high,true,true,intimate_connection,14,Date Planner,date_activity,0.07611,0.768
2284,relaxed,medium,20,afternoon,holiday,dating,4,light,false,false,easy_connection,3,Trivia Battle,competitive_game,0.05225,0.695
2285,erotic,very_high,60,afternoon,normal_day,new,3,very_high,true,true,intimate_connection,25,Playful Teasing Cards,intimate_activity,0.14655,0.646
2286,energetic,medium,10,morning,just_because,new,2,light,false,false,high_energy_fun,6,Scribble,creative_game,0.05642,0.715
2287,energetic,medium,10,afternoon,long_distance,just_met,1,light,false,false,high_energy_fun,7,Find the Spy,social_game,0.09968,0.715
2288,sensual,medium,60,evening,valentines,just_met,1,high,true,true,sensual_connection,16,Watch Together,watch_together,0.2069,0.635
2289,nostalgic,low,10,afternoon,valentines,long_term,3,moderate,true,false,memory_connection,22,Little Moments,memory,0.06344,0.776
2290,nostalgic,very_high,30,afternoon,long_distance,just_met,4,moderate,true,false,memory_connection,6,Scribble,creative_game,0.09597,0.635
2291,celebratory,very_high,15,late_night,normal_day,dating,3,light,false,false,celebration,17,Couple Challenge,challenge,0.06881,0.751
2292,celebratory,very_low,20,late_night,just_because,serious,5,light,false,false,celebration,17,Couple Challenge,challenge,0.05792,0.725
2293,calm,very_high,10,late_night,birthday,dating,1,light,false,false,calm_connection,12,Deep Questions,conversation,0.06128,0.665
2294,low_energy,very_high,15,late_night,birthday,just_met,5,light,false,false,gentle_connection,3,Trivia Battle,competitive_game,0.09365,0.695
2295,affectionate,high,10,late_night,normal_day,serious,1,moderate,true,false,warm_connection,1,Rapid Fire,question_game,0.05177,0.66
2296,erotic,medium,30,late_night,normal_day,long_term,3,very_high,true,true,intimate_connection,20,Romantic Q&A,intimate_activity,0.08638,0.671
2297,low_energy,very_low,20,afternoon,weekend,long_term,3,light,false,false,gentle_connection,16,Watch Together,watch_together,0.06222,0.715
2298,affectionate,high,30,evening,date_night,long_term,2,moderate,true,false,warm_connection,14,Date Planner,date_activity,0.07524,0.719
2299,relaxed,very_low,15,afternoon,reunion,just_met,1,light,false,false,easy_connection,15,Music Mood,watch_together,0.10867,0.715
2300,sensual,medium,10,evening,celebration,dating,4,high,true,true,sensual_connection,18,Truth or Dare,romantic_activity,0.086,0.848
2301,relaxed,low,45,afternoon,valentines,just_met,3,light,false,false,easy_connection,16,Watch Together,watch_together,0.33877,0.74
2302,nostalgic,very_high,45,morning,first_date,new,1,moderate,true,false,memory_connection,12,Deep Questions,conversation,0.10443,0.565
2303,happy,low,5,evening,date_night,just_met,4,light,false,false,positive_social,1,Rapid Fire,question_game,0.14196,0.69
2304,nostalgic,very_high,20,morning,reunion,long_term,3,moderate,true,false,memory_connection,17,Couple Challenge,challenge,0.05946,0.731
2305,calm,very_low,15,afternoon,long_distance,new,5,light,false,false,calm_connection,22,Little Moments,memory,0.06998,0.835
2306,sensual,very_low,30,morning,first_date,new,2,high,true,true,sensual_connection,20,Romantic Q&A,intimate_activity,0.09575,0.659
2307,nostalgic,very_high,10,late_night,just_because,dating,1,moderate,true,false,memory_connection,10,Memory Lane,memory,0.06452,0.677
2308,relaxed,high,5,late_night,anniversary,new,2,light,false,false,easy_connection,23,Cozy Conversation,conversation,0.08661,0.714
2309,energetic,very_high,45,morning,rough_day,new,4,light,false,false,high_energy_fun,6,Scribble,creative_game,0.0922,0.635
2310,energetic,high,15,evening,anniversary,just_met,1,light,false,false,high_energy_fun,6,Scribble,creative_game,0.10707,0.74
2311,happy,very_high,15,morning,celebration,dating,3,light,false,false,positive_social,1,Rapid Fire,question_game,0.07242,0.775
2312,happy,medium,60,late_night,first_date,new,1,light,false,false,positive_social,16,Watch Together,watch_together,0.1677,0.635
2313,nostalgic,very_low,30,afternoon,reunion,serious,5,moderate,true,false,memory_connection,24,Date Night Roulette,date_activity,0.07412,0.73
2314,sensual,medium,5,morning,special_memory,dating,2,high,true,true,sensual_connection,19,Flirty This or That,intimate_activity,0.10744,0.764
2315,relaxed,medium,5,morning,normal_day,dating,2,light,false,false,easy_connection,4,Tic Tac Toe,competitive_game,0.06928,0.66
2316,relaxed,low,15,evening,holiday,serious,1,light,false,false,easy_connection,6,Scribble,creative_game,0.05516,0.67
2317,calm,very_low,20,evening,rough_day,dating,4,light,false,false,calm_connection,23,Cozy Conversation,conversation,0.09501,0.823
2318,deep,medium,10,morning,holiday,new,5,light,false,false,deep_connection,24,Date Night Roulette,date_activity,0.05879,0.78
2319,playful,medium,5,morning,birthday,dating,3,light,false,false,playful_social,17,Couple Challenge,challenge,0.06752,0.731
2320,romantic,very_high,10,morning,anniversary,just_met,3,moderate,true,false,romantic_connection,1,Rapid Fire,question_game,0.07456,0.635
2321,erotic,very_high,60,morning,special_memory,long_term,5,very_high,true,true,intimate_connection,20,Romantic Q&A,intimate_activity,0.09627,0.645
2322,nostalgic,medium,30,evening,first_date,serious,1,moderate,true,false,memory_connection,11,Relationship Timeline,memory,0.08688,0.727
2323,relaxed,very_low,45,evening,birthday,just_met,2,light,false,false,easy_connection,16,Watch Together,watch_together,0.30958,0.715
2324,celebratory,very_low,5,late_night,normal_day,serious,3,light,false,false,celebration,21,Compliment Challenge,romantic_activity,0.07563,0.671
2325,playful,medium,10,afternoon,first_date,dating,2,light,false,false,playful_social,2,This or That,question_game,0.09136,0.8
2326,celebratory,very_low,45,morning,reunion,new,2,light,false,false,celebration,17,Couple Challenge,challenge,0.11665,0.669
2327,low_energy,very_high,10,late_night,normal_day,long_term,3,light,false,false,gentle_connection,15,Music Mood,watch_together,0.06279,0.665
2328,sensual,low,20,afternoon,normal_day,serious,2,high,true,true,sensual_connection,25,Playful Teasing Cards,intimate_activity,0.08809,0.739
2329,relaxed,low,60,evening,valentines,new,4,light,false,false,easy_connection,23,Cozy Conversation,conversation,0.08143,0.708
2330,relaxed,very_high,15,evening,anniversary,long_term,1,light,false,false,easy_connection,15,Music Mood,watch_together,0.05599,0.665
2331,deep,very_high,20,morning,first_date,serious,5,light,false,false,deep_connection,12,Deep Questions,conversation,0.09727,0.725
2332,deep,low,30,afternoon,holiday,long_term,1,light,false,false,deep_connection,14,Date Planner,date_activity,0.07872,0.707
2333,affectionate,low,45,morning,anniversary,new,1,moderate,true,false,warm_connection,21,Compliment Challenge,romantic_activity,0.11009,0.732
2334,low_energy,high,10,afternoon,birthday,just_met,5,light,false,false,gentle_connection,1,Rapid Fire,question_game,0.09269,0.72
2335,affectionate,very_low,60,morning,long_distance,just_met,3,moderate,true,false,warm_connection,16,Watch Together,watch_together,0.38182,0.695
2336,romantic,low,45,morning,holiday,dating,3,moderate,true,false,romantic_connection,20,Romantic Q&A,intimate_activity,0.06242,0.696
2337,relaxed,very_high,45,evening,reunion,new,2,light,false,false,easy_connection,16,Watch Together,watch_together,0.14035,0.665
2338,calm,low,60,afternoon,reunion,serious,3,light,false,false,calm_connection,10,Memory Lane,memory,0.13559,0.756
2339,deep,very_low,20,late_night,date_night,just_met,1,light,false,false,deep_connection,5,Connect Four,competitive_game,0.06957,0.61
2340,nostalgic,medium,10,late_night,first_date,dating,2,moderate,true,false,memory_connection,8,Two Truths and a Lie,question_game,0.06637,0.72
2341,romantic,high,60,morning,reunion,long_term,1,moderate,true,false,romantic_connection,18,Truth or Dare,romantic_activity,0.1236,0.707
2342,calm,medium,45,afternoon,reunion,new,3,light,false,false,calm_connection,18,Truth or Dare,romantic_activity,0.06673,0.676
2343,relaxed,medium,10,late_night,anniversary,serious,2,light,false,false,easy_connection,10,Memory Lane,memory,0.07764,0.799
2344,affectionate,high,20,afternoon,weekend,long_term,2,moderate,true,false,warm_connection,17,Couple Challenge,challenge,0.06318,0.744
2345,sensual,medium,30,evening,rough_day,just_met,3,high,true,true,sensual_connection,16,Watch Together,watch_together,0.0859,0.695
2346,nostalgic,medium,45,late_night,normal_day,just_met,5,moderate,true,false,memory_connection,6,Scribble,creative_game,0.06287,0.555
2347,playful,low,15,evening,special_memory,new,5,light,false,false,playful_social,8,Two Truths and a Lie,question_game,0.05254,0.715
2348,celebratory,very_high,10,late_night,weekend,just_met,2,light,false,false,celebration,3,Trivia Battle,competitive_game,0.09013,0.775
2349,calm,very_high,20,evening,normal_day,serious,2,light,false,false,calm_connection,23,Cozy Conversation,conversation,0.06652,0.689
2350,sensual,medium,45,late_night,birthday,dating,5,high,true,true,sensual_connection,19,Flirty This or That,intimate_activity,0.10229,0.72
2351,relaxed,very_high,30,evening,first_date,serious,4,light,false,false,easy_connection,12,Deep Questions,conversation,0.09284,0.645
2352,affectionate,medium,5,evening,valentines,serious,2,moderate,true,false,warm_connection,22,Little Moments,memory,0.08062,0.739
2353,energetic,low,20,morning,rough_day,just_met,1,light,false,false,high_energy_fun,3,Trivia Battle,competitive_game,0.09944,0.69
2354,romantic,low,20,morning,anniversary,serious,4,moderate,true,false,romantic_connection,20,Romantic Q&A,intimate_activity,0.06914,0.848
2355,sensual,very_low,5,late_night,rough_day,new,2,high,true,true,sensual_connection,25,Playful Teasing Cards,intimate_activity,0.1109,0.714
2356,affectionate,medium,5,morning,birthday,just_met,5,moderate,true,false,warm_connection,2,This or That,question_game,0.11407,0.66
2357,deep,very_high,20,afternoon,first_date,dating,2,light,false,false,deep_connection,8,Two Truths and a Lie,question_game,0.07123,0.67
2358,playful,medium,60,afternoon,normal_day,serious,3,light,false,false,playful_social,8,Two Truths and a Lie,question_game,0.11013,0.66
2359,low_energy,very_low,60,late_night,holiday,new,4,light,false,false,gentle_connection,22,Little Moments,memory,0.09283,0.683
2360,playful,very_low,30,afternoon,just_because,long_term,3,light,false,false,playful_social,18,Truth or Dare,romantic_activity,0.08483,0.786
2361,sensual,medium,15,late_night,weekend,new,1,high,true,true,sensual_connection,14,Date Planner,date_activity,0.06916,0.732
2362,low_energy,very_high,5,evening,anniversary,new,2,light,false,false,gentle_connection,22,Little Moments,memory,0.13175,0.749
2363,happy,low,10,afternoon,anniversary,new,3,light,false,false,positive_social,13,Future Plans,conversation,0.05753,0.731
2364,low_energy,high,10,afternoon,normal_day,just_met,2,light,false,false,gentle_connection,1,Rapid Fire,question_game,0.07353,0.66
2365,erotic,medium,60,late_night,date_night,just_met,2,very_high,true,true,intimate_connection,16,Watch Together,watch_together,0.18991,0.635
2366,happy,low,15,morning,weekend,new,4,light,false,false,positive_social,17,Couple Challenge,challenge,0.06394,0.798
2367,erotic,low,10,morning,date_night,serious,1,very_high,true,true,intimate_connection,19,Flirty This or That,intimate_activity,0.10323,0.787
2368,sensual,low,15,evening,just_because,serious,2,high,true,true,sensual_connection,21,Compliment Challenge,romantic_activity,0.06858,0.764
2369,celebratory,very_high,45,afternoon,reunion,serious,2,light,false,false,celebration,24,Date Night Roulette,date_activity,0.12107,0.694
2370,erotic,high,15,evening,birthday,long_term,2,very_high,true,true,intimate_connection,18,Truth or Dare,romantic_activity,0.06727,0.739
2371,erotic,very_low,10,late_night,birthday,serious,5,very_high,true,true,intimate_connection,25,Playful Teasing Cards,intimate_activity,0.08453,0.75
2372,playful,very_high,5,afternoon,just_because,just_met,2,light,false,false,playful_social,6,Scribble,creative_game,0.11638,0.635
2373,nostalgic,very_low,30,late_night,long_distance,long_term,2,moderate,true,false,memory_connection,11,Relationship Timeline,memory,0.09836,0.739
2374,romantic,very_high,10,afternoon,anniversary,just_met,5,moderate,true,false,romantic_connection,6,Scribble,creative_game,0.05889,0.635
2375,nostalgic,very_low,10,morning,valentines,long_term,5,moderate,true,false,memory_connection,20,Romantic Q&A,intimate_activity,0.07174,0.835
2376,deep,medium,30,afternoon,holiday,new,1,light,false,false,deep_connection,6,Scribble,creative_game,0.08522,0.695
2377,affectionate,low,60,afternoon,rough_day,just_met,5,moderate,true,false,warm_connection,16,Watch Together,watch_together,0.31746,0.72
2378,energetic,very_low,20,morning,rough_day,dating,4,light,false,false,high_energy_fun,23,Cozy Conversation,conversation,0.06817,0.743
2379,deep,medium,5,morning,special_memory,just_met,1,light,false,false,deep_connection,12,Deep Questions,conversation,0.11663,0.635
2380,sensual,very_low,60,morning,first_date,dating,2,high,true,true,sensual_connection,21,Compliment Challenge,romantic_activity,0.09687,0.659
2381,erotic,very_high,5,morning,rough_day,new,4,very_high,true,true,intimate_connection,22,Little Moments,memory,0.10505,0.693
2382,playful,high,60,evening,normal_day,long_term,1,light,false,false,playful_social,2,This or That,question_game,0.13253,0.635
2383,calm,medium,20,morning,special_memory,long_term,3,light,false,false,calm_connection,23,Cozy Conversation,conversation,0.05688,0.751
2384,deep,low,5,afternoon,late_night,long_term,5,light,false,false,deep_connection,19,Flirty This or That,intimate_activity,0.07858,0.755
2385,energetic,very_high,60,morning,date_night,new,3,light,false,false,high_energy_fun,6,Scribble,creative_game,0.08178,0.635
2386,erotic,very_low,15,late_night,reunion,just_met,5,very_high,true,true,intimate_connection,12,Deep Questions,conversation,0.08511,0.635
2387,happy,very_low,30,morning,normal_day,dating,2,light,false,false,positive_social,6,Scribble,creative_game,0.07976,0.665
2388,low_energy,medium,5,evening,rough_day,long_term,3,light,false,false,gentle_connection,15,Music Mood,watch_together,0.08131,0.695
2389,relaxed,high,30,morning,anniversary,serious,2,light,false,false,easy_connection,15,Music Mood,watch_together,0.0667,0.69
2390,nostalgic,low,15,evening,celebration,just_met,3,moderate,true,false,memory_connection,3,Trivia Battle,competitive_game,0.07662,0.67
2391,romantic,very_high,20,morning,weekend,just_met,4,moderate,true,false,romantic_connection,3,Trivia Battle,competitive_game,0.09722,0.695
2392,affectionate,low,20,late_night,late_night,dating,1,moderate,true,false,warm_connection,15,Music Mood,watch_together,0.05967,0.72
2393,erotic,very_high,10,afternoon,first_date,just_met,3,very_high,true,true,intimate_connection,2,This or That,question_game,0.08879,0.67
2394,playful,high,15,morning,just_because,long_term,5,light,false,false,playful_social,8,Two Truths and a Lie,question_game,0.05559,0.715
2395,deep,medium,60,afternoon,weekend,serious,4,light,false,false,deep_connection,12,Deep Questions,conversation,0.07778,0.635
2396,affectionate,very_high,10,late_night,rough_day,new,5,moderate,true,false,warm_connection,10,Memory Lane,memory,0.0675,0.785
2397,relaxed,medium,10,afternoon,celebration,just_met,2,light,false,false,easy_connection,15,Music Mood,watch_together,0.08468,0.715
2398,celebratory,medium,45,afternoon,weekend,long_term,3,light,false,false,celebration,24,Date Night Roulette,date_activity,0.11847,0.756
2399,romantic,very_low,10,late_night,special_memory,new,3,moderate,true,false,romantic_connection,20,Romantic Q&A,intimate_activity,0.05337,0.751
2400,nostalgic,high,10,morning,birthday,dating,1,moderate,true,false,memory_connection,6,Scribble,creative_game,0.06998,0.72
2401,happy,high,15,late_night,date_night,dating,3,light,false,false,positive_social,8,Two Truths and a Lie,question_game,0.04895,0.715
2402,happy,low,20,afternoon,rough_day,dating,3,light,false,false,positive_social,16,Watch Together,watch_together,0.06367,0.72
2403,romantic,medium,10,morning,celebration,just_met,4,moderate,true,false,romantic_connection,3,Trivia Battle,competitive_game,0.07706,0.695
2404,relaxed,medium,60,evening,weekend,long_term,5,light,false,false,easy_connection,24,Date Night Roulette,date_activity,0.08475,0.7
2405,happy,low,45,morning,valentines,new,5,light,false,false,positive_social,14,Date Planner,date_activity,0.078,0.675
2406,nostalgic,low,60,evening,valentines,new,4,moderate,true,false,memory_connection,11,Relationship Timeline,memory,0.09464,0.708
2407,sensual,very_low,45,evening,normal_day,dating,1,high,true,true,sensual_connection,23,Cozy Conversation,conversation,0.09956,0.647
2408,deep,low,10,afternoon,anniversary,dating,2,light,false,false,deep_connection,12,Deep Questions,conversation,0.058,0.74
2409,deep,very_high,15,morning,long_distance,new,2,light,false,false,deep_connection,13,Future Plans,conversation,0.05584,0.714
2410,playful,very_low,45,late_night,weekend,serious,1,light,false,false,playful_social,16,Watch Together,watch_together,0.11149,0.635
2411,celebratory,low,10,morning,celebration,new,4,light,false,false,celebration,17,Couple Challenge,challenge,0.07762,0.798
2412,relaxed,medium,10,morning,just_because,serious,1,light,false,false,easy_connection,23,Cozy Conversation,conversation,0.0551,0.727
2413,playful,very_high,60,late_night,special_memory,dating,4,light,false,false,playful_social,1,Rapid Fire,question_game,0.09382,0.635
2414,nostalgic,high,60,morning,normal_day,new,2,moderate,true,false,memory_connection,22,Little Moments,memory,0.15047,0.634
2415,erotic,very_low,30,morning,valentines,serious,1,very_high,true,true,intimate_connection,19,Flirty This or That,intimate_activity,0.12266,0.682
2416,celebratory,very_high,5,afternoon,rough_day,serious,3,light,false,false,celebration,1,Rapid Fire,question_game,0.09282,0.715
2417,sensual,high,15,evening,holiday,long_term,1,high,true,true,sensual_connection,24,Date Night Roulette,date_activity,0.07143,0.707
2418,relaxed,very_low,30,afternoon,long_distance,dating,5,light,false,false,easy_connection,10,Memory Lane,memory,0.07739,0.755
2419,romantic,very_low,5,evening,late_night,just_met,1,moderate,true,false,romantic_connection,15,Music Mood,watch_together,0.10029,0.615
2420,low_energy,very_high,15,morning,weekend,dating,2,light,false,false,gentle_connection,23,Cozy Conversation,conversation,0.05764,0.689
2421,nostalgic,high,15,morning,late_night,new,4,moderate,true,false,memory_connection,23,Cozy Conversation,conversation,0.06349,0.798
2422,sensual,low,10,afternoon,first_date,new,4,high,true,true,sensual_connection,19,Flirty This or That,intimate_activity,0.08189,0.763
2423,calm,high,5,morning,birthday,just_met,3,light,false,false,calm_connection,1,Rapid Fire,question_game,0.17045,0.72
2424,nostalgic,high,45,morning,holiday,dating,1,moderate,true,false,memory_connection,11,Relationship Timeline,memory,0.08762,0.622
2425,calm,low,20,late_night,long_distance,serious,1,light,false,false,calm_connection,16,Watch Together,watch_together,0.08819,0.8
2426,playful,very_low,45,afternoon,long_distance,just_met,1,light,false,false,playful_social,8,Two Truths and a Lie,question_game,0.10839,0.61
2427,happy,very_high,10,evening,long_distance,serious,5,light,false,false,positive_social,8,Two Truths and a Lie,question_game,0.05528,0.69
2428,erotic,very_low,20,afternoon,celebration,serious,1,very_high,true,true,intimate_connection,20,Romantic Q&A,intimate_activity,0.09492,0.727
2429,sensual,low,5,afternoon,special_memory,new,3,high,true,true,sensual_connection,23,Cozy Conversation,conversation,0.09322,0.776
2430,calm,very_low,60,late_night,weekend,long_term,2,light,false,false,calm_connection,23,Cozy Conversation,conversation,0.09167,0.659
2431,playful,high,45,late_night,long_distance,long_term,2,light,false,false,playful_social,1,Rapid Fire,question_game,0.06983,0.66
2432,nostalgic,medium,15,morning,first_date,new,3,moderate,true,false,memory_connection,22,Little Moments,memory,0.0585,0.751
2433,happy,very_high,20,afternoon,valentines,dating,2,light,false,false,positive_social,19,Flirty This or That,intimate_activity,0.06229,0.694
2434,low_energy,very_high,45,afternoon,long_distance,just_met,2,light,false,false,gentle_connection,16,Watch Together,watch_together,0.35821,0.725
2435,calm,very_high,45,morning,normal_day,just_met,3,light,false,false,calm_connection,12,Deep Questions,conversation,0.15947,0.585
2436,sensual,very_low,30,morning,weekend,dating,5,high,true,true,sensual_connection,18,Truth or Dare,romantic_activity,0.08652,0.75
2437,playful,medium,15,afternoon,just_because,just_met,4,light,false,false,playful_social,3,Trivia Battle,competitive_game,0.07713,0.715
2438,celebratory,low,20,late_night,special_memory,long_term,5,light,false,false,celebration,17,Couple Challenge,challenge,0.05447,0.75
2439,erotic,medium,60,late_night,first_date,long_term,3,very_high,true,true,intimate_connection,19,Flirty This or That,intimate_activity,0.14925,0.696
2440,erotic,medium,30,late_night,celebration,long_term,2,very_high,true,true,intimate_connection,18,Truth or Dare,romantic_activity,0.11838,0.824
2441,celebratory,very_low,15,morning,special_memory,long_term,3,light,false,false,celebration,22,Little Moments,memory,0.06524,0.731
2442,erotic,low,10,afternoon,first_date,new,2,very_high,true,true,intimate_connection,19,Flirty This or That,intimate_activity,0.08421,0.739
2443,romantic,high,20,morning,long_distance,long_term,1,moderate,true,false,romantic_connection,15,Music Mood,watch_together,0.05682,0.67
2444,energetic,low,20,morning,reunion,serious,1,light,false,false,high_energy_fun,7,Find the Spy,social_game,0.06467,0.69
2445,romantic,low,15,afternoon,weekend,long_term,2,moderate,true,false,romantic_connection,24,Date Night Roulette,date_activity,0.06761,0.799
2446,low_energy,very_high,15,afternoon,just_because,long_term,2,light,false,false,gentle_connection,16,Watch Together,watch_together,0.05409,0.665
2447,nostalgic,very_low,60,evening,holiday,just_met,3,moderate,true,false,memory_connection,16,Watch Together,watch_together,0.02963,0.635
2448,low_energy,very_low,10,late_night,valentines,just_met,5,light,false,false,gentle_connection,16,Watch Together,watch_together,0.05488,0.635
2449,erotic,low,20,evening,weekend,new,4,very_high,true,true,intimate_connection,14,Date Planner,date_activity,0.07158,0.743
2450,playful,very_high,20,late_night,valentines,serious,1,light,false,false,playful_social,25,Playful Teasing Cards,intimate_activity,0.06177,0.762
2451,affectionate,very_low,30,late_night,special_memory,serious,1,moderate,true,false,warm_connection,10,Memory Lane,memory,0.09971,0.707
2452,low_energy,low,60,afternoon,special_memory,long_term,3,light,false,false,gentle_connection,22,Little Moments,memory,0.16863,0.756
2453,erotic,very_low,15,afternoon,special_memory,dating,4,very_high,true,true,intimate_connection,20,Romantic Q&A,intimate_activity,0.08384,0.763
2454,affectionate,very_high,60,evening,holiday,long_term,3,moderate,true,false,warm_connection,24,Date Night Roulette,date_activity,0.09572,0.626
2455,happy,very_low,60,afternoon,reunion,new,1,light,false,false,positive_social,16,Watch Together,watch_together,0.21176,0.635
2456,nostalgic,high,30,late_night,just_because,serious,1,moderate,true,false,memory_connection,5,Connect Four,competitive_game,0.06429,0.635
2457,playful,high,30,afternoon,first_date,just_met,2,light,false,false,playful_social,2,This or That,question_game,0.12057,0.695
2458,calm,very_low,5,morning,long_distance,long_term,1,light,false,false,calm_connection,15,Music Mood,watch_together,0.10109,0.695
2459,deep,very_low,15,morning,holiday,dating,1,light,false,false,deep_connection,11,Relationship Timeline,memory,0.05675,0.727
2460,erotic,low,60,afternoon,holiday,long_term,4,very_high,true,true,intimate_connection,14,Date Planner,date_activity,0.08696,0.663
2461,low_energy,low,5,evening,anniversary,dating,3,light,false,false,gentle_connection,22,Little Moments,memory,0.12456,0.836
2462,energetic,high,20,evening,long_distance,new,1,light,false,false,high_energy_fun,17,Couple Challenge,challenge,0.0602,0.752
2463,energetic,low,45,late_night,special_memory,serious,2,light,false,false,high_energy_fun,22,Little Moments,memory,0.08988,0.664
2464,calm,very_low,30,morning,rough_day,serious,4,light,false,false,calm_connection,22,Little Moments,memory,0.07923,0.743
2465,happy,low,30,morning,special_memory,dating,1,light,false,false,positive_social,3,Trivia Battle,competitive_game,0.07904,0.69
2466,nostalgic,very_high,15,morning,anniversary,new,2,moderate,true,false,memory_connection,11,Relationship Timeline,memory,0.08953,0.749
2467,playful,low,15,evening,rough_day,new,2,light,false,false,playful_social,15,Music Mood,watch_together,0.05453,0.72
2468,relaxed,very_low,20,morning,reunion,just_met,2,light,false,false,easy_connection,15,Music Mood,watch_together,0.09102,0.715
2469,romantic,very_low,5,afternoon,normal_day,serious,1,moderate,true,false,romantic_connection,21,Compliment Challenge,romantic_activity,0.12075,0.727
2470,relaxed,low,60,evening,date_night,serious,4,light,false,false,easy_connection,14,Date Planner,date_activity,0.0694,0.663
2471,calm,high,5,afternoon,anniversary,serious,1,light,false,false,calm_connection,21,Compliment Challenge,romantic_activity,0.07205,0.682
2472,nostalgic,medium,15,evening,late_night,just_met,2,moderate,true,false,memory_connection,4,Tic Tac Toe,competitive_game,0.05525,0.66
2473,calm,very_low,10,late_night,birthday,long_term,1,light,false,false,calm_connection,3,Trivia Battle,competitive_game,0.05945,0.645
2474,playful,high,15,evening,normal_day,new,4,light,false,false,playful_social,1,Rapid Fire,question_game,0.06406,0.74
2475,deep,very_low,20,late_night,weekend,just_met,2,light,false,false,deep_connection,15,Music Mood,watch_together,0.06301,0.635
2476,sensual,high,45,afternoon,just_because,new,1,high,true,true,sensual_connection,18,Truth or Dare,romantic_activity,0.13315,0.707
2477,romantic,very_low,20,afternoon,first_date,new,3,moderate,true,false,romantic_connection,8,Two Truths and a Lie,question_game,0.06551,0.67
2478,relaxed,low,30,evening,rough_day,serious,5,light,false,false,easy_connection,16,Watch Together,watch_together,0.10723,0.8
2479,erotic,high,60,afternoon,holiday,long_term,2,very_high,true,true,intimate_connection,24,Date Night Roulette,date_activity,0.09639,0.639
2480,nostalgic,low,30,evening,long_distance,just_met,3,moderate,true,false,memory_connection,12,Deep Questions,conversation,0.12993,0.72
2481,erotic,high,45,morning,reunion,long_term,5,very_high,true,true,intimate_connection,20,Romantic Q&A,intimate_activity,0.08882,0.67
2482,relaxed,high,45,morning,reunion,serious,1,light,false,false,easy_connection,10,Memory Lane,memory,0.1179,0.682
2483,energetic,low,20,afternoon,holiday,just_met,3,light,false,false,high_energy_fun,3,Trivia Battle,competitive_game,0.07158,0.75
2484,relaxed,very_high,10,morning,celebration,new,2,light,false,false,easy_connection,1,Rapid Fire,question_game,0.05974,0.695
2485,calm,medium,45,afternoon,first_date,serious,3,light,false,false,calm_connection,16,Watch Together,watch_together,0.17672,0.715
2486,calm,very_high,20,morning,celebration,dating,4,light,false,false,calm_connection,6,Scribble,creative_game,0.0601,0.695
2487,sensual,very_low,30,afternoon,first_date,long_term,2,high,true,true,sensual_connection,20,Romantic Q&A,intimate_activity,0.09575,0.659
2488,relaxed,high,60,morning,weekend,long_term,5,light,false,false,easy_connection,24,Date Night Roulette,date_activity,0.08397,0.675
2489,deep,low,20,evening,special_memory,long_term,1,light,false,false,deep_connection,22,Little Moments,memory,0.06764,0.732
2490,romantic,very_low,60,evening,special_memory,just_met,5,moderate,true,false,romantic_connection,16,Watch Together,watch_together,0.25185,0.635
2491,affectionate,very_high,20,evening,weekend,dating,2,moderate,true,false,warm_connection,14,Date Planner,date_activity,0.06142,0.694
2492,celebratory,medium,60,morning,celebration,just_met,3,light,false,false,celebration,3,Trivia Battle,competitive_game,0.16244,0.695
2493,low_energy,very_high,30,late_night,special_memory,just_met,4,light,false,false,gentle_connection,15,Music Mood,watch_together,0.14211,0.665
2494,romantic,low,30,late_night,reunion,serious,4,moderate,true,false,romantic_connection,18,Truth or Dare,romantic_activity,0.0889,0.823
2495,erotic,low,5,late_night,birthday,serious,1,very_high,true,true,intimate_connection,20,Romantic Q&A,intimate_activity,0.08974,0.672
2496,playful,high,20,late_night,long_distance,long_term,2,light,false,false,playful_social,9,How Well Do You Know Me,question_game,0.05145,0.719
2497,celebratory,high,30,late_night,rough_day,new,2,light,false,false,celebration,6,Scribble,creative_game,0.07504,0.74
2498,celebratory,low,20,morning,special_memory,long_term,3,light,false,false,celebration,17,Couple Challenge,challenge,0.05464,0.726
2499,happy,high,45,afternoon,celebration,new,3,light,false,false,positive_social,17,Couple Challenge,challenge,0.14042,0.756
2500,deep,very_low,45,evening,special_memory,serious,4,light,false,false,deep_connection,12,Deep Questions,conversation,0.10085,0.635
2501,calm,high,30,morning,normal_day,just_met,2,light,false,false,calm_connection,15,Music Mood,watch_together,0.15,0.69
2502,nostalgic,low,60,evening,holiday,dating,3,moderate,true,false,memory_connection,11,Relationship Timeline,memory,0.11236,0.696
2503,nostalgic,high,20,late_night,anniversary,new,3,moderate,true,false,memory_connection,13,Future Plans,conversation,0.05865,0.731
2504,celebratory,medium,10,afternoon,celebration,new,5,light,false,false,celebration,3,Trivia Battle,competitive_game,0.06742,0.775
2505,deep,high,60,afternoon,holiday,new,5,light,false,false,deep_connection,12,Deep Questions,conversation,0.08159,0.61
2506,celebratory,very_low,15,late_night,date_night,dating,1,light,false,false,celebration,1,Rapid Fire,question_game,0.05056,0.665
2507,calm,low,30,evening,rough_day,serious,2,light,false,false,calm_connection,12,Deep Questions,conversation,0.07215,0.74
2508,calm,high,10,afternoon,long_distance,long_term,2,light,false,false,calm_connection,20,Romantic Q&A,intimate_activity,0.05954,0.774
2509,affectionate,medium,30,evening,first_date,new,5,moderate,true,false,warm_connection,12,Deep Questions,conversation,0.08587,0.695
2510,sensual,high,15,evening,normal_day,serious,5,high,true,true,sensual_connection,25,Playful Teasing Cards,intimate_activity,0.08665,0.775
2511,relaxed,very_high,15,morning,late_night,dating,4,light,false,false,easy_connection,19,Flirty This or That,intimate_activity,0.05095,0.718
2512,deep,medium,10,morning,anniversary,dating,5,light,false,false,deep_connection,10,Memory Lane,memory,0.08131,0.835
2513,low_energy,very_high,60,morning,just_because,just_met,4,light,false,false,gentle_connection,15,Music Mood,watch_together,0.17204,0.585
2514,romantic,very_low,10,evening,late_night,new,3,moderate,true,false,romantic_connection,21,Compliment Challenge,romantic_activity,0.0527,0.751
2515,playful,medium,10,late_night,birthday,just_met,3,light,false,false,playful_social,6,Scribble,creative_game,0.11687,0.775
2516,playful,medium,60,evening,anniversary,just_met,2,light,false,false,playful_social,1,Rapid Fire,question_game,0.13415,0.635
2517,calm,very_high,10,late_night,reunion,long_term,1,light,false,false,calm_connection,22,Little Moments,memory,0.07629,0.737
2518,relaxed,high,60,evening,normal_day,just_met,5,light,false,false,easy_connection,16,Watch Together,watch_together,0.39196,0.69
2519,romantic,very_low,15,morning,normal_day,dating,2,moderate,true,false,romantic_connection,21,Compliment Challenge,romantic_activity,0.05699,0.739
2520,celebratory,very_high,5,late_night,weekend,just_met,5,light,false,false,celebration,2,This or That,question_game,0.09375,0.61
2521,romantic,high,5,evening,valentines,new,2,moderate,true,false,romantic_connection,14,Date Planner,date_activity,0.07292,0.719
2522,nostalgic,very_high,60,evening,long_distance,new,2,moderate,true,false,memory_connection,20,Romantic Q&A,intimate_activity,0.07711,0.669
2523,nostalgic,high,20,morning,valentines,long_term,5,moderate,true,false,memory_connection,18,Truth or Dare,romantic_activity,0.0635,0.755
2524,erotic,high,30,late_night,birthday,dating,2,very_high,true,true,intimate_connection,18,Truth or Dare,romantic_activity,0.09501,0.739
2525,sensual,medium,30,evening,rough_day,dating,5,high,true,true,sensual_connection,18,Truth or Dare,romantic_activity,0.08367,0.8
2526,sensual,very_high,20,evening,special_memory,dating,5,high,true,true,sensual_connection,19,Flirty This or That,intimate_activity,0.08425,0.75
2527,nostalgic,low,15,morning,first_date,serious,3,moderate,true,false,memory_connection,10,Memory Lane,memory,0.06456,0.776
2528,happy,very_low,5,afternoon,special_memory,dating,3,light,false,false,positive_social,10,Memory Lane,memory,0.0796,0.651
2529,celebratory,low,5,afternoon,date_night,just_met,3,light,false,false,celebration,3,Trivia Battle,competitive_game,0.06985,0.61
2530,playful,low,5,evening,valentines,serious,1,light,false,false,playful_social,25,Playful Teasing Cards,intimate_activity,0.09061,0.787
2531,low_energy,high,30,afternoon,celebration,just_met,3,light,false,false,gentle_connection,6,Scribble,creative_game,0.13643,0.72
2532,nostalgic,very_high,30,late_night,long_distance,long_term,5,moderate,true,false,memory_connection,15,Music Mood,watch_together,0.07098,0.645
2533,energetic,low,20,afternoon,long_distance,serious,4,light,false,false,high_energy_fun,16,Watch Together,watch_together,0.05436,0.72
2534,deep,high,10,morning,date_night,dating,5,light,false,false,deep_connection,24,Date Night Roulette,date_activity,0.0543,0.755
2535,sensual,low,15,evening,anniversary,just_met,5,high,true,true,sensual_connection,12,Deep Questions,conversation,0.10795,0.66
2536,romantic,very_high,60,morning,rough_day,new,2,moderate,true,false,romantic_connection,20,Romantic Q&A,intimate_activity,0.10156,0.669
2537,romantic,low,30,afternoon,just_because,just_met,3,moderate,true,false,romantic_connection,16,Watch Together,watch_together,0.09091,0.66
2538,happy,high,45,morning,just_because,just_met,5,light,false,false,positive_social,16,Watch Together,watch_together,0.14739,0.61
2539,deep,high,10,afternoon,rough_day,long_term,4,light,false,false,deep_connection,10,Memory Lane,memory,0.07062,0.798
2540,nostalgic,low,60,late_night,long_distance,long_term,1,moderate,true,false,memory_connection,22,Little Moments,memory,0.15837,0.732
2541,romantic,low,15,late_night,reunion,dating,3,moderate,true,false,romantic_connection,22,Little Moments,memory,0.05482,0.756
2542,calm,very_high,45,evening,reunion,new,4,light,false,false,calm_connection,16,Watch Together,watch_together,0.13123,0.665
2543,celebratory,very_low,15,afternoon,late_night,just_met,5,light,false,false,celebration,3,Trivia Battle,competitive_game,0.07759,0.665
2544,low_energy,high,20,afternoon,rough_day,just_met,4,light,false,false,gentle_connection,15,Music Mood,watch_together,0.12916,0.75
2545,romantic,high,5,late_night,date_night,just_met,4,moderate,true,false,romantic_connection,4,Tic Tac Toe,competitive_game,0.09408,0.635
2546,affectionate,high,60,afternoon,just_because,long_term,5,moderate,true,false,warm_connection,23,Cozy Conversation,conversation,0.08243,0.67
2547,happy,medium,10,afternoon,date_night,long_term,5,light,false,false,positive_social,9,How Well Do You Know Me,question_game,0.05199,0.78
2548,affectionate,high,10,morning,rough_day,serious,3,moderate,true,false,warm_connection,10,Memory Lane,memory,0.06522,0.786
2549,celebratory,very_low,45,evening,anniversary,long_term,5,light,false,false,celebration,11,Relationship Timeline,memory,0.10105,0.675
2550,romantic,medium,45,evening,rough_day,new,5,moderate,true,false,romantic_connection,20,Romantic Q&A,intimate_activity,0.0837,0.755
2551,nostalgic,low,15,evening,birthday,serious,1,moderate,true,false,memory_connection,22,Little Moments,memory,0.06365,0.752
2552,low_energy,high,45,late_night,anniversary,new,4,light,false,false,gentle_connection,16,Watch Together,watch_together,0.12027,0.69
2553,happy,very_high,15,evening,holiday,dating,5,light,false,false,positive_social,14,Date Planner,date_activity,0.06065,0.73
2554,erotic,high,30,morning,date_night,serious,5,very_high,true,true,intimate_connection,14,Date Planner,date_activity,0.09043,0.755
2555,celebratory,high,5,afternoon,late_night,new,4,light,false,false,celebration,1,Rapid Fire,question_game,0.08789,0.74
2556,happy,medium,10,late_night,special_memory,long_term,4,light,false,false,positive_social,13,Future Plans,conversation,0.05552,0.768
2557,affectionate,high,45,evening,date_night,long_term,5,moderate,true,false,warm_connection,24,Date Night Roulette,date_activity,0.07255,0.675
2558,nostalgic,low,10,afternoon,normal_day,just_met,2,moderate,true,false,memory_connection,12,Deep Questions,conversation,0.07682,0.66
2559,relaxed,very_low,30,afternoon,date_night,just_met,1,light,false,false,easy_connection,15,Music Mood,watch_together,0.17734,0.715
2560,nostalgic,high,30,late_night,weekend,long_term,5,moderate,true,false,memory_connection,6,Scribble,creative_game,0.0773,0.72
2561,energetic,medium,45,afternoon,rough_day,dating,5,light,false,false,high_energy_fun,23,Cozy Conversation,conversation,0.07218,0.675
2562,affectionate,very_high,20,morning,special_memory,just_met,2,moderate,true,false,warm_connection,3,Trivia Battle,competitive_game,0.11081,0.635
2563,deep,low,20,morning,holiday,long_term,5,light,false,false,deep_connection,10,Memory Lane,memory,0.06228,0.8
2564,energetic,very_low,15,afternoon,anniversary,long_term,1,light,false,false,high_energy_fun,10,Memory Lane,memory,0.06069,0.707
2565,romantic,very_high,10,evening,celebration,just_met,1,moderate,true,false,romantic_connection,3,Trivia Battle,competitive_game,0.12174,0.695
2566,energetic,medium,45,afternoon,normal_day,long_term,2,light,false,false,high_energy_fun,7,Find the Spy,social_game,0.08457,0.635
2567,celebratory,high,20,morning,anniversary,long_term,4,light,false,false,celebration,17,Couple Challenge,challenge,0.06144,0.788
2568,playful,low,20,morning,celebration,new,2,light,false,false,playful_social,6,Scribble,creative_game,0.07236,0.75
2569,romantic,very_low,60,late_night,long_distance,serious,2,moderate,true,false,romantic_connection,16,Watch Together,watch_together,0.14815,0.695
2570,celebratory,very_low,5,morning,long_distance,serious,1,light,false,false,celebration,1,Rapid Fire,question_game,0.1048,0.665
2571,romantic,very_low,5,morning,reunion,new,3,moderate,true,false,romantic_connection,23,Cozy Conversation,conversation,0.08624,0.751
2572,nostalgic,high,10,afternoon,just_because,long_term,2,moderate,true,false,memory_connection,10,Memory Lane,memory,0.06339,0.714
2573,celebratory,low,20,late_night,valentines,new,5,light,false,false,celebration,18,Truth or Dare,romantic_activity,0.07856,0.835
2574,romantic,high,45,evening,special_memory,long_term,1,moderate,true,false,romantic_connection,10,Memory Lane,memory,0.1373,0.682
2575,erotic,medium,10,morning,first_date,dating,1,very_high,true,true,intimate_connection,9,How Well Do You Know Me,question_game,0.06931,0.732
2576,low_energy,high,45,afternoon,just_because,dating,1,light,false,false,gentle_connection,15,Music Mood,watch_together,0.11232,0.61
2577,calm,low,10,evening,long_distance,new,1,light,false,false,calm_connection,20,Romantic Q&A,intimate_activity,0.0636,0.812
2578,celebratory,low,45,evening,valentines,serious,1,light,false,false,celebration,6,Scribble,creative_game,0.07054,0.61
2579,sensual,very_low,60,afternoon,rough_day,long_term,5,high,true,true,sensual_connection,23,Cozy Conversation,conversation,0.13702,0.755
2580,erotic,very_high,20,morning,special_memory,just_met,2,very_high,true,true,intimate_connection,3,Trivia Battle,competitive_game,0.09281,0.635
2581,playful,low,15,afternoon,long_distance,dating,5,light,false,false,playful_social,2,This or That,question_game,0.05168,0.715
2582,calm,high,15,afternoon,anniversary,just_met,3,light,false,false,calm_connection,12,Deep Questions,conversation,0.06355,0.69
2583,sensual,low,5,afternoon,reunion,just_met,4,high,true,true,sensual_connection,2,This or That,question_game,0.16334,0.635
2584,celebratory,low,20,afternoon,weekend,serious,3,light,false,false,celebration,17,Couple Challenge,challenge,0.07802,0.786
2585,celebratory,very_high,5,late_night,rough_day,just_met,4,light,false,false,celebration,2,This or That,question_game,0.09639,0.61
2586,celebratory,very_low,20,afternoon,date_night,new,3,light,false,false,celebration,14,Date Planner,date_activity,0.05603,0.706
2587,playful,medium,15,evening,holiday,new,1,light,false,false,playful_social,6,Scribble,creative_game,0.08073,0.775
2588,sensual,medium,5,afternoon,normal_day,just_met,1,high,true,true,sensual_connection,2,This or That,question_game,0.11486,0.66
2589,relaxed,high,30,late_night,valentines,serious,3,light,false,false,easy_connection,15,Music Mood,watch_together,0.06504,0.69
2590,calm,high,30,evening,valentines,dating,4,light,false,false,calm_connection,15,Music Mood,watch_together,0.06268,0.69
2591,affectionate,medium,20,morning,date_night,dating,4,moderate,true,false,warm_connection,20,Romantic Q&A,intimate_activity,0.06486,0.823
2592,playful,very_low,30,morning,special_memory,just_met,5,light,false,false,playful_social,6,Scribble,creative_game,0.1274,0.665
2593,affectionate,very_low,60,late_night,weekend,new,1,moderate,true,false,warm_connection,21,Compliment Challenge,romantic_activity,0.08451,0.647
2594,deep,very_low,20,afternoon,long_distance,long_term,1,light,false,false,deep_connection,9,How Well Do You Know Me,question_game,0.07267,0.762
2595,nostalgic,very_low,60,evening,reunion,just_met,2,moderate,true,false,memory_connection,16,Watch Together,watch_together,0.21675,0.635
2596,sensual,very_low,15,morning,reunion,just_met,2,high,true,true,sensual_connection,12,Deep Questions,conversation,0.08981,0.635
2597,relaxed,high,5,afternoon,normal_day,serious,2,light,false,false,easy_connection,22,Little Moments,memory,0.09974,0.714
2598,happy,medium,15,evening,reunion,dating,2,light,false,false,positive_social,8,Two Truths and a Lie,question_game,0.05245,0.74
2599,romantic,very_low,45,afternoon,normal_day,just_met,5,moderate,true,false,romantic_connection,16,Watch Together,watch_together,0.45634,0.635
2600,calm,very_high,60,evening,reunion,serious,4,light,false,false,calm_connection,22,Little Moments,memory,0.1452,0.693
2601,energetic,very_low,10,morning,weekend,just_met,3,light,false,false,high_energy_fun,3,Trivia Battle,competitive_game,0.12004,0.725
2602,low_energy,low,30,late_night,date_night,serious,3,light,false,false,gentle_connection,24,Date Night Roulette,date_activity,0.07082,0.731
2603,relaxed,high,60,afternoon,first_date,dating,5,light,false,false,easy_connection,16,Watch Together,watch_together,0.23926,0.69
2604,affectionate,low,45,late_night,normal_day,just_met,1,moderate,true,false,warm_connection,3,Trivia Battle,competitive_game,0.04948,0.53
2605,relaxed,high,20,morning,birthday,dating,5,light,false,false,easy_connection,3,Trivia Battle,competitive_game,0.06009,0.72
2606,playful,very_low,5,late_night,late_night,serious,4,light,false,false,playful_social,25,Playful Teasing Cards,intimate_activity,0.10219,0.798
2607,deep,very_low,5,evening,late_night,new,5,light,false,false,deep_connection,12,Deep Questions,conversation,0.0642,0.635
2608,nostalgic,very_low,60,evening,late_night,just_met,3,moderate,true,false,memory_connection,16,Watch Together,watch_together,0.5283,0.695
2609,sensual,very_low,15,afternoon,normal_day,dating,5,high,true,true,sensual_connection,25,Playful Teasing Cards,intimate_activity,0.08879,0.75
2610,happy,very_high,15,late_night,just_because,serious,5,light,false,false,positive_social,8,Two Truths and a Lie,question_game,0.05528,0.69
2611,energetic,low,45,morning,anniversary,serious,5,light,false,false,high_energy_fun,10,Memory Lane,memory,0.08662,0.7
2612,playful,high,20,evening,first_date,serious,4,light,false,false,playful_social,12,Deep Questions,conversation,0.05685,0.67
2613,romantic,low,20,evening,normal_day,serious,4,moderate,true,false,romantic_connection,23,Cozy Conversation,conversation,0.06017,0.788
2614,affectionate,low,60,afternoon,special_memory,dating,4,moderate,true,false,warm_connection,22,Little Moments,memory,0.17606,0.768
2615,sensual,very_high,45,evening,late_night,long_term,1,high,true,true,sensual_connection,18,Truth or Dare,romantic_activity,0.07867,0.622
2616,energetic,very_low,5,evening,date_night,serious,2,light,false,false,high_energy_fun,1,Rapid Fire,question_game,0.08087,0.665
2617,energetic,very_low,30,late_night,holiday,long_term,2,light,false,false,high_energy_fun,3,Trivia Battle,competitive_game,0.10694,0.725
2618,relaxed,very_low,60,afternoon,celebration,just_met,3,light,false,false,easy_connection,16,Watch Together,watch_together,0.375,0.715
2619,nostalgic,very_low,10,evening,celebration,long_term,5,moderate,true,false,memory_connection,23,Cozy Conversation,conversation,0.0568,0.775
2620,nostalgic,very_high,20,afternoon,just_because,just_met,1,moderate,true,false,memory_connection,8,Two Truths and a Lie,question_game,0.08587,0.61
2621,happy,very_high,30,evening,just_because,long_term,1,light,false,false,positive_social,1,Rapid Fire,question_game,0.07606,0.695
2622,playful,very_high,20,evening,birthday,long_term,2,light,false,false,playful_social,6,Scribble,creative_game,0.08716,0.775
2623,playful,high,15,afternoon,late_night,serious,5,light,false,false,playful_social,1,Rapid Fire,question_game,0.05679,0.74
2624,happy,very_high,10,morning,special_memory,just_met,3,light,false,false,positive_social,3,Trivia Battle,competitive_game,0.09854,0.715
2625,relaxed,high,15,late_night,celebration,just_met,2,light,false,false,easy_connection,16,Watch Together,watch_together,0.0805,0.69
2626,relaxed,very_high,5,evening,late_night,serious,1,light,false,false,easy_connection,25,Playful Teasing Cards,intimate_activity,0.08964,0.682
2627,low_energy,very_low,10,late_night,celebration,long_term,3,light,false,false,gentle_connection,22,Little Moments,memory,0.06209,0.751
2628,celebratory,high,30,afternoon,reunion,serious,5,light,false,false,celebration,6,Scribble,creative_game,0.07664,0.74
2629,low_energy,high,45,morning,birthday,just_met,5,light,false,false,gentle_connection,3,Trivia Battle,competitive_game,0.14451,0.64
2630,sensual,very_low,15,morning,special_memory,long_term,4,high,true,true,sensual_connection,22,Little Moments,memory,0.09543,0.823
2631,relaxed,very_low,20,afternoon,date_night,serious,3,light,false,false,easy_connection,24,Date Night Roulette,date_activity,0.05749,0.706
2632,erotic,very_high,30,afternoon,valentines,serious,3,very_high,true,true,intimate_connection,18,Truth or Dare,romantic_activity,0.13266,0.786
2633,energetic,very_high,60,late_night,date_night,dating,1,light,false,false,high_energy_fun,16,Watch Together,watch_together,0.11634,0.585
2634,relaxed,medium,60,late_night,long_distance,long_term,2,light,false,false,easy_connection,22,Little Moments,memory,0.11073,0.719
2635,celebratory,high,5,evening,reunion,long_term,3,light,false,false,celebration,1,Rapid Fire,question_game,0.08806,0.74
2636,energetic,very_low,10,evening,first_date,serious,2,light,false,false,high_energy_fun,1,Rapid Fire,question_game,0.06828,0.665
2637,calm,very_high,60,afternoon,holiday,serious,3,light,false,false,calm_connection,24,Date Night Roulette,date_activity,0.09476,0.626
2638,romantic,very_low,30,afternoon,birthday,long_term,4,moderate,true,false,romantic_connection,18,Truth or Dare,romantic_activity,0.07207,0.738
2639,nostalgic,low,30,morning,just_because,serious,2,moderate,true,false,memory_connection,18,Truth or Dare,romantic_activity,0.06564,0.719
2640,relaxed,high,10,late_night,late_night,long_term,1,light,false,false,easy_connection,23,Cozy Conversation,conversation,0.07374,0.762
2641,celebratory,very_low,5,evening,first_date,new,1,light,false,false,celebration,8,Two Truths and a Lie,question_game,0.15247,0.67
2642,erotic,low,15,afternoon,holiday,new,4,very_high,true,true,intimate_connection,20,Romantic Q&A,intimate_activity,0.0803,0.788
2643,affectionate,high,45,late_night,just_because,just_met,3,moderate,true,false,warm_connection,16,Watch Together,watch_together,0.21785,0.61
2644,affectionate,very_low,15,evening,weekend,long_term,1,moderate,true,false,warm_connection,22,Little Moments,memory,0.05547,0.727
2645,erotic,very_low,10,evening,just_because,dating,3,very_high,true,true,intimate_connection,19,Flirty This or That,intimate_activity,0.08607,0.726
2646,deep,very_low,30,morning,long_distance,dating,1,light,false,false,deep_connection,10,Memory Lane,memory,0.08255,0.707
2647,sensual,medium,15,morning,special_memory,long_term,4,high,true,true,sensual_connection,19,Flirty This or That,intimate_activity,0.07643,0.788
2648,playful,high,60,late_night,just_because,just_met,5,light,false,false,playful_social,1,Rapid Fire,question_game,0.19886,0.72
2649,deep,very_high,30,morning,weekend,long_term,1,light,false,false,deep_connection,24,Date Night Roulette,date_activity,0.08041,0.682
2650,energetic,very_high,10,morning,birthday,just_met,4,light,false,false,high_energy_fun,3,Trivia Battle,competitive_game,0.13886,0.775
2651,nostalgic,very_low,60,afternoon,holiday,dating,5,moderate,true,false,memory_connection,10,Memory Lane,memory,0.12442,0.695
2652,relaxed,high,15,late_night,late_night,long_term,5,light,false,false,easy_connection,19,Flirty This or That,intimate_activity,0.04997,0.755
2653,affectionate,very_high,20,late_night,birthday,long_term,4,moderate,true,false,warm_connection,17,Couple Challenge,challenge,0.06097,0.743
2654,sensual,very_low,15,evening,late_night,dating,3,high,true,true,sensual_connection,23,Cozy Conversation,conversation,0.08793,0.811
2655,happy,very_low,5,afternoon,rough_day,long_term,2,light,false,false,positive_social,23,Cozy Conversation,conversation,0.12178,0.719
2656,low_energy,high,15,afternoon,rough_day,serious,1,light,false,false,gentle_connection,16,Watch Together,watch_together,0.08614,0.75
2657,playful,high,5,late_night,celebration,just_met,2,light,false,false,playful_social,3,Trivia Battle,competitive_game,0.12658,0.72
2658,nostalgic,very_high,60,late_night,anniversary,serious,3,moderate,true,false,memory_connection,10,Memory Lane,memory,0.20264,0.681
2659,sensual,low,5,evening,valentines,dating,5,high,true,true,sensual_connection,19,Flirty This or That,intimate_activity,0.13701,0.835
2660,energetic,very_low,5,morning,late_night,long_term,3,light,false,false,high_energy_fun,4,Tic Tac Toe,competitive_game,0.08442,0.69
2661,deep,very_high,30,evening,date_night,just_met,3,light,false,false,deep_connection,15,Music Mood,watch_together,0.07071,0.585
2662,relaxed,medium,60,late_night,long_distance,serious,4,light,false,false,easy_connection,16,Watch Together,watch_together,0.19554,0.775
2663,erotic,high,15,afternoon,normal_day,dating,3,very_high,true,true,intimate_connection,25,Playful Teasing Cards,intimate_activity,0.08883,0.751
2664,calm,high,60,late_night,valentines,long_term,1,light,false,false,calm_connection,20,Romantic Q&A,intimate_activity,0.12276,0.682
2665,erotic,medium,60,evening,anniversary,new,5,very_high,true,true,intimate_connection,10,Memory Lane,memory,0.08486,0.675
2666,happy,high,10,afternoon,holiday,dating,3,light,false,false,positive_social,14,Date Planner,date_activity,0.06201,0.731
2667,relaxed,low,60,afternoon,special_memory,serious,3,light,false,false,easy_connection,22,Little Moments,memory,0.16854,0.756
2668,happy,very_low,20,evening,late_night,long_term,3,light,false,false,positive_social,20,Romantic Q&A,intimate_activity,0.0604,0.731
2669,happy,very_low,45,late_night,date_night,new,1,light,false,false,positive_social,16,Watch Together,watch_together,0.15429,0.635
2670,deep,low,60,late_night,long_distance,serious,4,light,false,false,deep_connection,12,Deep Questions,conversation,0.1398,0.72
2671,romantic,medium,30,morning,long_distance,just_met,1,moderate,true,false,romantic_connection,12,Deep Questions,conversation,0.13534,0.695
2672,deep,very_low,5,evening,just_because,long_term,3,light,false,false,deep_connection,1,Rapid Fire,question_game,0.07346,0.645
2673,nostalgic,high,5,morning,special_memory,long_term,1,moderate,true,false,memory_connection,22,Little Moments,memory,0.1751,0.762
2674,celebratory,very_high,20,late_night,rough_day,serious,5,light,false,false,celebration,17,Couple Challenge,challenge,0.06405,0.775
2675,playful,low,30,evening,reunion,just_met,3,light,false,false,playful_social,3,Trivia Battle,competitive_game,0.10021,0.69
2676,sensual,high,60,evening,holiday,new,4,high,true,true,sensual_connection,19,Flirty This or That,intimate_activity,0.10663,0.683
2677,sensual,very_low,10,morning,anniversary,long_term,3,high,true,true,sensual_connection,20,Romantic Q&A,intimate_activity,0.10192,0.811
2678,erotic,high,15,afternoon,long_distance,dating,5,very_high,true,true,intimate_connection,9,How Well Do You Know Me,question_game,0.06456,0.755
2679,erotic,very_high,5,late_night,weekend,dating,2,very_high,true,true,intimate_connection,25,Playful Teasing Cards,intimate_activity,0.12434,0.714
2680,deep,very_high,10,evening,date_night,just_met,5,light,false,false,deep_connection,1,Rapid Fire,question_game,0.05947,0.635
2681,affectionate,very_high,15,evening,valentines,dating,1,moderate,true,false,warm_connection,21,Compliment Challenge,romantic_activity,0.07578,0.737
2682,relaxed,medium,15,evening,birthday,serious,3,light,false,false,easy_connection,3,Trivia Battle,competitive_game,0.04895,0.695
2683,affectionate,very_low,5,afternoon,anniversary,new,4,moderate,true,false,warm_connection,21,Compliment Challenge,romantic_activity,0.13066,0.823
2684,nostalgic,very_high,60,late_night,celebration,long_term,1,moderate,true,false,memory_connection,1,Rapid Fire,question_game,0.12977,0.615
2685,erotic,high,60,afternoon,anniversary,dating,2,very_high,true,true,intimate_connection,25,Playful Teasing Cards,intimate_activity,0.0932,0.659
2686,happy,low,60,late_night,celebration,new,1,light,false,false,positive_social,17,Couple Challenge,challenge,0.10704,0.682
2687,calm,very_low,45,morning,special_memory,just_met,5,light,false,false,calm_connection,16,Watch Together,watch_together,0.13677,0.715
2688,affectionate,very_low,15,evening,rough_day,new,1,moderate,true,false,warm_connection,22,Little Moments,memory,0.08419,0.787
2689,erotic,low,15,afternoon,birthday,long_term,2,very_high,true,true,intimate_connection,19,Flirty This or That,intimate_activity,0.07779,0.739
2690,affectionate,medium,5,morning,holiday,just_met,5,moderate,true,false,warm_connection,2,This or That,question_game,0.11673,0.66
2691,relaxed,high,20,evening,weekend,just_met,4,light,false,false,easy_connection,6,Scribble,creative_game,0.0974,0.72
2692,romantic,medium,15,evening,just_because,dating,3,moderate,true,false,romantic_connection,9,How Well Do You Know Me,question_game,0.06125,0.836
2693,happy,very_high,10,evening,rough_day,just_met,4,light,false,false,positive_social,1,Rapid Fire,question_game,0.08916,0.715
2694,affectionate,high,45,morning,normal_day,dating,2,moderate,true,false,warm_connection,9,How Well Do You Know Me,question_game,0.08905,0.659
2695,playful,low,30,late_night,weekend,long_term,3,light,false,false,playful_social,17,Couple Challenge,challenge,0.06681,0.706
2696,sensual,high,60,late_night,late_night,long_term,5,high,true,true,sensual_connection,23,Cozy Conversation,conversation,0.10209,0.73
2697,erotic,very_high,5,evening,valentines,serious,5,very_high,true,true,intimate_connection,21,Compliment Challenge,romantic_activity,0.11193,0.785
2698,energetic,very_low,15,late_night,celebration,new,3,light,false,false,high_energy_fun,1,Rapid Fire,question_game,0.07071,0.725
2699,happy,very_low,60,late_night,rough_day,dating,2,light,false,false,positive_social,16,Watch Together,watch_together,0.22927,0.695
2700,affectionate,very_high,45,afternoon,late_night,serious,2,moderate,true,false,warm_connection,20,Romantic Q&A,intimate_activity,0.11609,0.669
2701,affectionate,very_high,60,morning,date_night,just_met,5,moderate,true,false,warm_connection,16,Watch Together,watch_together,0.48837,0.585
2702,relaxed,low,30,afternoon,date_night,long_term,5,light,false,false,easy_connection,16,Watch Together,watch_together,0.07074,0.74
2703,sensual,very_high,30,afternoon,date_night,new,1,high,true,true,sensual_connection,18,Truth or Dare,romantic_activity,0.13323,0.762
2704,playful,very_low,10,afternoon,date_night,just_met,1,light,false,false,playful_social,2,This or That,question_game,0.10878,0.69
2705,nostalgic,high,20,late_night,long_distance,just_met,1,moderate,true,false,memory_connection,6,Scribble,creative_game,0.07673,0.66
2706,nostalgic,very_high,45,late_night,rough_day,serious,1,moderate,true,false,memory_connection,16,Watch Together,watch_together,0.19727,0.645
2707,playful,medium,10,evening,long_distance,just_met,3,light,false,false,playful_social,2,This or That,question_game,0.08977,0.74
2708,sensual,low,30,evening,just_because,dating,2,high,true,true,sensual_connection,20,Romantic Q&A,intimate_activity,0.0835,0.684
2709,playful,very_high,30,morning,special_memory,serious,3,light,false,false,playful_social,11,Relationship Timeline,memory,0.08832,0.681
2710,erotic,very_high,45,afternoon,anniversary,dating,3,very_high,true,true,intimate_connection,11,Relationship Timeline,memory,0.09106,0.601
2711,celebratory,medium,60,morning,normal_day,just_met,2,light,false,false,celebration,3,Trivia Battle,competitive_game,0.13492,0.635
2712,happy,high,60,late_night,just_because,new,1,light,false,false,positive_social,16,Watch Together,watch_together,0.15947,0.61
2713,deep,medium,45,late_night,reunion,just_met,3,light,false,false,deep_connection,12,Deep Questions,conversation,0.1759,0.635
2714,sensual,very_low,20,late_night,just_because,serious,4,high,true,true,sensual_connection,18,Truth or Dare,romantic_activity,0.08609,0.798
2715,playful,very_low,45,late_night,just_because,dating,3,light,false,false,playful_social,6,Scribble,creative_game,0.07692,0.585
2716,sensual,very_low,45,afternoon,birthday,just_met,4,high,true,true,sensual_connection,16,Watch Together,watch_together,0.16203,0.635
2717,playful,high,30,evening,special_memory,long_term,4,light,false,false,playful_social,6,Scribble,creative_game,0.08373,0.74
2718,celebratory,very_low,15,afternoon,long_distance,serious,5,light,false,false,celebration,12,Deep Questions,conversation,0.05463,0.695
2719,nostalgic,low,20,late_night,date_night,serious,5,moderate,true,false,memory_connection,20,Romantic Q&A,intimate_activity,0.06449,0.86
2720,happy,very_high,10,late_night,weekend,long_term,5,light,false,false,positive_social,24,Date Night Roulette,date_activity,0.06237,0.73
2721,celebratory,very_low,20,late_night,special_memory,long_term,1,light,false,false,celebration,11,Relationship Timeline,memory,0.07113,0.707
2722,calm,very_high,20,afternoon,valentines,serious,1,light,false,false,calm_connection,12,Deep Questions,conversation,0.05889,0.665
2723,relaxed,very_low,45,afternoon,date_night,just_met,1,light,false,false,easy_connection,16,Watch Together,watch_together,0.44133,0.715
2724,sensual,medium,20,afternoon,long_distance,just_met,3,high,true,true,sensual_connection,12,Deep Questions,conversation,0.06372,0.695
2725,nostalgic,very_low,60,evening,just_because,new,1,moderate,true,false,memory_connection,22,Little Moments,memory,0.14719,0.647
2726,calm,medium,30,evening,first_date,serious,4,light,false,false,calm_connection,15,Music Mood,watch_together,0.08965,0.715
2727,sensual,very_low,45,afternoon,reunion,dating,4,high,true,true,sensual_connection,20,Romantic Q&A,intimate_activity,0.09461,0.683
2728,erotic,very_low,5,afternoon,birthday,just_met,5,very_high,true,true,intimate_connection,1,Rapid Fire,question_game,0.1186,0.645
2729,relaxed,low,20,evening,date_night,new,2,light,false,false,easy_connection,18,Truth or Dare,romantic_activity,0.05593,0.719
2730,energetic,medium,30,morning,reunion,just_met,3,light,false,false,high_energy_fun,7,Find the Spy,social_game,0.07128,0.635
2731,calm,medium,10,morning,holiday,long_term,3,light,false,false,calm_connection,3,Trivia Battle,competitive_game,0.04953,0.695
2732,calm,high,60,morning,valentines,serious,5,light,false,false,calm_connection,16,Watch Together,watch_together,0.13131,0.69
2733,celebratory,low,10,evening,reunion,just_met,5,light,false,false,celebration,8,Two Truths and a Lie,question_game,0.08358,0.715
2734,sensual,very_low,5,late_night,anniversary,dating,4,high,true,true,sensual_connection,22,Little Moments,memory,0.11775,0.823
2735,happy,high,10,afternoon,holiday,new,3,light,false,false,positive_social,24,Date Night Roulette,date_activity,0.06201,0.731
2736,energetic,low,30,afternoon,just_because,long_term,5,light,false,false,high_energy_fun,6,Scribble,creative_game,0.07571,0.69
2737,sensual,medium,5,morning,first_date,serious,5,high,true,true,sensual_connection,21,Compliment Challenge,romantic_activity,0.10012,0.775
2738,nostalgic,low,10,evening,rough_day,serious,2,moderate,true,false,memory_connection,22,Little Moments,memory,0.08855,0.824
2739,relaxed,very_low,20,evening,normal_day,serious,1,light,false,false,easy_connection,15,Music Mood,watch_together,0.08741,0.715
2740,calm,very_high,45,morning,first_date,just_met,5,light,false,false,calm_connection,12,Deep Questions,conversation,0.20165,0.645
2741,happy,very_high,10,late_night,just_because,just_met,1,light,false,false,positive_social,2,This or That,question_game,0.13174,0.75
2742,relaxed,very_low,45,morning,rough_day,dating,2,light,false,false,easy_connection,10,Memory Lane,memory,0.12045,0.719
2743,erotic,high,5,afternoon,anniversary,just_met,1,very_high,true,true,intimate_connection,1,Rapid Fire,question_game,0.16168,0.66
2744,erotic,high,30,evening,celebration,just_met,1,very_high,true,true,intimate_connection,3,Trivia Battle,competitive_game,0.05836,0.72
2745,deep,very_low,30,evening,weekend,dating,3,light,false,false,deep_connection,12,Deep Questions,conversation,0.08725,0.715
2746,low_energy,low,60,late_night,long_distance,long_term,5,light,false,false,gentle_connection,15,Music Mood,watch_together,0.12739,0.72
2747,relaxed,medium,10,evening,birthday,serious,1,light,false,false,easy_connection,6,Scribble,creative_game,0.06163,0.695
2748,sensual,very_low,30,afternoon,reunion,new,3,high,true,true,sensual_connection,22,Little Moments,memory,0.08481,0.731
2749,playful,low,60,morning,normal_day,dating,3,light,false,false,playful_social,16,Watch Together,watch_together,0.14458,0.66
2750,calm,very_high,45,late_night,anniversary,new,1,light,false,false,calm_connection,10,Memory Lane,memory,0.14654,0.657
2751,deep,low,60,evening,reunion,dating,5,light,false,false,deep_connection,12,Deep Questions,conversation,0.09228,0.66
2752,affectionate,medium,60,afternoon,long_distance,long_term,1,moderate,true,false,warm_connection,22,Little Moments,memory,0.12108,0.707
2753,deep,very_high,20,morning,rough_day,serious,4,light,false,false,deep_connection,23,Cozy Conversation,conversation,0.08313,0.773
2754,nostalgic,low,45,evening,just_because,dating,5,moderate,true,false,memory_connection,22,Little Moments,memory,0.10058,0.72
2755,nostalgic,medium,10,evening,special_memory,new,4,moderate,true,false,memory_connection,23,Cozy Conversation,conversation,0.04967,0.763
2756,erotic,medium,20,afternoon,weekend,just_met,3,very_high,true,true,intimate_connection,3,Trivia Battle,competitive_game,0.08775,0.695
2757,energetic,high,15,morning,long_distance,dating,4,light,false,false,high_energy_fun,7,Find the Spy,social_game,0.05744,0.74
2758,calm,very_low,15,late_night,date_night,new,5,light,false,false,calm_connection,20,Romantic Q&A,intimate_activity,0.06671,0.835
2759,happy,very_high,5,evening,just_because,dating,1,light,false,false,positive_social,1,Rapid Fire,question_game,0.17905,0.775
2760,low_energy,medium,45,morning,celebration,long_term,1,light,false,false,gentle_connection,23,Cozy Conversation,conversation,0.07189,0.647
2761,playful,very_low,5,late_night,special_memory,long_term,4,light,false,false,playful_social,22,Little Moments,memory,0.11076,0.743
2762,low_energy,very_low,10,evening,special_memory,dating,4,light,false,false,gentle_connection,23,Cozy Conversation,conversation,0.06758,0.763
2763,happy,low,10,morning,long_distance,long_term,3,light,false,false,positive_social,8,Two Truths and a Lie,question_game,0.05237,0.715
2764,calm,medium,45,morning,celebration,new,1,light,false,false,calm_connection,15,Music Mood,watch_together,0.08812,0.635
2765,low_energy,low,10,late_night,just_because,dating,5,light,false,false,gentle_connection,10,Memory Lane,memory,0.06101,0.8
2766,happy,very_low,10,late_night,special_memory,just_met,1,light,false,false,positive_social,2,This or That,question_game,0.10015,0.69
2767,calm,low,60,afternoon,just_because,dating,5,light,false,false,calm_connection,16,Watch Together,watch_together,0.17143,0.74
2768,low_energy,very_high,15,morning,reunion,dating,1,light,false,false,gentle_connection,23,Cozy Conversation,conversation,0.05513,0.677
2769,energetic,very_low,60,late_night,rough_day,new,2,light,false,false,high_energy_fun,23,Cozy Conversation,conversation,0.10714,0.639
2770,nostalgic,very_low,15,evening,celebration,just_met,2,moderate,true,false,memory_connection,6,Scribble,creative_game,0.08072,0.645
2771,playful,very_low,5,late_night,birthday,long_term,2,light,false,false,playful_social,17,Couple Challenge,challenge,0.06858,0.669
2772,erotic,very_low,10,morning,normal_day,dating,3,very_high,true,true,intimate_connection,20,Romantic Q&A,intimate_activity,0.09992,0.751
2773,happy,low,20,morning,weekend,long_term,3,light,false,false,positive_social,17,Couple Challenge,challenge,0.06965,0.786
2774,nostalgic,medium,45,morning,anniversary,dating,5,moderate,true,false,memory_connection,22,Little Moments,memory,0.1257,0.755
2775,romantic,very_high,15,evening,special_memory,new,3,moderate,true,false,romantic_connection,22,Little Moments,memory,0.05729,0.681
2776,calm,low,5,evening,long_distance,just_met,1,light,false,false,calm_connection,12,Deep Questions,conversation,0.14842,0.72
2777,energetic,very_high,30,morning,celebration,just_met,4,light,false,false,high_energy_fun,1,Rapid Fire,question_game,0.11726,0.695
2778,nostalgic,very_low,5,late_night,rough_day,serious,4,moderate,true,false,memory_connection,22,Little Moments,memory,0.15501,0.823
2779,erotic,low,20,evening,rough_day,new,2,very_high,true,true,intimate_connection,25,Playful Teasing Cards,intimate_activity,0.07713,0.739
2780,celebratory,medium,15,evening,holiday,new,1,light,false,false,celebration,3,Trivia Battle,competitive_game,0.0762,0.775
2781,energetic,high,20,afternoon,valentines,dating,1,light,false,false,high_energy_fun,6,Scribble,creative_game,0.07232,0.74
2782,low_energy,medium,60,morning,first_date,serious,2,light,false,false,gentle_connection,23,Cozy Conversation,conversation,0.08458,0.659
2783,calm,medium,10,late_night,date_night,dating,1,light,false,false,calm_connection,15,Music Mood,watch_together,0.05444,0.715
2784,deep,low,30,morning,celebration,new,5,light,false,false,deep_connection,3,Trivia Battle,competitive_game,0.06597,0.67
2785,romantic,low,60,afternoon,birthday,dating,1,moderate,true,false,romantic_connection,16,Watch Together,watch_together,0.16086,0.66
2786,sensual,very_low,30,morning,celebration,serious,1,high,true,true,sensual_connection,20,Romantic Q&A,intimate_activity,0.08859,0.647
2787,happy,very_high,30,late_night,weekend,dating,2,light,false,false,positive_social,3,Trivia Battle,competitive_game,0.11044,0.775
2788,playful,very_low,20,late_night,reunion,new,2,light,false,false,playful_social,10,Memory Lane,memory,0.06181,0.719
2789,happy,medium,45,evening,just_because,serious,3,light,false,false,positive_social,1,Rapid Fire,question_game,0.07462,0.695
2790,celebratory,very_high,60,late_night,valentines,long_term,2,light,false,false,celebration,18,Truth or Dare,romantic_activity,0.15446,0.694
2791,celebratory,very_high,60,late_night,birthday,new,4,light,false,false,celebration,17,Couple Challenge,challenge,0.16742,0.743
2792,affectionate,high,45,afternoon,special_memory,just_met,2,moderate,true,false,warm_connection,16,Watch Together,watch_together,0.16424,0.61
2793,calm,very_high,10,morning,birthday,serious,4,light,false,false,calm_connection,23,Cozy Conversation,conversation,0.0569,0.713
2794,sensual,very_high,10,morning,just_because,serious,1,high,true,true,sensual_connection,18,Truth or Dare,romantic_activity,0.09032,0.762
2795,calm,low,10,morning,date_night,new,4,light,false,false,calm_connection,14,Date Planner,date_activity,0.05284,0.743
2796,romantic,very_low,45,afternoon,first_date,dating,5,moderate,true,false,romantic_connection,14,Date Planner,date_activity,0.09686,0.73
2797,nostalgic,very_high,20,morning,celebration,dating,5,moderate,true,false,memory_connection,17,Couple Challenge,challenge,0.06823,0.755
2798,playful,very_low,30,late_night,anniversary,long_term,3,light,false,false,playful_social,6,Scribble,creative_game,0.07147,0.665
2799,nostalgic,very_low,45,evening,late_night,serious,4,moderate,true,false,memory_connection,16,Watch Together,watch_together,0.14858,0.695
2800,sensual,very_low,20,morning,rough_day,just_met,3,high,true,true,sensual_connection,15,Music Mood,watch_together,0.0844,0.695
2801,energetic,very_high,60,afternoon,first_date,long_term,4,light,false,false,high_energy_fun,7,Find the Spy,social_game,0.12055,0.635
2802,romantic,very_high,30,late_night,just_because,new,5,moderate,true,false,romantic_connection,14,Date Planner,date_activity,0.09662,0.81
2803,deep,very_low,45,morning,weekend,new,2,light,false,false,deep_connection,10,Memory Lane,memory,0.08416,0.659
2804,energetic,low,5,morning,date_night,long_term,2,light,false,false,high_energy_fun,19,Flirty This or That,intimate_activity,0.07216,0.719
2805,nostalgic,low,45,afternoon,date_night,new,1,moderate,true,false,memory_connection,11,Relationship Timeline,memory,0.09476,0.672
2806,deep,medium,20,evening,celebration,new,2,light,false,false,deep_connection,17,Couple Challenge,challenge,0.05757,0.719
2807,nostalgic,very_low,5,late_night,valentines,long_term,5,moderate,true,false,memory_connection,23,Cozy Conversation,conversation,0.08669,0.775
2808,sensual,very_low,45,afternoon,rough_day,just_met,2,high,true,true,sensual_connection,16,Watch Together,watch_together,0.19978,0.695
2809,affectionate,very_low,15,afternoon,anniversary,new,2,moderate,true,false,warm_connection,11,Relationship Timeline,memory,0.06326,0.719
2810,energetic,medium,60,afternoon,rough_day,just_met,2,light,false,false,high_energy_fun,1,Rapid Fire,question_game,0.10864,0.635
2811,affectionate,very_low,60,afternoon,weekend,just_met,4,moderate,true,false,warm_connection,16,Watch Together,watch_together,0.35526,0.635
2812,happy,high,15,late_night,anniversary,just_met,1,light,false,false,positive_social,1,Rapid Fire,question_game,0.09592,0.74
2813,erotic,very_high,10,late_night,reunion,serious,3,very_high,true,true,intimate_connection,19,Flirty This or That,intimate_activity,0.08399,0.726
2814,celebratory,very_low,30,afternoon,date_night,just_met,1,light,false,false,celebration,15,Music Mood,watch_together,0.09413,0.635
2815,celebratory,very_low,20,morning,reunion,dating,4,light,false,false,celebration,22,Little Moments,memory,0.06327,0.743
2816,happy,low,30,afternoon,first_date,just_met,3,light,false,false,positive_social,8,Two Truths and a Lie,question_game,0.12853,0.695
2817,sensual,very_high,60,evening,first_date,long_term,4,high,true,true,sensual_connection,25,Playful Teasing Cards,intimate_activity,0.16667,0.658
2818,romantic,very_high,5,afternoon,first_date,serious,4,moderate,true,false,romantic_connection,2,This or That,question_game,0.1246,0.67
2819,happy,medium,20,evening,holiday,serious,4,light,false,false,positive_social,17,Couple Challenge,challenge,0.06677,0.823
2820,erotic,very_low,20,afternoon,rough_day,serious,2,very_high,true,true,intimate_connection,20,Romantic Q&A,intimate_activity,0.10436,0.799
2821,nostalgic,high,15,evening,normal_day,dating,5,moderate,true,false,memory_connection,11,Relationship Timeline,memory,0.06529,0.75
2822,erotic,medium,15,morning,reunion,serious,4,very_high,true,true,intimate_connection,10,Memory Lane,memory,0.06742,0.743
2823,low_energy,medium,30,afternoon,rough_day,new,5,light,false,false,gentle_connection,16,Watch Together,watch_together,0.10195,0.775
2824,happy,medium,45,late_night,date_night,serious,2,light,false,false,positive_social,14,Date Planner,date_activity,0.08007,0.664
2825,romantic,high,10,late_night,just_because,just_met,1,moderate,true,false,romantic_connection,2,This or That,question_game,0.09285,0.695
2826,romantic,medium,10,late_night,celebration,new,3,moderate,true,false,romantic_connection,14,Date Planner,date_activity,0.05155,0.776
2827,nostalgic,medium,15,afternoon,first_date,long_term,5,moderate,true,false,memory_connection,11,Relationship Timeline,memory,0.05829,0.775
2828,happy,very_high,45,late_night,late_night,long_term,1,light,false,false,positive_social,8,Two Truths and a Lie,question_game,0.10108,0.61
2829,relaxed,low,45,afternoon,rough_day,dating,1,light,false,false,easy_connection,23,Cozy Conversation,conversation,0.15499,0.732
2830,celebratory,high,15,afternoon,anniversary,long_term,3,light,false,false,celebration,13,Future Plans,conversation,0.05353,0.731
2831,romantic,medium,20,afternoon,just_because,dating,1,moderate,true,false,romantic_connection,9,How Well Do You Know Me,question_game,0.06509,0.812
2832,affectionate,low,10,evening,anniversary,just_met,2,moderate,true,false,warm_connection,12,Deep Questions,conversation,0.08729,0.66
2833,sensual,medium,60,late_night,long_distance,just_met,3,high,true,true,sensual_connection,16,Watch Together,watch_together,0.1048,0.695
2834,deep,medium,60,late_night,special_memory,serious,5,light,false,false,deep_connection,13,Future Plans,conversation,0.13333,0.78
2835,energetic,medium,60,late_night,long_distance,long_term,3,light,false,false,high_energy_fun,6,Scribble,creative_game,0.07006,0.635
2836,low_energy,medium,10,evening,anniversary,serious,3,light,false,false,gentle_connection,20,Romantic Q&A,intimate_activity,0.05823,0.811
2837,deep,high,20,late_night,special_memory,just_met,4,light,false,false,deep_connection,12,Deep Questions,conversation,0.09989,0.69
2838,deep,low,5,afternoon,valentines,dating,3,light,false,false,deep_connection,21,Compliment Challenge,romantic_activity,0.08818,0.756
2839,sensual,very_low,30,evening,just_because,long_term,3,high,true,true,sensual_connection,20,Romantic Q&A,intimate_activity,0.08738,0.671
2840,calm,low,60,late_night,late_night,new,3,light,false,false,calm_connection,15,Music Mood,watch_together,0.10363,0.72
2841,calm,very_high,20,late_night,birthday,serious,2,light,false,false,calm_connection,3,Trivia Battle,competitive_game,0.06075,0.695
2842,affectionate,very_low,20,evening,date_night,new,3,moderate,true,false,warm_connection,23,Cozy Conversation,conversation,0.06023,0.751
2843,celebratory,very_low,15,afternoon,long_distance,just_met,3,light,false,false,celebration,12,Deep Questions,conversation,0.08787,0.695
2844,low_energy,medium,45,afternoon,anniversary,new,4,light,false,false,gentle_connection,11,Relationship Timeline,memory,0.07859,0.663
2845,deep,medium,15,afternoon,rough_day,just_met,4,light,false,false,deep_connection,16,Watch Together,watch_together,0.08224,0.695
2846,affectionate,high,10,morning,just_because,just_met,1,moderate,true,false,warm_connection,3,Trivia Battle,competitive_game,0.08287,0.66
2847,low_energy,very_low,20,evening,just_because,new,2,light,false,false,gentle_connection,22,Little Moments,memory,0.0657,0.739
2848,playful,medium,45,late_night,first_date,long_term,3,light,false,false,playful_social,2,This or That,question_game,0.14697,0.72
2849,affectionate,medium,60,evening,rough_day,new,4,moderate,true,false,warm_connection,20,Romantic Q&A,intimate_activity,0.08531,0.743
2850,nostalgic,high,15,evening,holiday,serious,1,moderate,true,false,memory_connection,3,Trivia Battle,competitive_game,0.06494,0.72
2851,affectionate,low,60,morning,rough_day,long_term,4,moderate,true,false,warm_connection,10,Memory Lane,memory,0.11327,0.768
2852,sensual,low,10,late_night,reunion,serious,2,high,true,true,sensual_connection,20,Romantic Q&A,intimate_activity,0.0805,0.764
2853,relaxed,medium,20,afternoon,anniversary,serious,1,light,false,false,easy_connection,10,Memory Lane,memory,0.08186,0.787
2854,happy,very_low,60,evening,holiday,new,4,light,false,false,positive_social,14,Date Planner,date_activity,0.10674,0.638
2855,playful,very_low,15,evening,celebration,long_term,1,light,false,false,playful_social,1,Rapid Fire,question_game,0.08396,0.725
2856,romantic,high,60,afternoon,rough_day,new,1,moderate,true,false,romantic_connection,16,Watch Together,watch_together,0.21103,0.67
2857,calm,high,45,afternoon,first_date,serious,1,light,false,false,calm_connection,15,Music Mood,watch_together,0.11144,0.61
2858,affectionate,very_high,45,morning,special_memory,new,4,moderate,true,false,warm_connection,10,Memory Lane,memory,0.15435,0.693
2859,low_energy,very_low,20,afternoon,just_because,just_met,2,light,false,false,gentle_connection,15,Music Mood,watch_together,0.11765,0.715
2860,relaxed,very_high,15,evening,rough_day,new,5,light,false,false,easy_connection,22,Little Moments,memory,0.07175,0.785
2861,romantic,very_low,30,afternoon,late_night,serious,2,moderate,true,false,romantic_connection,16,Watch Together,watch_together,0.07451,0.695
2862,sensual,medium,30,evening,holiday,new,2,high,true,true,sensual_connection,14,Date Planner,date_activity,0.09603,0.744
2863,romantic,high,10,afternoon,just_because,long_term,5,moderate,true,false,romantic_connection,14,Date Planner,date_activity,0.06376,0.835
2864,happy,medium,15,late_night,rough_day,new,3,light,false,false,positive_social,15,Music Mood,watch_together,0.05384,0.695
2865,affectionate,high,20,morning,weekend,dating,1,moderate,true,false,warm_connection,7,Find the Spy,social_game,0.06909,0.72
2866,playful,very_low,30,late_night,normal_day,long_term,2,light,false,false,playful_social,3,Trivia Battle,competitive_game,0.07935,0.665
2867,energetic,very_low,60,afternoon,holiday,new,4,light,false,false,high_energy_fun,3,Trivia Battle,competitive_game,0.13778,0.645
2868,happy,high,5,afternoon,long_distance,just_met,3,light,false,false,positive_social,4,Tic Tac Toe,competitive_game,0.10568,0.635
2869,nostalgic,low,30,afternoon,rough_day,just_met,4,moderate,true,false,memory_connection,12,Deep Questions,conversation,0.08694,0.66
2870,low_energy,high,45,evening,weekend,dating,4,light,false,false,gentle_connection,14,Date Planner,date_activity,0.07663,0.663
2871,calm,high,60,evening,date_night,new,2,light,false,false,calm_connection,24,Date Night Roulette,date_activity,0.0719,0.639
2872,affectionate,low,10,afternoon,just_because,long_term,1,moderate,true,false,warm_connection,23,Cozy Conversation,conversation,0.06038,0.752
2873,erotic,very_high,15,evening,date_night,dating,5,very_high,true,true,intimate_connection,14,Date Planner,date_activity,0.07008,0.73
2874,sensual,very_high,10,afternoon,date_night,dating,4,high,true,true,sensual_connection,19,Flirty This or That,intimate_activity,0.10327,0.798
2875,romantic,very_high,15,afternoon,valentines,just_met,4,moderate,true,false,romantic_connection,1,Rapid Fire,question_game,0.07066,0.635
2876,low_energy,high,60,afternoon,first_date,just_met,5,light,false,false,gentle_connection,16,Watch Together,watch_together,0.31541,0.69
2877,relaxed,high,15,morning,holiday,new,1,light,false,false,easy_connection,15,Music Mood,watch_together,0.0571,0.69
2878,calm,low,60,evening,special_memory,just_met,5,light,false,false,calm_connection,16,Watch Together,watch_together,0.30405,0.74
2879,happy,very_low,10,late_night,date_night,serious,1,light,false,false,positive_social,14,Date Planner,date_activity,0.05393,0.682
2880,deep,high,10,late_night,celebration,dating,4,light,false,false,deep_connection,17,Couple Challenge,challenge,0.06246,0.768
2881,sensual,medium,60,late_night,normal_day,dating,3,high,true,true,sensual_connection,25,Playful Teasing Cards,intimate_activity,0.12085,0.696
2882,playful,low,45,morning,valentines,just_met,4,light,false,false,playful_social,1,Rapid Fire,question_game,0.09461,0.61
2883,deep,very_low,5,evening,valentines,serious,3,light,false,false,deep_connection,21,Compliment Challenge,romantic_activity,0.09553,0.731
2884,low_energy,very_low,30,late_night,late_night,new,5,light,false,false,gentle_connection,15,Music Mood,watch_together,0.10436,0.775
2885,nostalgic,high,15,afternoon,normal_day,serious,1,moderate,true,false,memory_connection,1,Rapid Fire,question_game,0.04934,0.66
2886,happy,medium,10,late_night,date_night,just_met,1,light,false,false,positive_social,3,Trivia Battle,competitive_game,0.08496,0.715
2887,low_energy,high,5,afternoon,rough_day,just_met,2,light,false,false,gentle_connection,15,Music Mood,watch_together,0.13497,0.67
2888,affectionate,very_high,10,late_night,just_because,long_term,4,moderate,true,false,warm_connection,22,Little Moments,memory,0.05811,0.713
2889,celebratory,high,20,morning,late_night,long_term,4,light,false,false,celebration,17,Couple Challenge,challenge,0.06299,0.788
2890,romantic,high,20,late_night,anniversary,just_met,5,moderate,true,false,romantic_connection,7,Find the Spy,social_game,0.0599,0.66
2891,romantic,low,20,late_night,celebration,just_met,4,moderate,true,false,romantic_connection,15,Music Mood,watch_together,0.06188,0.66
2892,sensual,very_high,30,late_night,celebration,long_term,4,high,true,true,sensual_connection,19,Flirty This or That,intimate_activity,0.08024,0.658
2893,low_energy,low,45,evening,anniversary,just_met,5,light,false,false,gentle_connection,16,Watch Together,watch_together,0.25532,0.74
2894,erotic,high,15,evening,anniversary,just_met,5,very_high,true,true,intimate_connection,1,Rapid Fire,question_game,0.07226,0.66
2895,erotic,very_high,45,evening,date_night,new,1,very_high,true,true,intimate_connection,19,Flirty This or That,intimate_activity,0.16061,0.682
2896,romantic,very_low,30,morning,valentines,just_met,3,moderate,true,false,romantic_connection,12,Deep Questions,conversation,0.09005,0.635
2897,relaxed,medium,15,late_night,special_memory,dating,4,light,false,false,easy_connection,10,Memory Lane,memory,0.07653,0.823
2898,happy,very_low,10,late_night,weekend,serious,4,light,false,false,positive_social,3,Trivia Battle,competitive_game,0.06306,0.725
2899,nostalgic,high,20,late_night,birthday,long_term,4,moderate,true,false,memory_connection,22,Little Moments,memory,0.06457,0.738
2900,deep,very_low,20,afternoon,long_distance,dating,4,light,false,false,deep_connection,11,Relationship Timeline,memory,0.06285,0.763
2901,happy,medium,60,evening,normal_day,just_met,4,light,false,false,positive_social,16,Watch Together,watch_together,0.21862,0.635
2902,calm,low,20,afternoon,normal_day,long_term,4,light,false,false,calm_connection,16,Watch Together,watch_together,0.06269,0.74
2903,celebratory,high,30,afternoon,reunion,serious,1,light,false,false,celebration,18,Truth or Dare,romantic_activity,0.09829,0.787
2904,low_energy,very_high,45,evening,date_night,long_term,4,light,false,false,gentle_connection,16,Watch Together,watch_together,0.12826,0.665
2905,affectionate,very_low,45,evening,late_night,serious,1,moderate,true,false,warm_connection,16,Watch Together,watch_together,0.2254,0.695
2906,calm,very_low,10,afternoon,reunion,serious,2,light,false,false,calm_connection,22,Little Moments,memory,0.08083,0.799
2907,affectionate,very_low,60,evening,late_night,dating,5,moderate,true,false,warm_connection,20,Romantic Q&A,intimate_activity,0.13389,0.755
2908,nostalgic,very_high,60,evening,late_night,serious,3,moderate,true,false,memory_connection,20,Romantic Q&A,intimate_activity,0.10742,0.681
2909,relaxed,high,10,evening,valentines,dating,3,light,false,false,easy_connection,20,Romantic Q&A,intimate_activity,0.05282,0.706
2910,deep,medium,60,morning,special_memory,dating,5,light,false,false,deep_connection,10,Memory Lane,memory,0.15667,0.755
2911,celebratory,very_high,30,afternoon,special_memory,long_term,2,light,false,false,celebration,24,Date Night Roulette,date_activity,0.07787,0.714
2912,deep,medium,30,late_night,birthday,new,5,light,false,false,deep_connection,6,Scribble,creative_game,0.06917,0.695
2913,relaxed,medium,5,afternoon,date_night,new,1,light,false,false,easy_connection,19,Flirty This or That,intimate_activity,0.07778,0.732
2914,nostalgic,high,10,late_night,rough_day,new,5,moderate,true,false,memory_connection,23,Cozy Conversation,conversation,0.07753,0.81
2915,nostalgic,very_high,30,evening,first_date,new,2,moderate,true,false,memory_connection,11,Relationship Timeline,memory,0.10047,0.689
2916,happy,very_high,20,afternoon,normal_day,new,1,light,false,false,positive_social,17,Couple Challenge,challenge,0.06171,0.727
2917,erotic,very_low,20,evening,birthday,long_term,3,very_high,true,true,intimate_connection,20,Romantic Q&A,intimate_activity,0.0908,0.751
2918,low_energy,high,15,evening,reunion,long_term,2,light,false,false,gentle_connection,15,Music Mood,watch_together,0.05069,0.69
2919,romantic,very_low,10,morning,normal_day,dating,3,moderate,true,false,romantic_connection,21,Compliment Challenge,romantic_activity,0.06026,0.751
2920,deep,high,5,afternoon,rough_day,long_term,2,light,false,false,deep_connection,10,Memory Lane,memory,0.07457,0.694
2921,happy,low,45,evening,first_date,new,1,light,false,false,positive_social,8,Two Truths and a Lie,question_game,0.19312,0.695
2922,energetic,medium,60,late_night,holiday,dating,5,light,false,false,high_energy_fun,16,Watch Together,watch_together,0.09,0.635
2923,relaxed,low,15,evening,celebration,serious,1,light,false,false,easy_connection,23,Cozy Conversation,conversation,0.05698,0.752
2924,relaxed,very_low,30,afternoon,first_date,dating,3,light,false,false,easy_connection,12,Deep Questions,conversation,0.09832,0.695
2925,affectionate,medium,45,evening,long_distance,serious,2,moderate,true,false,warm_connection,16,Watch Together,watch_together,0.1121,0.695
2926,affectionate,very_high,30,evening,normal_day,new,3,moderate,true,false,warm_connection,18,Truth or Dare,romantic_activity,0.05931,0.646
2927,affectionate,high,10,afternoon,normal_day,new,2,moderate,true,false,warm_connection,22,Little Moments,memory,0.06171,0.714
2928,deep,low,15,late_night,anniversary,just_met,1,light,false,false,deep_connection,12,Deep Questions,conversation,0.08403,0.74
2929,low_energy,high,45,late_night,weekend,serious,5,light,false,false,gentle_connection,23,Cozy Conversation,conversation,0.07285,0.67
2930,happy,very_high,60,evening,rough_day,new,5,light,false,false,positive_social,22,Little Moments,memory,0.08421,0.625
2931,relaxed,very_high,5,afternoon,just_because,just_met,4,light,false,false,easy_connection,1,Rapid Fire,question_game,0.18734,0.695
2932,deep,very_low,20,evening,anniversary,just_met,3,light,false,false,deep_connection,12,Deep Questions,conversation,0.10867,0.715
2933,calm,very_low,10,afternoon,weekend,dating,1,light,false,false,calm_connection,12,Deep Questions,conversation,0.06609,0.715
2934,nostalgic,very_high,15,late_night,long_distance,dating,2,moderate,true,false,memory_connection,22,Little Moments,memory,0.07841,0.749
2935,calm,low,10,afternoon,date_night,long_term,2,light,false,false,calm_connection,14,Date Planner,date_activity,0.05299,0.719
2936,affectionate,very_low,10,morning,date_night,dating,4,moderate,true,false,warm_connection,21,Compliment Challenge,romantic_activity,0.05806,0.763
2937,playful,low,10,morning,anniversary,just_met,2,light,false,false,playful_social,2,This or That,question_game,0.08777,0.715
2938,relaxed,high,20,morning,rough_day,just_met,4,light,false,false,easy_connection,15,Music Mood,watch_together,0.07304,0.75
2939,calm,very_low,20,late_night,date_night,serious,5,light,false,false,calm_connection,12,Deep Questions,conversation,0.05648,0.715
2940,erotic,medium,10,morning,date_night,dating,3,very_high,true,true,intimate_connection,19,Flirty This or That,intimate_activity,0.09867,0.836
2941,playful,low,10,evening,holiday,serious,2,light,false,false,playful_social,3,Trivia Battle,competitive_game,0.06375,0.75
2942,affectionate,medium,45,afternoon,normal_day,new,5,moderate,true,false,warm_connection,22,Little Moments,memory,0.08696,0.695
2943,playful,very_high,60,morning,first_date,serious,2,light,false,false,playful_social,16,Watch Together,watch_together,0.11898,0.585
2944,low_energy,low,15,morning,just_because,dating,1,light,false,false,gentle_connection,16,Watch Together,watch_together,0.06974,0.74
2945,sensual,high,60,evening,celebration,long_term,4,high,true,true,sensual_connection,17,Couple Challenge,challenge,0.10703,0.688
2946,playful,high,45,late_night,valentines,dating,4,light,false,false,playful_social,18,Truth or Dare,romantic_activity,0.10848,0.743
2947,erotic,very_high,60,afternoon,just_because,dating,1,very_high,true,true,intimate_connection,19,Flirty This or That,intimate_activity,0.15789,0.622
2948,low_energy,very_high,10,late_night,date_night,serious,2,light,false,false,gentle_connection,23,Cozy Conversation,conversation,0.05764,0.689
2949,playful,low,10,evening,late_night,just_met,5,light,false,false,playful_social,6,Scribble,creative_game,0.08302,0.69
2950,calm,high,20,evening,rough_day,dating,5,light,false,false,calm_connection,22,Little Moments,memory,0.07294,0.81
2951,romantic,low,20,afternoon,celebration,new,4,moderate,true,false,romantic_connection,20,Romantic Q&A,intimate_activity,0.05436,0.788
2952,playful,low,5,afternoon,first_date,just_met,1,light,false,false,playful_social,2,This or That,question_game,0.22878,0.775
2953,energetic,very_high,5,afternoon,rough_day,dating,5,light,false,false,high_energy_fun,23,Cozy Conversation,conversation,0.1,0.705
2954,sensual,very_high,5,morning,reunion,just_met,4,high,true,true,sensual_connection,1,Rapid Fire,question_game,0.15888,0.635
2955,happy,low,30,afternoon,valentines,just_met,5,light,false,false,positive_social,16,Watch Together,watch_together,0.09054,0.66
2956,celebratory,medium,45,evening,date_night,long_term,3,light,false,false,celebration,16,Watch Together,watch_together,0.06434,0.635
2957,erotic,very_low,20,morning,date_night,new,2,very_high,true,true,intimate_connection,14,Date Planner,date_activity,0.07033,0.694
2958,relaxed,medium,10,afternoon,weekend,serious,2,light,false,false,easy_connection,14,Date Planner,date_activity,0.05896,0.744
2959,calm,medium,10,afternoon,first_date,serious,2,light,false,false,calm_connection,2,This or That,question_game,0.06508,0.72
2960,calm,medium,30,late_night,holiday,new,2,light,false,false,calm_connection,6,Scribble,creative_game,0.06833,0.695
2961,happy,very_high,60,afternoon,anniversary,dating,3,light,false,false,positive_social,11,Relationship Timeline,memory,0.10853,0.601
2962,happy,medium,30,late_night,weekend,long_term,5,light,false,false,positive_social,17,Couple Challenge,challenge,0.06811,0.755
2963,happy,medium,20,morning,special_memory,new,1,light,false,false,positive_social,3,Trivia Battle,competitive_game,0.05768,0.715
2964,celebratory,high,60,evening,first_date,long_term,3,light,false,false,celebration,8,Two Truths and a Lie,question_game,0.16495,0.695
2965,low_energy,high,20,evening,late_night,new,4,light,false,false,gentle_connection,16,Watch Together,watch_together,0.0734,0.75
2966,low_energy,low,10,evening,long_distance,new,3,light,false,false,gentle_connection,10,Memory Lane,memory,0.07585,0.836
2967,energetic,high,15,afternoon,date_night,dating,5,light,false,false,high_energy_fun,1,Rapid Fire,question_game,0.05491,0.74
2968,relaxed,very_low,20,evening,weekend,just_met,2,light,false,false,easy_connection,6,Scribble,creative_game,0.08748,0.645
2969,romantic,very_low,45,evening,late_night,new,2,moderate,true,false,romantic_connection,23,Cozy Conversation,conversation,0.10515,0.719
2970,playful,very_low,15,late_night,anniversary,just_met,2,light,false,false,playful_social,1,Rapid Fire,question_game,0.08071,0.665
2971,calm,very_high,20,afternoon,long_distance,new,4,light,false,false,calm_connection,16,Watch Together,watch_together,0.07046,0.725
2972,erotic,low,45,late_night,date_night,long_term,3,very_high,true,true,intimate_connection,18,Truth or Dare,romantic_activity,0.10372,0.731
2973,romantic,very_low,20,late_night,first_date,dating,3,moderate,true,false,romantic_connection,8,Two Truths and a Lie,question_game,0.06551,0.67
2974,happy,very_high,15,morning,anniversary,new,1,light,false,false,positive_social,1,Rapid Fire,question_game,0.05987,0.715
2975,nostalgic,very_low,5,evening,late_night,long_term,2,moderate,true,false,memory_connection,25,Playful Teasing Cards,intimate_activity,0.08725,0.694
2976,romantic,very_low,60,morning,date_night,new,1,moderate,true,false,romantic_connection,24,Date Night Roulette,date_activity,0.1206,0.682
2977,romantic,very_low,15,evening,weekend,just_met,3,moderate,true,false,romantic_connection,7,Find the Spy,social_game,0.07129,0.645
2978,relaxed,very_high,20,late_night,long_distance,dating,1,light,false,false,easy_connection,15,Music Mood,watch_together,0.08987,0.725
2979,celebratory,very_low,30,evening,birthday,long_term,5,light,false,false,celebration,24,Date Night Roulette,date_activity,0.10564,0.81
2980,deep,medium,60,afternoon,holiday,just_met,1,light,false,false,deep_connection,6,Scribble,creative_game,0.14655,0.615
2981,romantic,very_high,30,late_night,reunion,long_term,4,moderate,true,false,romantic_connection,24,Date Night Roulette,date_activity,0.0996,0.798
2982,calm,very_high,15,late_night,celebration,serious,3,light,false,false,calm_connection,23,Cozy Conversation,conversation,0.05374,0.701
2983,relaxed,medium,60,morning,late_night,serious,2,light,false,false,easy_connection,16,Watch Together,watch_together,0.20141,0.775
2984,low_energy,low,5,afternoon,rough_day,serious,2,light,false,false,gentle_connection,23,Cozy Conversation,conversation,0.14363,0.824
2985,affectionate,low,5,evening,rough_day,just_met,1,moderate,true,false,warm_connection,15,Music Mood,watch_together,0.13011,0.64
2986,celebratory,medium,30,afternoon,special_memory,just_met,3,light,false,false,celebration,3,Trivia Battle,competitive_game,0.072,0.715
2987,nostalgic,very_high,60,morning,first_date,serious,5,moderate,true,false,memory_connection,2,This or That,question_game,0.12785,0.59
2988,erotic,high,30,evening,late_night,long_term,1,very_high,true,true,intimate_connection,20,Romantic Q&A,intimate_activity,0.11818,0.682
2989,nostalgic,low,5,morning,normal_day,new,4,moderate,true,false,memory_connection,23,Cozy Conversation,conversation,0.10601,0.788
2990,happy,low,45,morning,normal_day,just_met,3,light,false,false,positive_social,2,This or That,question_game,0.08933,0.635
2991,sensual,low,30,evening,anniversary,long_term,4,high,true,true,sensual_connection,11,Relationship Timeline,memory,0.09904,0.768
2992,playful,very_low,15,morning,valentines,new,3,light,false,false,playful_social,25,Playful Teasing Cards,intimate_activity,0.05684,0.786
2993,nostalgic,low,30,morning,just_because,dating,5,moderate,true,false,memory_connection,14,Date Planner,date_activity,0.06535,0.755
2994,relaxed,very_high,10,morning,normal_day,serious,4,light,false,false,easy_connection,15,Music Mood,watch_together,0.05755,0.665
2995,relaxed,low,60,late_night,special_memory,serious,2,light,false,false,easy_connection,11,Relationship Timeline,memory,0.11236,0.664
2996,romantic,very_high,10,late_night,celebration,new,2,moderate,true,false,romantic_connection,3,Trivia Battle,competitive_game,0.05578,0.695
2997,relaxed,very_low,30,evening,celebration,just_met,5,light,false,false,easy_connection,12,Deep Questions,conversation,0.1065,0.635
2998,erotic,high,10,late_night,reunion,just_met,2,very_high,true,true,intimate_connection,1,Rapid Fire,question_game,0.08716,0.66
2999,deep,very_low,5,morning,anniversary,new,5,light,false,false,deep_connection,13,Future Plans,conversation,0.09176,0.73
3000,affectionate,low,45,afternoon,first_date,long_term,5,moderate,true,false,warm_connection,8,Two Truths and a Lie,question_game,0.08402,0.615
3001,affectionate,medium,10,late_night,rough_day,long_term,1,moderate,true,false,warm_connection,10,Memory Lane,memory,0.06382,0.787
3002,calm,very_low,20,late_night,reunion,serious,1,light,false,false,calm_connection,15,Music Mood,watch_together,0.06994,0.715
3003,relaxed,medium,60,afternoon,normal_day,long_term,5,light,false,false,easy_connection,16,Watch Together,watch_together,0.22105,0.715
3004,low_energy,medium,10,morning,late_night,new,4,light,false,false,gentle_connection,20,Romantic Q&A,intimate_activity,0.06511,0.823
3005,relaxed,very_low,20,morning,valentines,long_term,4,light,false,false,easy_connection,23,Cozy Conversation,conversation,0.06202,0.763
3006,nostalgic,low,30,evening,valentines,serious,2,moderate,true,false,memory_connection,20,Romantic Q&A,intimate_activity,0.06839,0.744
3007,happy,low,45,late_night,long_distance,dating,4,light,false,false,positive_social,15,Music Mood,watch_together,0.07817,0.64
3008,erotic,low,30,evening,late_night,just_met,2,very_high,true,true,intimate_connection,16,Watch Together,watch_together,0.13182,0.72
3009,affectionate,medium,30,afternoon,valentines,dating,2,moderate,true,false,warm_connection,21,Compliment Challenge,romantic_activity,0.07125,0.719
3010,low_energy,high,45,morning,special_memory,serious,3,light,false,false,gentle_connection,23,Cozy Conversation,conversation,0.07666,0.646
3011,celebratory,very_high,5,late_night,birthday,serious,2,light,false,false,celebration,6,Scribble,creative_game,0.08778,0.695
3012,relaxed,high,30,evening,first_date,serious,5,light,false,false,easy_connection,12,Deep Questions,conversation,0.08677,0.67
3013,energetic,very_low,30,morning,weekend,long_term,4,light,false,false,high_energy_fun,6,Scribble,creative_game,0.10253,0.725
3014,low_energy,high,15,evening,celebration,long_term,5,light,false,false,gentle_connection,23,Cozy Conversation,conversation,0.05761,0.75
3015,deep,very_low,30,afternoon,special_memory,long_term,5,light,false,false,deep_connection,13,Future Plans,conversation,0.08046,0.73
3016,playful,high,20,afternoon,birthday,serious,5,light,false,false,playful_social,8,Two Truths and a Lie,question_game,0.05958,0.715
3017,calm,low,20,morning,long_distance,dating,5,light,false,false,calm_connection,15,Music Mood,watch_together,0.07292,0.8
3018,deep,medium,15,morning,special_memory,long_term,2,light,false,false,deep_connection,13,Future Plans,conversation,0.07279,0.824
3019,nostalgic,high,5,evening,date_night,just_met,1,moderate,true,false,memory_connection,1,Rapid Fire,question_game,0.17804,0.66
3020,romantic,high,5,late_night,long_distance,dating,5,moderate,true,false,romantic_connection,23,Cozy Conversation,conversation,0.0713,0.75
3021,happy,very_low,60,afternoon,birthday,long_term,3,light,false,false,positive_social,1,Rapid Fire,question_game,0.12575,0.645
3022,playful,low,5,afternoon,holiday,just_met,3,light,false,false,playful_social,6,Scribble,creative_game,0.13333,0.67
3023,low_energy,very_high,30,afternoon,late_night,long_term,4,light,false,false,gentle_connection,16,Watch Together,watch_together,0.10725,0.725
3024,sensual,very_low,30,evening,long_distance,new,1,high,true,true,sensual_connection,20,Romantic Q&A,intimate_activity,0.1147,0.707
3025,energetic,medium,5,morning,normal_day,new,1,light,false,false,high_energy_fun,2,This or That,question_game,0.08798,0.66
3026,sensual,high,60,late_night,first_date,long_term,5,high,true,true,sensual_connection,25,Playful Teasing Cards,intimate_activity,0.15,0.695
3027,affectionate,very_low,15,late_night,birthday,just_met,5,moderate,true,false,warm_connection,3,Trivia Battle,competitive_game,0.08054,0.645
3028,celebratory,low,60,late_night,weekend,dating,4,light,false,false,celebration,24,Date Night Roulette,date_activity,0.12458,0.743
3029,happy,very_high,60,late_night,just_because,just_met,1,light,false,false,positive_social,2,This or That,question_game,0.17117,0.67
3030,romantic,high,45,morning,normal_day,just_met,2,moderate,true,false,romantic_connection,3,Trivia Battle,competitive_game,0.11719,0.58
3031,sensual,very_low,5,afternoon,birthday,dating,3,high,true,true,sensual_connection,22,Little Moments,memory,0.09514,0.751
3032,deep,low,30,morning,long_distance,serious,3,light,false,false,deep_connection,15,Music Mood,watch_together,0.07333,0.72
3033,relaxed,very_high,20,evening,date_night,dating,1,light,false,false,easy_connection,16,Watch Together,watch_together,0.05926,0.665
3034,erotic,low,5,evening,just_because,dating,5,very_high,true,true,intimate_connection,23,Cozy Conversation,conversation,0.1,0.8
3035,energetic,low,15,late_night,special_memory,new,2,light,false,false,high_energy_fun,3,Trivia Battle,competitive_game,0.05017,0.69
3036,romantic,very_low,30,morning,valentines,new,2,moderate,true,false,romantic_connection,24,Date Night Roulette,date_activity,0.06514,0.714
3037,low_energy,medium,20,morning,birthday,serious,3,light,false,false,gentle_connection,15,Music Mood,watch_together,0.05722,0.715
3038,relaxed,medium,30,evening,celebration,dating,3,light,false,false,easy_connection,6,Scribble,creative_game,0.07123,0.695
3039,celebratory,high,15,afternoon,first_date,new,5,light,false,false,celebration,8,Two Truths and a Lie,question_game,0.08315,0.775
3040,happy,high,60,morning,date_night,dating,3,light,false,false,positive_social,24,Date Night Roulette,date_activity,0.08194,0.651
3041,affectionate,very_low,10,morning,normal_day,new,4,moderate,true,false,warm_connection,21,Compliment Challenge,romantic_activity,0.07073,0.763
3042,romantic,very_low,60,morning,just_because,serious,2,moderate,true,false,romantic_connection,18,Truth or Dare,romantic_activity,0.10105,0.694
3043,low_energy,low,45,late_night,reunion,new,4,light,false,false,gentle_connection,23,Cozy Conversation,conversation,0.08528,0.708
3044,nostalgic,very_high,45,afternoon,late_night,dating,5,moderate,true,false,memory_connection,23,Cozy Conversation,conversation,0.10864,0.705
3045,low_energy,medium,30,evening,date_night,new,5,light,false,false,gentle_connection,15,Music Mood,watch_together,0.0684,0.715
3046,romantic,medium,10,evening,first_date,serious,1,moderate,true,false,romantic_connection,14,Date Planner,date_activity,0.05917,0.812
3047,calm,high,15,morning,reunion,just_met,1,light,false,false,calm_connection,15,Music Mood,watch_together,0.08997,0.69
3048,happy,very_high,60,morning,valentines,dating,5,light,false,false,positive_social,18,Truth or Dare,romantic_activity,0.11566,0.65
3049,energetic,high,15,evening,reunion,new,3,light,false,false,high_energy_fun,6,Scribble,creative_game,0.05794,0.74
3050,calm,low,15,late_night,holiday,long_term,3,light,false,false,calm_connection,23,Cozy Conversation,conversation,0.05767,0.776
3051,erotic,high,5,evening,late_night,dating,5,very_high,true,true,intimate_connection,25,Playful Teasing Cards,intimate_activity,0.15299,0.835
3052,deep,medium,60,afternoon,normal_day,dating,2,light,false,false,deep_connection,10,Memory Lane,memory,0.10602,0.659
3053,nostalgic,very_low,10,afternoon,first_date,long_term,2,moderate,true,false,memory_connection,22,Little Moments,memory,0.07216,0.739
3054,erotic,very_low,45,afternoon,anniversary,long_term,5,very_high,true,true,intimate_connection,19,Flirty This or That,intimate_activity,0.08269,0.67
3055,relaxed,very_low,30,late_night,weekend,long_term,2,light,false,false,easy_connection,16,Watch Together,watch_together,0.08098,0.715
3056,nostalgic,very_low,15,afternoon,reunion,long_term,4,moderate,true,false,memory_connection,10,Memory Lane,memory,0.09006,0.823
3057,deep,very_high,20,afternoon,valentines,just_met,3,light,false,false,deep_connection,12,Deep Questions,conversation,0.10037,0.665
3058,energetic,medium,20,evening,holiday,new,3,light,false,false,high_energy_fun,14,Date Planner,date_activity,0.06051,0.756
3059,energetic,very_high,5,morning,weekend,long_term,1,light,false,false,high_energy_fun,3,Trivia Battle,competitive_game,0.11491,0.695
3060,low_energy,high,10,evening,birthday,serious,4,light,false,false,gentle_connection,23,Cozy Conversation,conversation,0.06083,0.738
3061,energetic,high,45,late_night,just_because,new,5,light,false,false,high_energy_fun,17,Couple Challenge,challenge,0.09125,0.72
3062,celebratory,very_low,15,afternoon,anniversary,serious,2,light,false,false,celebration,22,Little Moments,memory,0.05683,0.719
3063,celebratory,medium,20,late_night,birthday,dating,1,light,false,false,celebration,17,Couple Challenge,challenge,0.07744,0.787
3064,celebratory,very_high,60,morning,rough_day,just_met,1,light,false,false,celebration,16,Watch Together,watch_together,0.30827,0.645
3065,celebratory,very_high,15,late_night,anniversary,long_term,1,light,false,false,celebration,6,Scribble,creative_game,0.06335,0.715
3066,affectionate,medium,10,morning,rough_day,just_met,5,moderate,true,false,warm_connection,15,Music Mood,watch_together,0.07706,0.695
3067,low_energy,very_high,15,evening,date_night,dating,4,light,false,false,gentle_connection,23,Cozy Conversation,conversation,0.05473,0.713
3068,nostalgic,very_high,15,late_night,late_night,dating,4,moderate,true,false,memory_connection,23,Cozy Conversation,conversation,0.06576,0.773
3069,calm,high,15,evening,special_memory,long_term,2,light,false,false,calm_connection,13,Future Plans,conversation,0.04953,0.719
3070,sensual,very_low,60,morning,date_night,new,1,high,true,true,sensual_connection,19,Flirty This or That,intimate_activity,0.15043,0.682
3071,celebratory,high,45,morning,holiday,new,3,light,false,false,celebration,3,Trivia Battle,competitive_game,0.12384,0.72
3072,affectionate,very_high,60,late_night,just_because,just_met,4,moderate,true,false,warm_connection,16,Watch Together,watch_together,0.36522,0.585
3073,calm,very_high,30,evening,just_because,dating,3,light,false,false,calm_connection,16,Watch Together,watch_together,0.07584,0.665
3074,erotic,medium,60,afternoon,long_distance,serious,2,very_high,true,true,intimate_connection,25,Playful Teasing Cards,intimate_activity,0.1023,0.684
3075,relaxed,very_high,5,morning,date_night,new,1,light,false,false,easy_connection,2,This or That,question_game,0.10119,0.69
3076,nostalgic,medium,60,late_night,holiday,long_term,1,moderate,true,false,memory_connection,10,Memory Lane,memory,0.09067,0.647
3077,celebratory,low,30,late_night,holiday,long_term,1,light,false,false,celebration,6,Scribble,creative_game,0.11481,0.75
3078,calm,very_high,5,morning,rough_day,long_term,5,light,false,false,calm_connection,15,Music Mood,watch_together,0.07912,0.645
3079,romantic,very_low,20,late_night,late_night,just_met,3,moderate,true,false,romantic_connection,15,Music Mood,watch_together,0.08706,0.695
3080,nostalgic,high,20,afternoon,anniversary,dating,1,moderate,true,false,memory_connection,22,Little Moments,memory,0.08921,0.762
3081,low_energy,medium,45,morning,special_memory,serious,1,light,false,false,gentle_connection,15,Music Mood,watch_together,0.10012,0.635
3082,low_energy,medium,10,afternoon,celebration,serious,1,light,false,false,gentle_connection,6,Scribble,creative_game,0.05862,0.695
3083,playful,very_low,30,afternoon,special_memory,long_term,1,light,false,false,playful_social,11,Relationship Timeline,memory,0.09832,0.707
3084,nostalgic,low,60,late_night,birthday,new,3,moderate,true,false,memory_connection,11,Relationship Timeline,memory,0.11742,0.696
3085,affectionate,high,5,morning,rough_day,long_term,3,moderate,true,false,warm_connection,10,Memory Lane,memory,0.06545,0.706
3086,erotic,very_low,60,morning,normal_day,dating,3,very_high,true,true,intimate_connection,20,Romantic Q&A,intimate_activity,0.13806,0.671
3087,romantic,medium,10,late_night,anniversary,serious,1,moderate,true,false,romantic_connection,22,Little Moments,memory,0.04787,0.707
3088,sensual,very_high,20,afternoon,long_distance,serious,2,high,true,true,sensual_connection,9,How Well Do You Know Me,question_game,0.06874,0.694
3089,playful,low,45,evening,weekend,long_term,4,light,false,false,playful_social,3,Trivia Battle,competitive_game,0.08877,0.67
3090,affectionate,medium,10,morning,rough_day,just_met,3,moderate,true,false,warm_connection,15,Music Mood,watch_together,0.07742,0.695
3091,erotic,high,5,evening,celebration,dating,4,very_high,true,true,intimate_connection,18,Truth or Dare,romantic_activity,0.09038,0.743
3092,playful,medium,60,late_night,holiday,serious,2,light,false,false,playful_social,17,Couple Challenge,challenge,0.10256,0.719
3093,celebratory,low,15,evening,special_memory,just_met,1,light,false,false,celebration,1,Rapid Fire,question_game,0.08715,0.69
3094,affectionate,high,45,morning,celebration,new,5,moderate,true,false,warm_connection,18,Truth or Dare,romantic_activity,0.07078,0.675
3095,energetic,high,10,late_night,normal_day,new,5,light,false,false,high_energy_fun,6,Scribble,creative_game,0.06892,0.74
3096,erotic,high,20,morning,valentines,new,3,very_high,true,true,intimate_connection,19,Flirty This or That,intimate_activity,0.10959,0.811
3097,playful,high,60,evening,birthday,just_met,4,light,false,false,playful_social,1,Rapid Fire,question_game,0.19002,0.72
3098,playful,very_high,45,late_night,valentines,new,3,light,false,false,playful_social,25,Playful Teasing Cards,intimate_activity,0.08071,0.706
3099,low_energy,medium,20,evening,normal_day,dating,1,light,false,false,gentle_connection,15,Music Mood,watch_together,0.07749,0.715
3100,low_energy,very_high,30,morning,date_night,serious,2,light,false,false,gentle_connection,14,Date Planner,date_activity,0.07792,0.694
3101,romantic,high,20,afternoon,long_distance,new,5,moderate,true,false,romantic_connection,14,Date Planner,date_activity,0.05067,0.775
3102,deep,medium,45,evening,reunion,just_met,5,light,false,false,deep_connection,12,Deep Questions,conversation,0.10897,0.635
3103,affectionate,very_high,15,afternoon,just_because,just_met,5,moderate,true,false,warm_connection,2,This or That,question_game,0.08203,0.67
3104,erotic,very_low,20,late_night,long_distance,dating,5,very_high,true,true,intimate_connection,25,Playful Teasing Cards,intimate_activity,0.08079,0.75
3105,sensual,very_low,30,afternoon,date_night,long_term,5,high,true,true,sensual_connection,25,Playful Teasing Cards,intimate_activity,0.08959,0.73
3106,deep,very_high,30,late_night,special_memory,dating,3,light,false,false,deep_connection,12,Deep Questions,conversation,0.08186,0.665
3107,calm,very_low,60,afternoon,holiday,dating,5,light,false,false,calm_connection,14,Date Planner,date_activity,0.0837,0.65
3108,energetic,low,60,late_night,first_date,serious,3,light,false,false,high_energy_fun,7,Find the Spy,social_game,0.09383,0.61
3109,happy,high,60,morning,special_memory,just_met,4,light,false,false,positive_social,6,Scribble,creative_game,0.12931,0.66
3110,deep,very_low,10,evening,anniversary,long_term,5,light,false,false,deep_connection,12,Deep Questions,conversation,0.0627,0.715
3111,playful,very_high,20,afternoon,weekend,serious,4,light,false,false,playful_social,3,Trivia Battle,competitive_game,0.07663,0.775
3112,calm,very_high,10,afternoon,anniversary,serious,3,light,false,false,calm_connection,13,Future Plans,conversation,0.05767,0.706
3113,energetic,very_low,60,evening,first_date,new,1,light,false,false,high_energy_fun,3,Trivia Battle,competitive_game,0.10356,0.585
3114,celebratory,very_low,15,afternoon,weekend,serious,1,light,false,false,celebration,3,Trivia Battle,competitive_game,0.07589,0.725
3115,romantic,high,10,evening,birthday,new,1,moderate,true,false,romantic_connection,17,Couple Challenge,challenge,0.05076,0.732
3116,playful,low,60,afternoon,just_because,just_met,5,light,false,false,playful_social,2,This or That,question_game,0.18824,0.695
3117,low_energy,medium,20,late_night,date_night,just_met,3,light,false,false,gentle_connection,5,Connect Four,competitive_game,0.05391,0.66
3118,playful,very_low,5,late_night,rough_day,long_term,3,light,false,false,playful_social,23,Cozy Conversation,conversation,0.10569,0.731
3119,affectionate,low,15,evening,special_memory,new,5,moderate,true,false,warm_connection,11,Relationship Timeline,memory,0.06325,0.78
3120,happy,very_high,20,evening,first_date,new,2,light,false,false,positive_social,2,This or That,question_game,0.06434,0.67
3121,nostalgic,high,5,late_night,date_night,serious,3,moderate,true,false,memory_connection,1,Rapid Fire,question_game,0.0551,0.66
3122,celebratory,high,10,afternoon,date_night,dating,1,light,false,false,celebration,6,Scribble,creative_game,0.06169,0.74
3123,deep,low,10,evening,normal_day,dating,2,light,false,false,deep_connection,10,Memory Lane,memory,0.06739,0.764
3124,playful,very_low,30,morning,normal_day,new,3,light,false,false,playful_social,3,Trivia Battle,competitive_game,0.07935,0.665
3125,relaxed,very_low,45,late_night,anniversary,just_met,4,light,false,false,easy_connection,16,Watch Together,watch_together,0.3062,0.715
3126,nostalgic,high,20,afternoon,normal_day,new,1,moderate,true,false,memory_connection,10,Memory Lane,memory,0.07163,0.702
3127,calm,low,20,late_night,rough_day,new,1,light,false,false,calm_connection,23,Cozy Conversation,conversation,0.09416,0.812
3128,affectionate,high,30,morning,normal_day,dating,4,moderate,true,false,warm_connection,5,Connect Four,competitive_game,0.056,0.635
3129,calm,very_low,5,morning,reunion,new,2,light,false,false,calm_connection,23,Cozy Conversation,conversation,0.10284,0.739
3130,erotic,very_high,5,morning,special_memory,serious,2,very_high,true,true,intimate_connection,22,Little Moments,memory,0.112,0.669
3131,playful,low,60,morning,celebration,serious,2,light,false,false,playful_social,1,Rapid Fire,question_game,0.11826,0.67
3132,playful,low,30,late_night,late_night,just_met,5,light,false,false,playful_social,15,Music Mood,watch_together,0.11173,0.72
3133,playful,high,20,afternoon,date_night,just_met,1,light,false,false,playful_social,1,Rapid Fire,question_game,0.07567,0.66
3134,deep,medium,60,evening,rough_day,serious,1,light,false,false,deep_connection,15,Music Mood,watch_together,0.09462,0.615
3135,playful,very_high,10,morning,reunion,just_met,4,light,false,false,playful_social,6,Scribble,creative_game,0.10341,0.715
3136,affectionate,high,5,afternoon,holiday,new,3,moderate,true,false,warm_connection,22,Little Moments,memory,0.08961,0.726
3137,erotic,low,10,evening,date_night,just_met,4,very_high,true,true,intimate_connection,12,Deep Questions,conversation,0.12109,0.66
3138,calm,low,10,evening,special_memory,just_met,2,light,false,false,calm_connection,2,This or That,question_game,0.05505,0.635
3139,low_energy,very_low,30,evening,birthday,serious,4,light,false,false,gentle_connection,6,Scribble,creative_game,0.06908,0.645
3140,relaxed,very_high,5,afternoon,celebration,new,4,light,false,false,easy_connection,22,Little Moments,memory,0.089,0.713
3141,calm,medium,5,afternoon,just_because,new,4,light,false,false,calm_connection,22,Little Moments,memory,0.08069,0.763
3142,low_energy,high,30,evening,rough_day,long_term,1,light,false,false,gentle_connection,10,Memory Lane,memory,0.06596,0.682
3143,low_energy,low,15,evening,holiday,dating,5,light,false,false,gentle_connection,15,Music Mood,watch_together,0.05685,0.74
3144,playful,high,5,afternoon,first_date,just_met,5,light,false,false,playful_social,8,Two Truths and a Lie,question_game,0.14947,0.695
3145,calm,very_high,30,morning,date_night,serious,5,light,false,false,calm_connection,15,Music Mood,watch_together,0.06461,0.665
3146,erotic,medium,45,late_night,birthday,serious,5,very_high,true,true,intimate_connection,25,Playful Teasing Cards,intimate_activity,0.1062,0.72
3147,nostalgic,high,10,afternoon,reunion,serious,1,moderate,true,false,memory_connection,18,Truth or Dare,romantic_activity,0.0479,0.707
3148,nostalgic,very_high,15,evening,reunion,dating,1,moderate,true,false,memory_connection,11,Relationship Timeline,memory,0.08057,0.737
3149,affectionate,high,60,morning,late_night,just_met,5,moderate,true,false,warm_connection,16,Watch Together,watch_together,0.40415,0.67
3150,deep,very_high,60,afternoon,first_date,serious,3,light,false,false,deep_connection,12,Deep Questions,conversation,0.2,0.645
3151,relaxed,very_high,45,afternoon,long_distance,long_term,2,light,false,false,easy_connection,22,Little Moments,memory,0.10836,0.669
3152,erotic,medium,10,evening,weekend,dating,5,very_high,true,true,intimate_connection,20,Romantic Q&A,intimate_activity,0.07524,0.775
3153,energetic,very_low,30,afternoon,first_date,new,5,light,false,false,high_energy_fun,16,Watch Together,watch_together,0.06725,0.635
3154,relaxed,medium,15,late_night,date_night,new,1,light,false,false,easy_connection,15,Music Mood,watch_together,0.0533,0.715
3155,romantic,low,45,late_night,celebration,new,1,moderate,true,false,romantic_connection,18,Truth or Dare,romantic_activity,0.10728,0.707
3156,calm,very_low,10,afternoon,normal_day,just_met,1,light,false,false,calm_connection,12,Deep Questions,conversation,0.13166,0.715
3157,nostalgic,high,10,evening,rough_day,serious,4,moderate,true,false,memory_connection,22,Little Moments,memory,0.08359,0.798
3158,playful,very_high,5,morning,weekend,long_term,5,light,false,false,playful_social,17,Couple Challenge,challenge,0.08861,0.755
3159,celebratory,very_low,5,evening,first_date,serious,1,light,false,false,celebration,2,This or That,question_game,0.17489,0.67
3160,playful,high,30,afternoon,holiday,new,2,light,false,false,playful_social,24,Date Night Roulette,date_activity,0.07971,0.719
3161,affectionate,high,45,late_night,rough_day,long_term,1,moderate,true,false,warm_connection,23,Cozy Conversation,conversation,0.14401,0.682
3162,nostalgic,medium,15,morning,holiday,long_term,4,moderate,true,false,memory_connection,22,Little Moments,memory,0.05906,0.763
3163,deep,high,10,morning,normal_day,just_met,5,light,false,false,deep_connection,6,Scribble,creative_game,0.07722,0.66
3164,celebratory,very_high,15,afternoon,anniversary,serious,1,light,false,false,celebration,17,Couple Challenge,challenge,0.05581,0.727
3165,sensual,low,20,morning,just_because,just_met,5,high,true,true,sensual_connection,12,Deep Questions,conversation,0.07475,0.66
3166,calm,very_low,45,evening,rough_day,dating,3,light,false,false,calm_connection,15,Music Mood,watch_together,0.1334,0.695
3167,erotic,very_high,60,evening,date_night,just_met,2,very_high,true,true,intimate_connection,16,Watch Together,watch_together,0.2069,0.585
3168,erotic,very_low,5,evening,anniversary,dating,2,very_high,true,true,intimate_connection,19,Flirty This or That,intimate_activity,0.1065,0.714
3169,relaxed,very_low,20,evening,long_distance,long_term,5,light,false,false,easy_connection,16,Watch Together,watch_together,0.07831,0.775
3170,deep,very_high,45,evening,holiday,serious,4,light,false,false,deep_connection,12,Deep Questions,conversation,0.08758,0.585
3171,sensual,very_low,5,morning,weekend,new,3,high,true,true,sensual_connection,22,Little Moments,memory,0.09234,0.751
3172,sensual,very_low,60,afternoon,rough_day,long_term,1,high,true,true,sensual_connection,22,Little Moments,memory,0.128,0.707
3173,romantic,low,45,afternoon,weekend,serious,5,moderate,true,false,romantic_connection,20,Romantic Q&A,intimate_activity,0.05887,0.72
3174,deep,very_low,10,late_night,date_night,just_met,5,light,false,false,deep_connection,12,Deep Questions,conversation,0.07249,0.715
3175,playful,high,15,evening,just_because,new,4,light,false,false,playful_social,1,Rapid Fire,question_game,0.07096,0.8
3176,calm,low,20,evening,date_night,new,3,light,false,false,calm_connection,24,Date Night Roulette,date_activity,0.05463,0.731
3177,happy,very_low,15,morning,date_night,long_term,1,light,false,false,positive_social,24,Date Night Roulette,date_activity,0.05097,0.682
3178,nostalgic,low,30,evening,first_date,long_term,1,moderate,true,false,memory_connection,16,Watch Together,watch_together,0.08491,0.66
3179,playful,low,60,evening,valentines,long_term,1,light,false,false,playful_social,18,Truth or Dare,romantic_activity,0.10976,0.707
3180,relaxed,very_low,5,morning,reunion,long_term,2,light,false,false,easy_connection,22,Little Moments,memory,0.14188,0.799
3181,deep,high,20,morning,normal_day,just_met,2,light,false,false,deep_connection,6,Scribble,creative_game,0.08011,0.66
3182,nostalgic,low,20,morning,normal_day,just_met,2,moderate,true,false,memory_connection,12,Deep Questions,conversation,0.07979,0.66
3183,romantic,very_high,45,late_night,first_date,dating,1,moderate,true,false,romantic_connection,16,Watch Together,watch_together,0.18394,0.585
3184,low_energy,medium,30,evening,normal_day,serious,4,light,false,false,gentle_connection,16,Watch Together,watch_together,0.08669,0.715
3185,calm,low,60,evening,birthday,serious,1,light,false,false,calm_connection,1,Rapid Fire,question_game,0.07349,0.59
3186,deep,low,10,late_night,long_distance,new,3,light,false,false,deep_connection,12,Deep Questions,conversation,0.07674,0.8
3187,happy,very_low,30,morning,valentines,new,1,light,false,false,positive_social,14,Date Planner,date_activity,0.08633,0.682
3188,sensual,low,45,evening,reunion,new,3,high,true,true,sensual_connection,22,Little Moments,memory,0.09901,0.756
3189,nostalgic,high,5,late_night,long_distance,long_term,2,moderate,true,false,memory_connection,22,Little Moments,memory,0.12724,0.774
3190,calm,very_low,45,afternoon,holiday,serious,2,light,false,false,calm_connection,14,Date Planner,date_activity,0.08461,0.614
3191,happy,very_high,20,late_night,rough_day,serious,3,light,false,false,positive_social,8,Two Truths and a Lie,question_game,0.05682,0.69
3192,erotic,high,10,afternoon,birthday,just_met,5,very_high,true,true,intimate_connection,1,Rapid Fire,question_game,0.0653,0.72
3193,relaxed,very_high,20,evening,special_memory,long_term,3,light,false,false,easy_connection,22,Little Moments,memory,0.08888,0.761
3194,playful,low,30,morning,celebration,new,3,light,false,false,playful_social,6,Scribble,creative_game,0.09693,0.75
3195,relaxed,very_low,60,evening,weekend,long_term,4,light,false,false,easy_connection,10,Memory Lane,memory,0.07572,0.683
3196,romantic,low,10,evening,holiday,dating,2,moderate,true,false,romantic_connection,24,Date Night Roulette,date_activity,0.07235,0.799
3197,deep,high,45,late_night,weekend,new,1,light,false,false,deep_connection,3,Trivia Battle,competitive_game,0.09753,0.64
3198,calm,high,60,evening,late_night,dating,2,light,false,false,calm_connection,23,Cozy Conversation,conversation,0.13027,0.694
3199,celebratory,low,5,late_night,celebration,dating,3,light,false,false,celebration,18,Truth or Dare,romantic_activity,0.07227,0.731
3200,playful,very_low,5,late_night,special_memory,new,5,light,false,false,playful_social,1,Rapid Fire,question_game,0.08733,0.665
3201,nostalgic,low,20,afternoon,normal_day,serious,2,moderate,true,false,memory_connection,11,Relationship Timeline,memory,0.07798,0.764
3202,calm,very_high,60,evening,weekend,long_term,2,light,false,false,calm_connection,24,Date Night Roulette,date_activity,0.08617,0.614
3203,nostalgic,very_high,15,late_night,weekend,just_met,4,moderate,true,false,memory_connection,6,Scribble,creative_game,0.09282,0.695
3204,erotic,very_low,15,morning,holiday,just_met,1,very_high,true,true,intimate_connection,3,Trivia Battle,competitive_game,0.1102,0.645
3205,romantic,medium,15,afternoon,celebration,dating,1,moderate,true,false,romantic_connection,6,Scribble,creative_game,0.05433,0.695
3206,romantic,low,60,morning,first_date,serious,1,moderate,true,false,romantic_connection,16,Watch Together,watch_together,0.26087,0.66
3207,sensual,very_high,20,morning,holiday,new,4,high,true,true,sensual_connection,19,Flirty This or That,intimate_activity,0.08485,0.738
3208,sensual,very_high,20,morning,normal_day,new,2,high,true,true,sensual_connection,19,Flirty This or That,intimate_activity,0.09707,0.714
3209,sensual,low,5,late_night,weekend,long_term,5,high,true,true,sensual_connection,21,Compliment Challenge,romantic_activity,0.09821,0.8
3210,happy,very_low,5,evening,normal_day,just_met,2,light,false,false,positive_social,1,Rapid Fire,question_game,0.19077,0.665
3211,energetic,very_low,10,morning,special_memory,serious,1,light,false,false,high_energy_fun,1,Rapid Fire,question_game,0.06592,0.665
3212,energetic,very_high,20,morning,special_memory,just_met,4,light,false,false,high_energy_fun,5,Connect Four,competitive_game,0.05742,0.61
3213,romantic,medium,45,morning,rough_day,long_term,3,moderate,true,false,romantic_connection,16,Watch Together,watch_together,0.11199,0.695
3214,low_energy,medium,60,late_night,holiday,long_term,3,light,false,false,gentle_connection,10,Memory Lane,memory,0.07358,0.671
3215,happy,very_low,5,afternoon,reunion,dating,2,light,false,false,positive_social,2,This or That,question_game,0.08252,0.69
3216,romantic,very_low,5,late_night,just_because,new,5,moderate,true,false,romantic_connection,2,This or That,question_game,0.07481,0.67
3217,energetic,very_high,45,morning,reunion,new,4,light,false,false,high_energy_fun,6,Scribble,creative_game,0.09413,0.635
3218,happy,low,20,morning,long_distance,just_met,4,light,false,false,positive_social,12,Deep Questions,conversation,0.10626,0.72
3219,sensual,very_high,5,late_night,holiday,new,2,high,true,true,sensual_connection,22,Little Moments,memory,0.08489,0.689
3220,low_energy,very_high,60,late_night,birthday,serious,4,light,false,false,gentle_connection,3,Trivia Battle,competitive_game,0.08232,0.615
3221,nostalgic,low,20,evening,holiday,new,1,moderate,true,false,memory_connection,22,Little Moments,memory,0.0692,0.752
3222,relaxed,very_high,60,morning,just_because,just_met,2,light,false,false,easy_connection,1,Rapid Fire,question_game,0.12903,0.615
3223,nostalgic,very_low,45,evening,special_memory,dating,4,moderate,true,false,memory_connection,16,Watch Together,watch_together,0.09563,0.635
3224,nostalgic,very_low,5,afternoon,celebration,dating,3,moderate,true,false,memory_connection,22,Little Moments,memory,0.12178,0.751
3225,erotic,low,10,late_night,date_night,new,1,very_high,true,true,intimate_connection,19,Flirty This or That,intimate_activity,0.10323,0.787
3226,happy,high,30,late_night,weekend,dating,4,light,false,false,positive_social,6,Scribble,creative_game,0.10052,0.8
3227,low_energy,high,5,late_night,special_memory,serious,3,light,false,false,gentle_connection,22,Little Moments,memory,0.13583,0.786
3228,celebratory,very_low,10,evening,rough_day,new,1,light,false,false,celebration,23,Cozy Conversation,conversation,0.06507,0.707
3229,sensual,very_low,60,late_night,just_because,dating,2,high,true,true,sensual_connection,18,Truth or Dare,romantic_activity,0.10366,0.694
3230,happy,high,5,afternoon,anniversary,dating,1,light,false,false,positive_social,4,Tic Tac Toe,competitive_game,0.07531,0.635
3231,low_energy,very_high,60,evening,just_because,new,3,light,false,false,gentle_connection,15,Music Mood,watch_together,0.08399,0.585
3232,sensual,very_low,30,afternoon,late_night,new,3,high,true,true,sensual_connection,25,Playful Teasing Cards,intimate_activity,0.10572,0.706
3233,deep,very_high,5,afternoon,normal_day,just_met,3,light,false,false,deep_connection,1,Rapid Fire,question_game,0.07639,0.635
3234,sensual,high,30,morning,holiday,just_met,3,high,true,true,sensual_connection,6,Scribble,creative_game,0.09947,0.72
3235,happy,low,5,evening,just_because,just_met,4,light,false,false,positive_social,1,Rapid Fire,question_game,0.19383,0.75
3236,calm,very_high,20,evening,long_distance,new,2,light,false,false,calm_connection,16,Watch Together,watch_together,0.0707,0.725
3237,celebratory,medium,10,evening,weekend,just_met,1,light,false,false,celebration,3,Trivia Battle,competitive_game,0.11728,0.775
3238,happy,very_low,60,evening,just_because,serious,4,light,false,false,positive_social,16,Watch Together,watch_together,0.17419,0.635
3239,romantic,high,30,late_night,holiday,just_met,3,moderate,true,false,romantic_connection,3,Trivia Battle,competitive_game,0.11122,0.72
3240,nostalgic,medium,15,morning,date_night,long_term,1,moderate,true,false,memory_connection,14,Date Planner,date_activity,0.05013,0.732
3241,energetic,medium,60,morning,date_night,new,5,light,false,false,high_energy_fun,14,Date Planner,date_activity,0.07032,0.7
3242,celebratory,high,30,morning,valentines,dating,3,light,false,false,celebration,18,Truth or Dare,romantic_activity,0.10812,0.811
3243,low_energy,very_low,60,late_night,date_night,new,4,light,false,false,gentle_connection,16,Watch Together,watch_together,0.16041,0.715
3244,deep,medium,20,evening,special_memory,dating,4,light,false,false,deep_connection,22,Little Moments,memory,0.06274,0.743
3245,energetic,low,5,evening,first_date,serious,1,light,false,false,high_energy_fun,1,Rapid Fire,question_game,0.14309,0.69
3246,affectionate,very_low,60,late_night,first_date,dating,4,moderate,true,false,warm_connection,2,This or That,question_game,0.09825,0.59
3247,erotic,high,30,afternoon,reunion,just_met,2,very_high,true,true,intimate_connection,3,Trivia Battle,competitive_game,0.17166,0.66
3248,calm,medium,10,morning,special_memory,new,4,light,false,false,calm_connection,22,Little Moments,memory,0.07832,0.823
3249,playful,medium,30,evening,rough_day,serious,2,light,false,false,playful_social,15,Music Mood,watch_together,0.07071,0.695
3250,romantic,very_high,10,evening,birthday,serious,5,moderate,true,false,romantic_connection,1,Rapid Fire,question_game,0.05596,0.695
3251,romantic,high,10,evening,normal_day,serious,4,moderate,true,false,romantic_connection,14,Date Planner,date_activity,0.05596,0.763
3252,romantic,very_low,20,late_night,celebration,new,2,moderate,true,false,romantic_connection,20,Romantic Q&A,intimate_activity,0.05598,0.739
3253,playful,low,15,afternoon,rough_day,long_term,4,light,false,false,playful_social,16,Watch Together,watch_together,0.05438,0.72
3254,sensual,low,15,afternoon,anniversary,long_term,4,high,true,true,sensual_connection,10,Memory Lane,memory,0.07563,0.768
3255,energetic,very_high,5,late_night,just_because,just_met,3,light,false,false,high_energy_fun,4,Tic Tac Toe,competitive_game,0.16957,0.69
3256,nostalgic,high,30,afternoon,date_night,just_met,3,moderate,true,false,memory_connection,3,Trivia Battle,competitive_game,0.07567,0.66
3257,erotic,low,15,morning,valentines,just_met,5,very_high,true,true,intimate_connection,12,Deep Questions,conversation,0.08832,0.66
3258,celebratory,low,20,afternoon,late_night,serious,1,light,false,false,celebration,6,Scribble,creative_game,0.05775,0.69
3259,calm,very_high,60,late_night,long_distance,dating,1,light,false,false,calm_connection,16,Watch Together,watch_together,0.29912,0.725
3260,low_energy,medium,20,late_night,normal_day,serious,5,light,false,false,gentle_connection,15,Music Mood,watch_together,0.06276,0.715
3261,energetic,high,45,evening,valentines,dating,2,light,false,false,high_energy_fun,6,Scribble,creative_game,0.08115,0.66
3262,playful,very_high,45,morning,anniversary,long_term,3,light,false,false,playful_social,6,Scribble,creative_game,0.08886,0.635
3263,romantic,high,10,late_night,rough_day,new,4,moderate,true,false,romantic_connection,15,Music Mood,watch_together,0.05084,0.67
3264,romantic,very_low,45,afternoon,date_night,new,4,moderate,true,false,romantic_connection,20,Romantic Q&A,intimate_activity,0.1097,0.743
3265,erotic,very_low,60,late_night,holiday,dating,4,very_high,true,true,intimate_connection,19,Flirty This or That,intimate_activity,0.10526,0.658
3266,playful,high,5,late_night,date_night,just_met,3,light,false,false,playful_social,1,Rapid Fire,question_game,0.17182,0.74
3267,nostalgic,medium,5,evening,birthday,long_term,4,moderate,true,false,memory_connection,23,Cozy Conversation,conversation,0.08069,0.763
3268,affectionate,very_low,15,afternoon,first_date,serious,5,moderate,true,false,warm_connection,9,How Well Do You Know Me,question_game,0.0699,0.81
3269,celebratory,low,10,morning,just_because,new,4,light,false,false,celebration,8,Two Truths and a Lie,question_game,0.05188,0.715
3270,celebratory,very_high,5,morning,just_because,dating,2,light,false,false,celebration,24,Date Night Roulette,date_activity,0.08262,0.694
3271,deep,high,60,morning,normal_day,serious,5,light,false,false,deep_connection,16,Watch Together,watch_together,0.13445,0.61
3272,playful,high,20,morning,just_because,new,1,light,false,false,playful_social,8,Two Truths and a Lie,question_game,0.07349,0.715
3273,affectionate,high,60,morning,just_because,dating,1,moderate,true,false,warm_connection,21,Compliment Challenge,romantic_activity,0.06667,0.622
3274,deep,very_high,10,afternoon,date_night,serious,4,light,false,false,deep_connection,13,Future Plans,conversation,0.07464,0.798
3275,deep,high,30,afternoon,holiday,just_met,4,light,false,false,deep_connection,12,Deep Questions,conversation,0.13867,0.69
3276,deep,high,20,afternoon,just_because,long_term,1,light,false,false,deep_connection,13,Future Plans,conversation,0.05973,0.727
3277,celebratory,very_low,45,late_night,special_memory,dating,3,light,false,false,celebration,11,Relationship Timeline,memory,0.11254,0.651
3278,calm,very_high,45,evening,first_date,long_term,2,light,false,false,calm_connection,8,Two Truths and a Lie,question_game,0.09651,0.59
3279,affectionate,low,20,afternoon,special_memory,serious,2,moderate,true,false,warm_connection,11,Relationship Timeline,memory,0.06872,0.744
3280,playful,low,30,morning,holiday,serious,2,light,false,false,playful_social,3,Trivia Battle,competitive_game,0.088,0.75
3281,happy,medium,60,late_night,normal_day,new,4,light,false,false,positive_social,2,This or That,question_game,0.09091,0.66
3282,energetic,high,45,evening,holiday,new,4,light,false,false,high_energy_fun,24,Date Night Roulette,date_activity,0.08169,0.663
3283,nostalgic,medium,15,afternoon,late_night,serious,3,moderate,true,false,memory_connection,20,Romantic Q&A,intimate_activity,0.05823,0.811
3284,low_energy,very_high,15,morning,reunion,just_met,5,light,false,false,gentle_connection,1,Rapid Fire,question_game,0.05775,0.635
3285,relaxed,medium,60,morning,long_distance,serious,3,light,false,false,easy_connection,22,Little Moments,memory,0.11073,0.731
3286,happy,low,5,morning,celebration,just_met,5,light,false,false,positive_social,4,Tic Tac Toe,competitive_game,0.10365,0.635
3287,romantic,very_high,5,afternoon,date_night,just_met,3,moderate,true,false,romantic_connection,1,Rapid Fire,question_game,0.06236,0.635
3288,deep,low,30,morning,birthday,dating,5,light,false,false,deep_connection,24,Date Night Roulette,date_activity,0.07165,0.755
3289,happy,very_high,10,afternoon,just_because,new,3,light,false,false,positive_social,3,Trivia Battle,competitive_game,0.05581,0.715
3290,affectionate,low,10,morning,date_night,new,3,moderate,true,false,warm_connection,20,Romantic Q&A,intimate_activity,0.06803,0.836
3291,romantic,medium,45,evening,valentines,just_met,1,moderate,true,false,romantic_connection,16,Watch Together,watch_together,0.07969,0.635
3292,sensual,low,15,evening,valentines,just_met,2,high,true,true,sensual_connection,12,Deep Questions,conversation,0.09579,0.66
3293,celebratory,very_high,60,evening,rough_day,new,5,light,false,false,celebration,16,Watch Together,watch_together,0.17559,0.645
3294,erotic,low,10,afternoon,birthday,new,4,very_high,true,true,intimate_connection,18,Truth or Dare,romantic_activity,0.06753,0.763
3295,celebratory,high,10,morning,special_memory,long_term,1,light,false,false,celebration,3,Trivia Battle,competitive_game,0.06737,0.74
3296,sensual,very_high,45,afternoon,first_date,new,3,high,true,true,sensual_connection,18,Truth or Dare,romantic_activity,0.10765,0.646
3297,playful,low,30,morning,reunion,dating,5,light,false,false,playful_social,11,Relationship Timeline,memory,0.0713,0.78
3298,celebratory,very_high,30,afternoon,normal_day,just_met,2,light,false,false,celebration,3,Trivia Battle,competitive_game,0.15604,0.715
3299,energetic,high,10,morning,reunion,serious,3,light,false,false,high_energy_fun,3,Trivia Battle,competitive_game,0.06075,0.74
3300,deep,low,5,morning,long_distance,new,5,light,false,false,deep_connection,23,Cozy Conversation,conversation,0.08341,0.8
3301,deep,very_low,30,afternoon,just_because,serious,3,light,false,false,deep_connection,24,Date Night Roulette,date_activity,0.07821,0.706
3302,erotic,very_low,30,afternoon,date_night,serious,4,very_high,true,true,intimate_connection,18,Truth or Dare,romantic_activity,0.1138,0.798
3303,affectionate,very_low,20,evening,anniversary,serious,2,moderate,true,false,warm_connection,23,Cozy Conversation,conversation,0.06222,0.739
3304,deep,high,15,afternoon,celebration,long_term,4,light,false,false,deep_connection,13,Future Plans,conversation,0.05592,0.763
3305,playful,low,45,morning,just_because,long_term,4,light,false,false,playful_social,2,This or That,question_game,0.09329,0.695
3306,erotic,low,5,morning,late_night,long_term,2,very_high,true,true,intimate_connection,23,Cozy Conversation,conversation,0.125,0.824
3307,nostalgic,medium,15,afternoon,birthday,just_met,2,moderate,true,false,memory_connection,1,Rapid Fire,question_game,0.08092,0.695
3308,playful,very_low,15,afternoon,holiday,dating,3,light,false,false,playful_social,6,Scribble,creative_game,0.06897,0.725
3309,playful,medium,10,afternoon,first_date,long_term,1,light,false,false,playful_social,8,Two Truths and a Lie,question_game,0.11178,0.8
3310,low_energy,very_low,30,late_night,reunion,long_term,4,light,false,false,gentle_connection,16,Watch Together,watch_together,0.08605,0.715
3311,deep,high,30,afternoon,valentines,dating,2,light,false,false,deep_connection,18,Truth or Dare,romantic_activity,0.08392,0.719
3312,playful,very_high,30,afternoon,rough_day,dating,3,light,false,false,playful_social,16,Watch Together,watch_together,0.07528,0.645
3313,nostalgic,very_low,30,afternoon,rough_day,just_met,3,moderate,true,false,memory_connection,15,Music Mood,watch_together,0.08468,0.695
3314,energetic,high,5,late_night,reunion,serious,5,light,false,false,high_energy_fun,1,Rapid Fire,question_game,0.09643,0.74
3315,affectionate,low,60,afternoon,late_night,long_term,5,moderate,true,false,warm_connection,23,Cozy Conversation,conversation,0.13937,0.78
3316,playful,medium,60,morning,date_night,dating,4,light,false,false,playful_social,8,Two Truths and a Lie,question_game,0.06748,0.66
3317,low_energy,medium,20,evening,normal_day,long_term,3,light,false,false,gentle_connection,16,Watch Together,watch_together,0.06297,0.715
3318,erotic,medium,45,afternoon,holiday,long_term,2,very_high,true,true,intimate_connection,24,Date Night Roulette,date_activity,0.09585,0.664
3319,calm,high,45,late_night,date_night,serious,2,light,false,false,calm_connection,16,Watch Together,watch_together,0.10368,0.69
3320,nostalgic,medium,20,late_night,date_night,long_term,2,moderate,true,false,memory_connection,11,Relationship Timeline,memory,0.05968,0.739
3321,affectionate,medium,45,evening,first_date,long_term,4,moderate,true,false,warm_connection,9,How Well Do You Know Me,question_game,0.125,0.768
3322,romantic,low,10,evening,normal_day,just_met,5,moderate,true,false,romantic_connection,12,Deep Questions,conversation,0.07246,0.66
3323,sensual,high,10,evening,reunion,new,5,high,true,true,sensual_connection,22,Little Moments,memory,0.08081,0.81
3324,celebratory,medium,10,morning,first_date,new,2,light,false,false,celebration,8,Two Truths and a Lie,question_game,0.08677,0.8
3325,deep,very_low,15,afternoon,late_night,just_met,1,light,false,false,deep_connection,15,Music Mood,watch_together,0.09661,0.695
3326,low_energy,high,20,afternoon,holiday,serious,1,light,false,false,gentle_connection,3,Trivia Battle,competitive_game,0.06928,0.72
3327,relaxed,very_low,15,evening,holiday,just_met,5,light,false,false,easy_connection,16,Watch Together,watch_together,0.09428,0.715
3328,affectionate,low,5,late_night,holiday,dating,1,moderate,true,false,warm_connection,21,Compliment Challenge,romantic_activity,0.10403,0.752
3329,affectionate,very_high,5,morning,rough_day,just_met,5,moderate,true,false,warm_connection,1,Rapid Fire,question_game,0.16466,0.635
3330,calm,low,30,afternoon,date_night,new,3,light,false,false,calm_connection,15,Music Mood,watch_together,0.06884,0.74
3331,playful,very_low,30,afternoon,long_distance,just_met,1,light,false,false,playful_social,16,Watch Together,watch_together,0.1349,0.695
3332,happy,very_high,10,late_night,reunion,just_met,3,light,false,false,positive_social,1,Rapid Fire,question_game,0.09403,0.715
3333,relaxed,very_low,45,late_night,holiday,just_met,4,light,false,false,easy_connection,12,Deep Questions,conversation,0.07441,0.555
3334,romantic,high,15,afternoon,rough_day,long_term,3,moderate,true,false,romantic_connection,23,Cozy Conversation,conversation,0.07087,0.786
3335,celebratory,medium,10,late_night,date_night,new,3,light,false,false,celebration,24,Date Night Roulette,date_activity,0.07159,0.836
3336,energetic,high,45,afternoon,holiday,new,1,light,false,false,high_energy_fun,3,Trivia Battle,competitive_game,0.16295,0.72
3337,affectionate,high,5,morning,celebration,long_term,3,moderate,true,false,warm_connection,21,Compliment Challenge,romantic_activity,0.09053,0.726
3338,playful,high,15,afternoon,anniversary,just_met,4,light,false,false,playful_social,6,Scribble,creative_game,0.09001,0.74
3339,deep,very_low,45,afternoon,reunion,new,4,light,false,false,deep_connection,11,Relationship Timeline,memory,0.13938,0.743
3340,relaxed,very_high,15,late_night,long_distance,just_met,4,light,false,false,easy_connection,2,This or That,question_game,0.07581,0.69
3341,affectionate,medium,30,evening,date_night,long_term,1,moderate,true,false,warm_connection,9,How Well Do You Know Me,question_game,0.06291,0.732
3342,relaxed,very_low,20,evening,holiday,dating,1,light,false,false,easy_connection,23,Cozy Conversation,conversation,0.06543,0.727
3343,energetic,very_low,5,late_night,late_night,long_term,5,light,false,false,high_energy_fun,23,Cozy Conversation,conversation,0.09042,0.755
3344,deep,low,5,afternoon,birthday,long_term,2,light,false,false,deep_connection,1,Rapid Fire,question_game,0.07692,0.67
3345,deep,medium,5,late_night,date_night,new,3,light,false,false,deep_connection,19,Flirty This or That,intimate_activity,0.07525,0.756
3346,erotic,medium,60,afternoon,weekend,serious,5,very_high,true,true,intimate_connection,25,Playful Teasing Cards,intimate_activity,0.10638,0.72
3347,celebratory,very_low,10,evening,holiday,dating,5,light,false,false,celebration,17,Couple Challenge,challenge,0.07422,0.785
3348,affectionate,high,60,afternoon,long_distance,long_term,5,moderate,true,false,warm_connection,16,Watch Together,watch_together,0.14498,0.67
3349,sensual,high,10,afternoon,weekend,serious,3,high,true,true,sensual_connection,19,Flirty This or That,intimate_activity,0.07804,0.751
3350,happy,very_low,30,evening,anniversary,long_term,3,light,false,false,positive_social,3,Trivia Battle,competitive_game,0.06094,0.665
3351,calm,high,45,evening,date_night,just_met,4,light,false,false,calm_connection,15,Music Mood,watch_together,0.13179,0.61
3352,affectionate,medium,60,morning,holiday,just_met,5,moderate,true,false,warm_connection,6,Scribble,creative_game,0.17259,0.615
3353,energetic,very_high,5,evening,celebration,serious,1,light,false,false,high_energy_fun,3,Trivia Battle,competitive_game,0.12104,0.695
3354,low_energy,high,45,morning,birthday,new,4,light,false,false,gentle_connection,3,Trivia Battle,competitive_game,0.07756,0.64
3355,nostalgic,medium,15,afternoon,reunion,just_met,4,moderate,true,false,memory_connection,2,This or That,question_game,0.05489,0.66
3356,playful,very_high,60,late_night,holiday,dating,4,light,false,false,playful_social,6,Scribble,creative_game,0.15321,0.695
3357,relaxed,high,10,late_night,special_memory,new,4,light,false,false,easy_connection,23,Cozy Conversation,conversation,0.05566,0.738
3358,erotic,very_low,15,evening,just_because,just_met,5,very_high,true,true,intimate_connection,2,This or That,question_game,0.09328,0.67
3359,nostalgic,very_high,30,morning,normal_day,new,4,moderate,true,false,memory_connection,10,Memory Lane,memory,0.07294,0.633
3360,sensual,low,30,morning,normal_day,long_term,3,high,true,true,sensual_connection,20,Romantic Q&A,intimate_activity,0.09054,0.696
3361,sensual,high,45,late_night,normal_day,dating,2,high,true,true,sensual_connection,25,Playful Teasing Cards,intimate_activity,0.11531,0.659
3362,erotic,high,5,evening,just_because,just_met,2,very_high,true,true,intimate_connection,1,Rapid Fire,question_game,0.11009,0.72
3363,energetic,medium,20,afternoon,anniversary,just_met,4,light,false,false,high_energy_fun,7,Find the Spy,social_game,0.09126,0.715
3364,energetic,low,5,late_night,reunion,just_met,5,light,false,false,high_energy_fun,3,Trivia Battle,competitive_game,0.08421,0.61
3365,romantic,low,20,late_night,just_because,serious,5,moderate,true,false,romantic_connection,18,Truth or Dare,romantic_activity,0.06397,0.835
3366,erotic,very_low,30,morning,special_memory,long_term,4,very_high,true,true,intimate_connection,10,Memory Lane,memory,0.08222,0.663
3367,nostalgic,high,15,afternoon,weekend,dating,5,moderate,true,false,memory_connection,14,Date Planner,date_activity,0.05494,0.755
3368,happy,high,20,afternoon,late_night,serious,2,light,false,false,positive_social,19,Flirty This or That,intimate_activity,0.05628,0.719
3369,romantic,very_high,45,late_night,long_distance,just_met,3,moderate,true,false,romantic_connection,15,Music Mood,watch_together,0.13933,0.565
3370,low_energy,medium,60,morning,holiday,dating,5,light,false,false,gentle_connection,16,Watch Together,watch_together,0.15589,0.715
3371,playful,high,5,evening,celebration,long_term,4,light,false,false,playful_social,17,Couple Challenge,challenge,0.08738,0.768
3372,erotic,very_low,30,late_night,celebration,serious,1,very_high,true,true,intimate_connection,20,Romantic Q&A,intimate_activity,0.09205,0.647
3373,affectionate,low,60,morning,special_memory,just_met,4,moderate,true,false,warm_connection,16,Watch Together,watch_together,0.18519,0.66
3374,celebratory,very_low,20,afternoon,special_memory,long_term,5,light,false,false,celebration,10,Memory Lane,memory,0.07096,0.755
3375,nostalgic,very_high,5,afternoon,reunion,just_met,5,moderate,true,false,memory_connection,1,Rapid Fire,question_game,0.20707,0.635
3376,sensual,medium,60,afternoon,special_memory,new,4,high,true,true,sensual_connection,22,Little Moments,memory,0.11164,0.743
3377,sensual,very_low,30,late_night,holiday,dating,5,high,true,true,sensual_connection,24,Date Night Roulette,date_activity,0.0962,0.73
3378,relaxed,very_high,15,afternoon,normal_day,new,5,light,false,false,easy_connection,15,Music Mood,watch_together,0.05409,0.665
3379,low_energy,low,5,afternoon,valentines,dating,5,light,false,false,gentle_connection,19,Flirty This or That,intimate_activity,0.0811,0.755
3380,playful,medium,15,late_night,reunion,just_met,4,light,false,false,playful_social,1,Rapid Fire,question_game,0.0811,0.715
3381,playful,very_high,15,late_night,anniversary,just_met,3,light,false,false,playful_social,6,Scribble,creative_game,0.09621,0.715
3382,celebratory,very_high,10,evening,anniversary,long_term,5,light,false,false,celebration,1,Rapid Fire,question_game,0.05487,0.715
3383,deep,low,60,morning,rough_day,new,1,light,false,false,deep_connection,23,Cozy Conversation,conversation,0.15054,0.732
3384,nostalgic,very_low,20,late_night,weekend,just_met,4,moderate,true,false,memory_connection,7,Find the Spy,social_game,0.08561,0.645
3385,low_energy,medium,45,afternoon,celebration,just_met,3,light,false,false,gentle_connection,1,Rapid Fire,question_game,0.09315,0.615
3386,nostalgic,very_high,60,morning,first_date,serious,3,moderate,true,false,memory_connection,11,Relationship Timeline,memory,0.1028,0.621
3387,celebratory,low,60,morning,valentines,just_met,2,light,false,false,celebration,3,Trivia Battle,competitive_game,0.10853,0.61
3388,erotic,very_low,5,late_night,normal_day,long_term,2,very_high,true,true,intimate_connection,25,Playful Teasing Cards,intimate_activity,0.13594,0.714
3389,deep,very_low,20,morning,anniversary,just_met,5,light,false,false,deep_connection,12,Deep Questions,conversation,0.10805,0.715
3390,happy,very_high,45,morning,reunion,new,4,light,false,false,positive_social,17,Couple Challenge,challenge,0.12808,0.743
3391,romantic,very_high,20,afternoon,celebration,dating,3,moderate,true,false,romantic_connection,9,How Well Do You Know Me,question_game,0.05369,0.726
3392,calm,very_low,45,morning,reunion,new,5,light,false,false,calm_connection,22,Little Moments,memory,0.12839,0.755
3393,celebratory,medium,30,afternoon,celebration,serious,3,light,false,false,celebration,18,Truth or Dare,romantic_activity,0.09841,0.836
3394,relaxed,very_high,5,late_night,just_because,long_term,1,light,false,false,easy_connection,22,Little Moments,memory,0.09386,0.677
3395,relaxed,very_low,10,late_night,long_distance,serious,2,light,false,false,easy_connection,10,Memory Lane,memory,0.0758,0.799
3396,happy,very_high,10,morning,anniversary,long_term,1,light,false,false,positive_social,3,Trivia Battle,competitive_game,0.06401,0.715
3397,low_energy,low,20,afternoon,celebration,dating,3,light,false,false,gentle_connection,10,Memory Lane,memory,0.06209,0.776
3398,calm,very_high,20,afternoon,celebration,dating,3,light,false,false,calm_connection,18,Truth or Dare,romantic_activity,0.05601,0.706
3399,low_energy,high,5,morning,date_night,just_met,3,light,false,false,gentle_connection,15,Music Mood,watch_together,0.09057,0.61
3400,low_energy,low,15,afternoon,celebration,dating,2,light,false,false,gentle_connection,10,Memory Lane,memory,0.05734,0.764
3401,happy,very_high,5,afternoon,anniversary,serious,3,light,false,false,positive_social,1,Rapid Fire,question_game,0.0897,0.715
3402,romantic,very_high,15,late_night,long_distance,just_met,2,moderate,true,false,romantic_connection,16,Watch Together,watch_together,0.07415,0.645
3403,low_energy,high,5,afternoon,just_because,dating,2,light,false,false,gentle_connection,22,Little Moments,memory,0.09082,0.714
3404,romantic,medium,5,evening,valentines,new,4,moderate,true,false,romantic_connection,18,Truth or Dare,romantic_activity,0.08058,0.768
3405,erotic,very_low,45,late_night,special_memory,dating,3,very_high,true,true,intimate_connection,22,Little Moments,memory,0.09635,0.651
3406,affectionate,high,60,evening,holiday,long_term,5,moderate,true,false,warm_connection,16,Watch Together,watch_together,0.09581,0.61
3407,calm,very_high,20,late_night,anniversary,long_term,3,light,false,false,calm_connection,22,Little Moments,memory,0.07605,0.761
3408,sensual,high,20,afternoon,anniversary,new,2,high,true,true,sensual_connection,22,Little Moments,memory,0.08062,0.774
3409,relaxed,high,60,late_night,late_night,long_term,5,light,false,false,easy_connection,23,Cozy Conversation,conversation,0.13963,0.73
3410,celebratory,very_low,10,evening,late_night,dating,5,light,false,false,celebration,25,Playful Teasing Cards,intimate_activity,0.05068,0.73
3411,low_energy,low,10,morning,birthday,new,5,light,false,false,gentle_connection,15,Music Mood,watch_together,0.06028,0.74
3412,romantic,low,20,afternoon,normal_day,serious,4,moderate,true,false,romantic_connection,20,Romantic Q&A,intimate_activity,0.06017,0.788
3413,energetic,very_high,30,late_night,date_night,new,3,light,false,false,high_energy_fun,6,Scribble,creative_game,0.08398,0.715
3414,celebratory,very_high,45,afternoon,late_night,long_term,5,light,false,false,celebration,16,Watch Together,watch_together,0.134,0.645
3415,calm,very_high,45,late_night,holiday,serious,5,light,false,false,calm_connection,24,Date Night Roulette,date_activity,0.09254,0.65
3416,sensual,high,20,afternoon,valentines,serious,1,high,true,true,sensual_connection,20,Romantic Q&A,intimate_activity,0.11064,0.762
3417,affectionate,medium,30,afternoon,normal_day,long_term,3,moderate,true,false,warm_connection,22,Little Moments,memory,0.05464,0.671
3418,affectionate,very_low,15,afternoon,late_night,long_term,2,moderate,true,false,warm_connection,10,Memory Lane,memory,0.05237,0.739
3419,celebratory,very_low,10,afternoon,long_distance,just_met,1,light,false,false,celebration,12,Deep Questions,conversation,0.10952,0.695
3420,playful,medium,15,morning,celebration,serious,4,light,false,false,playful_social,1,Rapid Fire,question_game,0.06847,0.775
3421,celebratory,very_low,60,evening,rough_day,new,1,light,false,false,celebration,8,Two Truths and a Lie,question_game,0.07977,0.61
3422,sensual,very_high,5,afternoon,birthday,just_met,1,high,true,true,sensual_connection,1,Rapid Fire,question_game,0.20339,0.695
3423,erotic,very_high,20,evening,date_night,long_term,4,very_high,true,true,intimate_connection,19,Flirty This or That,intimate_activity,0.10671,0.798
3424,celebratory,very_high,30,late_night,celebration,dating,4,light,false,false,celebration,6,Scribble,creative_game,0.11554,0.775
3425,sensual,low,15,morning,valentines,long_term,2,high,true,true,sensual_connection,20,Romantic Q&A,intimate_activity,0.10321,0.824
3426,romantic,low,15,afternoon,normal_day,long_term,4,moderate,true,false,romantic_connection,9,How Well Do You Know Me,question_game,0.05157,0.763
3427,relaxed,very_high,60,morning,late_night,dating,5,light,false,false,easy_connection,25,Playful Teasing Cards,intimate_activity,0.07427,0.65
3428,relaxed,low,30,morning,celebration,dating,4,light,false,false,easy_connection,18,Truth or Dare,romantic_activity,0.07353,0.743
3429,happy,very_low,20,evening,anniversary,just_met,4,light,false,false,positive_social,6,Scribble,creative_game,0.0801,0.665
3430,relaxed,very_low,30,late_night,late_night,dating,4,light,false,false,easy_connection,16,Watch Together,watch_together,0.11043,0.775
3431,erotic,medium,60,morning,birthday,new,3,very_high,true,true,intimate_connection,20,Romantic Q&A,intimate_activity,0.10694,0.671
3432,playful,low,15,afternoon,first_date,new,4,light,false,false,playful_social,6,Scribble,creative_game,0.06032,0.69
3433,calm,high,5,morning,normal_day,serious,4,light,false,false,calm_connection,22,Little Moments,memory,0.09466,0.738
3434,low_energy,low,5,late_night,valentines,just_met,2,light,false,false,gentle_connection,15,Music Mood,watch_together,0.09245,0.66
3435,erotic,very_high,60,afternoon,normal_day,new,3,very_high,true,true,intimate_connection,18,Truth or Dare,romantic_activity,0.10345,0.646
3436,sensual,very_high,30,morning,late_night,new,5,high,true,true,sensual_connection,20,Romantic Q&A,intimate_activity,0.10981,0.705
3437,affectionate,high,5,afternoon,birthday,new,3,moderate,true,false,warm_connection,23,Cozy Conversation,conversation,0.09148,0.726
3438,deep,medium,60,late_night,birthday,long_term,5,light,false,false,deep_connection,16,Watch Together,watch_together,0.09474,0.635
3439,deep,high,20,morning,reunion,long_term,4,light,false,false,deep_connection,17,Couple Challenge,challenge,0.05669,0.768
3440,erotic,low,15,morning,just_because,just_met,4,very_high,true,true,intimate_connection,2,This or That,question_game,0.08419,0.695
3441,playful,very_high,5,late_night,celebration,just_met,5,light,false,false,playful_social,3,Trivia Battle,competitive_game,0.13238,0.695
3442,calm,very_low,20,afternoon,celebration,new,5,light,false,false,calm_connection,10,Memory Lane,memory,0.0581,0.775
3443,playful,medium,15,late_night,anniversary,dating,1,light,false,false,playful_social,1,Rapid Fire,question_game,0.05853,0.715
3444,playful,very_high,60,evening,weekend,just_met,3,light,false,false,playful_social,3,Trivia Battle,competitive_game,0.17067,0.695
3445,sensual,very_low,45,morning,valentines,serious,3,high,true,true,sensual_connection,19,Flirty This or That,intimate_activity,0.1315,0.706
3446,erotic,very_high,20,evening,anniversary,long_term,1,very_high,true,true,intimate_connection,11,Relationship Timeline,memory,0.0803,0.657
3447,happy,high,60,late_night,normal_day,just_met,3,light,false,false,positive_social,16,Watch Together,watch_together,0.2087,0.61
3448,affectionate,very_low,45,evening,valentines,dating,1,moderate,true,false,warm_connection,16,Watch Together,watch_together,0.1296,0.635
3449,happy,low,30,afternoon,date_night,just_met,5,light,false,false,positive_social,3,Trivia Battle,competitive_game,0.1019,0.69
3450,affectionate,very_high,20,late_night,special_memory,new,1,moderate,true,false,warm_connection,22,Little Moments,memory,0.09976,0.737
3451,calm,very_high,30,late_night,celebration,dating,1,light,false,false,calm_connection,15,Music Mood,watch_together,0.09347,0.665
3452,nostalgic,very_high,5,afternoon,long_distance,dating,2,moderate,true,false,memory_connection,23,Cozy Conversation,conversation,0.08411,0.689
3453,calm,very_low,20,evening,rough_day,serious,5,light,false,false,calm_connection,23,Cozy Conversation,conversation,0.09501,0.835
3454,affectionate,low,15,late_night,date_night,new,1,moderate,true,false,warm_connection,23,Cozy Conversation,conversation,0.05115,0.752
3455,celebratory,high,15,evening,holiday,just_met,5,light,false,false,celebration,3,Trivia Battle,competitive_game,0.07744,0.8
3456,happy,high,20,morning,weekend,long_term,5,light,false,false,positive_social,6,Scribble,creative_game,0.07296,0.8
3457,happy,very_high,10,morning,celebration,just_met,5,light,false,false,positive_social,8,Two Truths and a Lie,question_game,0.09714,0.69
3458,playful,very_high,60,evening,holiday,new,1,light,false,false,playful_social,6,Scribble,creative_game,0.18546,0.695
3459,low_energy,low,60,late_night,long_distance,just_met,1,light,false,false,gentle_connection,16,Watch Together,watch_together,0.43046,0.8
3460,deep,very_high,15,morning,valentines,new,4,light,false,false,deep_connection,13,Future Plans,conversation,0.05363,0.738
3461,low_energy,very_low,5,late_night,normal_day,dating,4,light,false,false,gentle_connection,15,Music Mood,watch_together,0.07307,0.635
3462,low_energy,low,10,morning,valentines,new,5,light,false,false,gentle_connection,15,Music Mood,watch_together,0.05621,0.74
3463,low_energy,very_low,20,late_night,birthday,dating,3,light,false,false,gentle_connection,10,Memory Lane,memory,0.0648,0.751
3464,sensual,very_low,60,afternoon,just_because,new,1,high,true,true,sensual_connection,19,Flirty This or That,intimate_activity,0.12371,0.622
3465,playful,medium,20,morning,holiday,long_term,5,light,false,false,playful_social,3,Trivia Battle,competitive_game,0.06755,0.775
3466,affectionate,very_high,15,late_night,just_because,serious,4,moderate,true,false,warm_connection,24,Date Night Roulette,date_activity,0.05231,0.718
3467,romantic,high,10,afternoon,valentines,long_term,4,moderate,true,false,romantic_connection,19,Flirty This or That,intimate_activity,0.05308,0.743
3468,calm,low,5,afternoon,rough_day,serious,1,light,false,false,calm_connection,16,Watch Together,watch_together,0.09164,0.72
3469,deep,very_low,10,evening,reunion,long_term,4,light,false,false,deep_connection,10,Memory Lane,memory,0.08707,0.823
3470,relaxed,very_high,20,morning,valentines,just_met,4,light,false,false,easy_connection,16,Watch Together,watch_together,0.09137,0.665
3471,relaxed,high,10,late_night,holiday,just_met,3,light,false,false,easy_connection,3,Trivia Battle,competitive_game,0.09585,0.72
3472,sensual,very_high,45,morning,celebration,serious,3,high,true,true,sensual_connection,20,Romantic Q&A,intimate_activity,0.10457,0.621
3473,celebratory,very_high,30,morning,normal_day,new,5,light,false,false,celebration,3,Trivia Battle,competitive_game,0.10161,0.715
3474,playful,low,5,afternoon,celebration,just_met,2,light,false,false,playful_social,2,This or That,question_game,0.14873,0.715
3475,happy,very_high,15,evening,date_night,new,4,light,false,false,positive_social,19,Flirty This or That,intimate_activity,0.04965,0.718
3476,celebratory,high,45,evening,anniversary,just_met,5,light,false,false,celebration,16,Watch Together,watch_together,0.15385,0.61
3477,romantic,high,5,morning,late_night,long_term,4,moderate,true,false,romantic_connection,23,Cozy Conversation,conversation,0.09963,0.798
3478,energetic,medium,60,late_night,just_because,dating,3,light,false,false,high_energy_fun,16,Watch Together,watch_together,0.0973,0.635
3479,deep,very_high,10,morning,valentines,dating,5,light,false,false,deep_connection,12,Deep Questions,conversation,0.05573,0.665
3480,deep,medium,15,afternoon,weekend,just_met,1,light,false,false,deep_connection,6,Scribble,creative_game,0.08842,0.695
3481,low_energy,very_high,5,late_night,valentines,dating,5,light,false,false,gentle_connection,23,Cozy Conversation,conversation,0.09485,0.725
3482,deep,medium,20,late_night,date_night,new,5,light,false,false,deep_connection,18,Truth or Dare,romantic_activity,0.05657,0.78
3483,calm,low,5,late_night,late_night,serious,1,light,false,false,calm_connection,15,Music Mood,watch_together,0.08304,0.72
3484,relaxed,high,5,afternoon,special_memory,serious,1,light,false,false,easy_connection,23,Cozy Conversation,conversation,0.09341,0.702
3485,romantic,medium,30,late_night,normal_day,serious,1,moderate,true,false,romantic_connection,18,Truth or Dare,romantic_activity,0.08152,0.752
3486,low_energy,low,60,late_night,just_because,serious,1,light,false,false,gentle_connection,16,Watch Together,watch_together,0.27855,0.74
3487,calm,very_low,15,evening,normal_day,just_met,3,light,false,false,calm_connection,4,Tic Tac Toe,competitive_game,0.06283,0.61
3488,low_energy,very_low,5,late_night,anniversary,just_met,4,light,false,false,gentle_connection,15,Music Mood,watch_together,0.10208,0.635
3489,playful,medium,20,morning,valentines,long_term,4,light,false,false,playful_social,8,Two Truths and a Lie,question_game,0.05594,0.74
3490,calm,low,10,evening,birthday,just_met,2,light,false,false,calm_connection,15,Music Mood,watch_together,0.09193,0.74
3491,calm,medium,20,evening,normal_day,serious,3,light,false,false,calm_connection,15,Music Mood,watch_together,0.05704,0.715
3492,calm,low,5,evening,rough_day,serious,5,light,false,false,calm_connection,23,Cozy Conversation,conversation,0.13649,0.86
3493,sensual,high,5,morning,special_memory,long_term,5,high,true,true,sensual_connection,25,Playful Teasing Cards,intimate_activity,0.10954,0.775
3494,relaxed,medium,60,late_night,late_night,new,4,light,false,false,easy_connection,16,Watch Together,watch_together,0.19965,0.775
3495,playful,very_high,10,afternoon,just_because,dating,5,light,false,false,playful_social,6,Scribble,creative_game,0.06434,0.715
3496,low_energy,very_high,20,late_night,weekend,just_met,3,light,false,false,gentle_connection,15,Music Mood,watch_together,0.09658,0.665
3497,happy,low,10,late_night,holiday,serious,1,light,false,false,positive_social,8,Two Truths and a Lie,question_game,0.06537,0.715
3498,affectionate,very_low,60,morning,late_night,new,2,moderate,true,false,warm_connection,16,Watch Together,watch_together,0.17759,0.695
3499,calm,high,20,afternoon,anniversary,new,2,light,false,false,calm_connection,20,Romantic Q&A,intimate_activity,0.06039,0.774
3500,celebratory,high,10,afternoon,anniversary,long_term,4,light,false,false,celebration,10,Memory Lane,memory,0.0583,0.718
3501,happy,low,60,afternoon,valentines,new,2,light,false,false,positive_social,21,Compliment Challenge,romantic_activity,0.09141,0.664
3502,erotic,high,20,afternoon,birthday,new,4,very_high,true,true,intimate_connection,20,Romantic Q&A,intimate_activity,0.08091,0.738
3503,affectionate,very_high,45,afternoon,anniversary,long_term,3,moderate,true,false,warm_connection,21,Compliment Challenge,romantic_activity,0.1098,0.681
3504,happy,low,10,afternoon,normal_day,long_term,1,light,false,false,positive_social,2,This or That,question_game,0.06637,0.715
3505,happy,very_low,20,afternoon,anniversary,new,5,light,false,false,positive_social,11,Relationship Timeline,memory,0.07244,0.755
3506,romantic,low,15,late_night,celebration,just_met,5,moderate,true,false,romantic_connection,6,Scribble,creative_game,0.07072,0.67
3507,romantic,very_high,5,late_night,valentines,dating,1,moderate,true,false,romantic_connection,18,Truth or Dare,romantic_activity,0.08936,0.682
3508,deep,medium,10,late_night,normal_day,serious,3,light,false,false,deep_connection,12,Deep Questions,conversation,0.0616,0.715
3509,sensual,very_high,30,morning,anniversary,long_term,2,high,true,true,sensual_connection,11,Relationship Timeline,memory,0.10039,0.669
3510,happy,high,60,evening,anniversary,new,2,light,false,false,positive_social,10,Memory Lane,memory,0.09816,0.614
3511,erotic,high,45,afternoon,just_because,new,4,very_high,true,true,intimate_connection,25,Playful Teasing Cards,intimate_activity,0.10584,0.683
3512,energetic,low,10,morning,long_distance,long_term,1,light,false,false,high_energy_fun,6,Scribble,creative_game,0.06175,0.69
3513,relaxed,medium,45,late_night,normal_day,serious,1,light,false,false,easy_connection,16,Watch Together,watch_together,0.25378,0.715
3514,calm,very_low,10,late_night,special_memory,just_met,3,light,false,false,calm_connection,15,Music Mood,watch_together,0.09756,0.715
3515,romantic,very_high,30,evening,date_night,dating,1,moderate,true,false,romantic_connection,20,Romantic Q&A,intimate_activity,0.0648,0.657
3516,happy,high,60,evening,rough_day,just_met,2,light,false,false,positive_social,3,Trivia Battle,competitive_game,0.09772,0.66
3517,deep,very_low,45,late_night,reunion,dating,5,light,false,false,deep_connection,10,Memory Lane,memory,0.15044,0.755
3518,energetic,high,10,evening,late_night,just_met,4,light,false,false,high_energy_fun,4,Tic Tac Toe,competitive_game,0.08375,0.715
3519,happy,very_low,10,late_night,anniversary,long_term,3,light,false,false,positive_social,13,Future Plans,conversation,0.0593,0.706
3520,erotic,high,60,evening,long_distance,just_met,3,very_high,true,true,intimate_connection,16,Watch Together,watch_together,0.23602,0.67
3521,deep,medium,30,late_night,celebration,long_term,2,light,false,false,deep_connection,11,Relationship Timeline,memory,0.07709,0.739
3522,affectionate,very_high,45,late_night,rough_day,long_term,5,moderate,true,false,warm_connection,10,Memory Lane,memory,0.10482,0.705
3523,celebratory,very_low,15,late_night,normal_day,long_term,5,light,false,false,celebration,1,Rapid Fire,question_game,0.05074,0.665
3524,calm,very_low,60,evening,late_night,new,2,light,false,false,calm_connection,15,Music Mood,watch_together,0.11111,0.695
3525,erotic,high,15,afternoon,date_night,new,2,very_high,true,true,intimate_connection,14,Date Planner,date_activity,0.06762,0.719
3526,deep,high,5,afternoon,first_date,new,5,light,false,false,deep_connection,1,Rapid Fire,question_game,0.08427,0.66
3527,nostalgic,very_low,45,morning,valentines,long_term,3,moderate,true,false,memory_connection,10,Memory Lane,memory,0.09625,0.671
3528,calm,low,15,morning,normal_day,just_met,2,light,false,false,calm_connection,16,Watch Together,watch_together,0.10216,0.74
3529,relaxed,low,10,afternoon,holiday,long_term,5,light,false,false,easy_connection,10,Memory Lane,memory,0.05559,0.8
3530,deep,high,15,afternoon,holiday,new,3,light,false,false,deep_connection,14,Date Planner,date_activity,0.05575,0.731
3531,energetic,very_high,45,late_night,first_date,long_term,5,light,false,false,high_energy_fun,7,Find the Spy,social_game,0.11008,0.635
3532,romantic,low,20,late_night,normal_day,dating,5,moderate,true,false,romantic_connection,13,Future Plans,conversation,0.05616,0.775
3533,deep,very_low,20,morning,long_distance,just_met,2,light,false,false,deep_connection,12,Deep Questions,conversation,0.08555,0.775
3534,deep,very_high,45,evening,long_distance,dating,4,light,false,false,deep_connection,9,How Well Do You Know Me,question_game,0.11575,0.718
3535,celebratory,very_high,30,evening,long_distance,just_met,3,light,false,false,celebration,12,Deep Questions,conversation,0.11459,0.645
3536,low_energy,high,30,evening,late_night,serious,2,light,false,false,gentle_connection,3,Trivia Battle,competitive_game,0.05045,0.66
3537,nostalgic,low,5,late_night,date_night,new,4,moderate,true,false,memory_connection,25,Playful Teasing Cards,intimate_activity,0.06497,0.743
3538,happy,very_high,5,afternoon,long_distance,just_met,4,light,false,false,positive_social,2,This or That,question_game,0.15315,0.69
3539,happy,very_low,20,evening,valentines,dating,4,light,false,false,positive_social,19,Flirty This or That,intimate_activity,0.06004,0.718
3540,relaxed,medium,15,late_night,celebration,long_term,4,light,false,false,easy_connection,23,Cozy Conversation,conversation,0.0543,0.763
3541,erotic,medium,20,evening,first_date,new,3,very_high,true,true,intimate_connection,20,Romantic Q&A,intimate_activity,0.08405,0.751
3542,deep,very_low,5,morning,long_distance,long_term,4,light,false,false,deep_connection,10,Memory Lane,memory,0.09042,0.743
3543,erotic,high,60,afternoon,birthday,just_met,3,very_high,true,true,intimate_connection,16,Watch Together,watch_together,0.21818,0.61
3544,relaxed,medium,15,evening,first_date,new,2,light,false,false,easy_connection,12,Deep Questions,conversation,0.05226,0.695
3545,deep,medium,5,late_night,just_because,dating,1,light,false,false,deep_connection,2,This or That,question_game,0.10256,0.72
3546,affectionate,low,30,late_night,just_because,long_term,4,moderate,true,false,warm_connection,24,Date Night Roulette,date_activity,0.07353,0.743
3547,erotic,low,60,evening,holiday,serious,1,very_high,true,true,intimate_connection,14,Date Planner,date_activity,0.09649,0.627
3548,energetic,very_low,10,late_night,anniversary,just_met,5,light,false,false,high_energy_fun,3,Trivia Battle,competitive_game,0.08846,0.665
3549,deep,low,10,late_night,normal_day,new,1,light,false,false,deep_connection,23,Cozy Conversation,conversation,0.05814,0.752
3550,calm,very_low,30,afternoon,normal_day,long_term,3,light,false,false,calm_connection,23,Cozy Conversation,conversation,0.0661,0.671
3551,affectionate,medium,45,morning,late_night,serious,1,moderate,true,false,warm_connection,15,Music Mood,watch_together,0.07025,0.615
3552,energetic,very_high,20,late_night,date_night,dating,3,light,false,false,high_energy_fun,14,Date Planner,date_activity,0.05742,0.706
3553,nostalgic,medium,5,afternoon,valentines,serious,5,moderate,true,false,memory_connection,19,Flirty This or That,intimate_activity,0.08613,0.78
3554,happy,medium,15,morning,reunion,new,3,light,false,false,positive_social,8,Two Truths and a Lie,question_game,0.05245,0.74
3555,relaxed,high,15,morning,late_night,dating,4,light,false,false,easy_connection,15,Music Mood,watch_together,0.0583,0.75
3556,affectionate,very_high,15,morning,just_because,dating,5,moderate,true,false,warm_connection,24,Date Night Roulette,date_activity,0.05231,0.73
3557,erotic,very_high,5,afternoon,celebration,serious,1,very_high,true,true,intimate_connection,19,Flirty This or That,intimate_activity,0.14962,0.702
3558,celebratory,medium,15,afternoon,celebration,just_met,2,light,false,false,celebration,1,Rapid Fire,question_game,0.07814,0.775
3559,calm,very_high,30,afternoon,valentines,long_term,3,light,false,false,calm_connection,20,Romantic Q&A,intimate_activity,0.07222,0.681
3560,happy,high,10,evening,date_night,just_met,2,light,false,false,positive_social,8,Two Truths and a Lie,question_game,0.08476,0.715
3561,sensual,high,45,late_night,reunion,dating,5,high,true,true,sensual_connection,19,Flirty This or That,intimate_activity,0.08882,0.695
3562,calm,very_high,15,morning,celebration,dating,1,light,false,false,calm_connection,6,Scribble,creative_game,0.06742,0.695
3563,relaxed,medium,45,afternoon,anniversary,just_met,5,light,false,false,easy_connection,15,Music Mood,watch_together,0.12279,0.635
3564,sensual,low,60,evening,special_memory,long_term,4,high,true,true,sensual_connection,20,Romantic Q&A,intimate_activity,0.09569,0.708
3565,erotic,medium,5,late_night,date_night,new,2,very_high,true,true,intimate_connection,19,Flirty This or That,intimate_activity,0.13178,0.824
3566,relaxed,very_low,45,evening,rough_day,long_term,4,light,false,false,easy_connection,22,Little Moments,memory,0.1307,0.743
3567,erotic,medium,10,late_night,long_distance,serious,3,very_high,true,true,intimate_connection,18,Truth or Dare,romantic_activity,0.06807,0.776
3568,affectionate,very_low,60,late_night,anniversary,just_met,4,moderate,true,false,warm_connection,16,Watch Together,watch_together,0.18478,0.635
3569,celebratory,low,45,morning,valentines,just_met,5,light,false,false,celebration,8,Two Truths and a Lie,question_game,0.11133,0.635
3570,erotic,very_low,20,afternoon,birthday,new,4,very_high,true,true,intimate_connection,23,Cozy Conversation,conversation,0.07588,0.763
3571,calm,very_high,15,late_night,late_night,long_term,5,light,false,false,calm_connection,15,Music Mood,watch_together,0.05856,0.725
3572,relaxed,low,10,afternoon,reunion,new,2,light,false,false,easy_connection,23,Cozy Conversation,conversation,0.06083,0.764
3573,playful,high,30,morning,date_night,new,2,light,false,false,playful_social,14,Date Planner,date_activity,0.07234,0.719
3574,celebratory,very_low,5,late_night,valentines,dating,5,light,false,false,celebration,19,Flirty This or That,intimate_activity,0.08898,0.73
3575,energetic,very_low,45,evening,special_memory,serious,4,light,false,false,high_energy_fun,22,Little Moments,memory,0.09971,0.663
3576,sensual,medium,5,late_night,long_distance,serious,3,high,true,true,sensual_connection,25,Playful Teasing Cards,intimate_activity,0.11246,0.776
3577,celebratory,very_high,5,morning,holiday,serious,2,light,false,false,celebration,24,Date Night Roulette,date_activity,0.09038,0.694
3578,playful,medium,30,morning,valentines,serious,5,light,false,false,playful_social,18,Truth or Dare,romantic_activity,0.09459,0.86
3579,celebratory,medium,15,late_night,date_night,serious,5,light,false,false,celebration,18,Truth or Dare,romantic_activity,0.06839,0.86
3580,deep,very_high,30,late_night,long_distance,new,5,light,false,false,deep_connection,12,Deep Questions,conversation,0.11312,0.725
3581,romantic,very_low,45,late_night,long_distance,just_met,2,moderate,true,false,romantic_connection,16,Watch Together,watch_together,0.3277,0.695
3582,relaxed,very_low,10,morning,just_because,long_term,1,light,false,false,easy_connection,23,Cozy Conversation,conversation,0.06429,0.727
3583,calm,very_low,30,morning,date_night,long_term,5,light,false,false,calm_connection,18,Truth or Dare,romantic_activity,0.07571,0.73
3584,relaxed,very_low,30,afternoon,holiday,just_met,4,light,false,false,easy_connection,15,Music Mood,watch_together,0.14711,0.715
3585,relaxed,high,45,morning,holiday,just_met,1,light,false,false,easy_connection,3,Trivia Battle,competitive_game,0.16094,0.64
3586,romantic,low,20,afternoon,late_night,long_term,2,moderate,true,false,romantic_connection,23,Cozy Conversation,conversation,0.07098,0.824
3587,celebratory,low,10,evening,just_because,long_term,4,light,false,false,celebration,17,Couple Challenge,challenge,0.05435,0.738
3588,celebratory,high,5,afternoon,rough_day,dating,1,light,false,false,celebration,23,Cozy Conversation,conversation,0.0963,0.682
3589,calm,high,30,late_night,holiday,long_term,2,light,false,false,calm_connection,12,Deep Questions,conversation,0.06846,0.69
3590,affectionate,medium,15,late_night,normal_day,serious,4,moderate,true,false,warm_connection,22,Little Moments,memory,0.05871,0.763
3591,playful,low,60,afternoon,first_date,dating,3,light,false,false,playful_social,8,Two Truths and a Lie,question_game,0.18454,0.695
3592,happy,medium,20,morning,valentines,new,1,light,false,false,positive_social,14,Date Planner,date_activity,0.05828,0.732
3593,celebratory,very_high,45,afternoon,weekend,dating,3,light,false,false,celebration,24,Date Night Roulette,date_activity,0.13456,0.706
3594,deep,medium,30,afternoon,first_date,just_met,3,light,false,false,deep_connection,12,Deep Questions,conversation,0.18802,0.775
3595,energetic,very_low,45,morning,special_memory,new,2,light,false,false,high_energy_fun,3,Trivia Battle,competitive_game,0.07368,0.585
3596,erotic,medium,60,morning,anniversary,serious,5,very_high,true,true,intimate_connection,11,Relationship Timeline,memory,0.08486,0.675
3597,playful,medium,45,late_night,holiday,long_term,5,light,false,false,playful_social,6,Scribble,creative_game,0.10985,0.695
3598,happy,very_high,45,late_night,just_because,serious,5,light,false,false,positive_social,2,This or That,question_game,0.09231,0.67
3599,happy,low,10,evening,special_memory,dating,3,light,false,false,positive_social,22,Little Moments,memory,0.06989,0.756
3600,deep,medium,20,late_night,late_night,dating,1,light,false,false,deep_connection,10,Memory Lane,memory,0.05312,0.727
3601,affectionate,high,45,late_night,birthday,just_met,1,moderate,true,false,warm_connection,6,Scribble,creative_game,0.19182,0.64
3602,romantic,very_high,15,late_night,anniversary,serious,5,moderate,true,false,romantic_connection,21,Compliment Challenge,romantic_activity,0.06104,0.785
3603,playful,medium,30,late_night,valentines,serious,2,light,false,false,playful_social,6,Scribble,creative_game,0.06865,0.715
3604,sensual,low,45,late_night,anniversary,just_met,5,high,true,true,sensual_connection,16,Watch Together,watch_together,0.11927,0.66
3605,nostalgic,low,45,morning,date_night,long_term,1,moderate,true,false,memory_connection,11,Relationship Timeline,memory,0.09476,0.672
3606,calm,medium,45,afternoon,holiday,new,2,light,false,false,calm_connection,16,Watch Together,watch_together,0.11677,0.715
3607,playful,high,60,evening,first_date,long_term,3,light,false,false,playful_social,1,Rapid Fire,question_game,0.11765,0.66
3608,deep,very_high,10,late_night,special_memory,serious,1,light,false,false,deep_connection,11,Relationship Timeline,memory,0.06071,0.657
3609,affectionate,medium,15,late_night,holiday,serious,3,moderate,true,false,warm_connection,24,Date Night Roulette,date_activity,0.05663,0.756
3610,sensual,very_low,15,evening,weekend,dating,1,high,true,true,sensual_connection,24,Date Night Roulette,date_activity,0.07018,0.682
3611,energetic,medium,45,morning,long_distance,just_met,4,light,false,false,high_energy_fun,16,Watch Together,watch_together,0.17734,0.695
3612,happy,low,10,morning,weekend,just_met,4,light,false,false,positive_social,8,Two Truths and a Lie,question_game,0.08796,0.715
3613,playful,medium,5,afternoon,special_memory,dating,3,light,false,false,playful_social,1,Rapid Fire,question_game,0.08348,0.715
3614,relaxed,very_low,45,evening,holiday,long_term,2,light,false,false,easy_connection,23,Cozy Conversation,conversation,0.09022,0.659
3615,erotic,high,15,morning,rough_day,new,5,very_high,true,true,intimate_connection,25,Playful Teasing Cards,intimate_activity,0.07603,0.775
3616,romantic,very_high,20,evening,celebration,new,2,moderate,true,false,romantic_connection,6,Scribble,creative_game,0.05782,0.695
3617,happy,low,20,evening,just_because,just_met,5,light,false,false,positive_social,12,Deep Questions,conversation,0.07975,0.66
3618,celebratory,high,45,afternoon,first_date,long_term,2,light,false,false,celebration,3,Trivia Battle,competitive_game,0.10309,0.66
3619,energetic,high,5,late_night,long_distance,serious,4,light,false,false,high_energy_fun,6,Scribble,creative_game,0.05747,0.66
3620,happy,low,15,late_night,just_because,new,3,light,false,false,positive_social,2,This or That,question_game,0.0586,0.775
3621,happy,low,60,afternoon,date_night,new,3,light,false,false,positive_social,18,Truth or Dare,romantic_activity,0.0776,0.651
3622,nostalgic,very_low,5,afternoon,rough_day,serious,4,moderate,true,false,memory_connection,23,Cozy Conversation,conversation,0.14424,0.823
3623,relaxed,high,15,morning,first_date,serious,4,light,false,false,easy_connection,15,Music Mood,watch_together,0.0586,0.69
3624,calm,low,45,evening,birthday,serious,1,light,false,false,calm_connection,16,Watch Together,watch_together,0.19095,0.74
3625,happy,very_high,10,afternoon,anniversary,dating,1,light,false,false,positive_social,3,Trivia Battle,competitive_game,0.06401,0.715
3626,relaxed,medium,20,evening,date_night,serious,1,light,false,false,easy_connection,15,Music Mood,watch_together,0.05821,0.715
3627,relaxed,low,20,afternoon,long_distance,new,1,light,false,false,easy_connection,10,Memory Lane,memory,0.07572,0.812
3628,erotic,medium,45,late_night,just_because,long_term,3,very_high,true,true,intimate_connection,19,Flirty This or That,intimate_activity,0.10305,0.696
3629,erotic,low,45,afternoon,reunion,serious,4,very_high,true,true,intimate_connection,10,Memory Lane,memory,0.084,0.688
3630,deep,very_low,15,morning,normal_day,new,5,light,false,false,deep_connection,10,Memory Lane,memory,0.06624,0.775
3631,romantic,medium,15,morning,rough_day,new,3,moderate,true,false,romantic_connection,15,Music Mood,watch_together,0.04958,0.695
3632,low_energy,medium,30,late_night,reunion,new,2,light,false,false,gentle_connection,15,Music Mood,watch_together,0.07348,0.715
3633,nostalgic,low,30,morning,birthday,serious,2,moderate,true,false,memory_connection,10,Memory Lane,memory,0.06682,0.684
3634,playful,medium,15,evening,long_distance,just_met,3,light,false,false,playful_social,6,Scribble,creative_game,0.08124,0.715
3635,deep,very_high,60,afternoon,date_night,dating,1,light,false,false,deep_connection,13,Future Plans,conversation,0.17455,0.682
3636,sensual,very_high,20,late_night,late_night,dating,2,high,true,true,sensual_connection,19,Flirty This or That,intimate_activity,0.11161,0.774
3637,sensual,very_low,15,morning,late_night,dating,3,high,true,true,sensual_connection,19,Flirty This or That,intimate_activity,0.10367,0.786
3638,energetic,high,20,morning,weekend,new,1,light,false,false,high_energy_fun,17,Couple Challenge,challenge,0.09029,0.812
3639,erotic,medium,30,morning,normal_day,just_met,5,very_high,true,true,intimate_connection,5,Connect Four,competitive_game,0.10897,0.66
3640,affectionate,very_low,15,afternoon,late_night,just_met,3,moderate,true,false,warm_connection,16,Watch Together,watch_together,0.09081,0.695
3641,playful,medium,10,late_night,reunion,long_term,4,light,false,false,playful_social,17,Couple Challenge,challenge,0.06437,0.823
3642,playful,very_low,20,morning,weekend,serious,1,light,false,false,playful_social,6,Scribble,creative_game,0.08953,0.725
3643,low_energy,high,45,evening,long_distance,dating,2,light,false,false,gentle_connection,15,Music Mood,watch_together,0.11148,0.67
3644,energetic,very_low,20,morning,date_night,serious,5,light,false,false,high_energy_fun,20,Romantic Q&A,intimate_activity,0.05297,0.755
3645,affectionate,very_low,15,evening,date_night,new,1,moderate,true,false,warm_connection,9,How Well Do You Know Me,question_game,0.06223,0.762
3646,happy,low,10,morning,date_night,long_term,4,light,false,false,positive_social,8,Two Truths and a Lie,question_game,0.04973,0.715
3647,low_energy,medium,45,morning,celebration,dating,2,light,false,false,gentle_connection,16,Watch Together,watch_together,0.12888,0.715
3648,sensual,very_low,5,evening,special_memory,new,1,high,true,true,sensual_connection,19,Flirty This or That,intimate_activity,0.12281,0.702
3649,energetic,very_low,5,evening,first_date,dating,3,light,false,false,high_energy_fun,4,Tic Tac Toe,competitive_game,0.11927,0.69
3650,celebratory,low,5,morning,holiday,serious,4,light,false,false,celebration,6,Scribble,creative_game,0.06545,0.67
3651,affectionate,very_high,10,afternoon,date_night,new,3,moderate,true,false,warm_connection,9,How Well Do You Know Me,question_game,0.06897,0.786
3652,calm,low,60,afternoon,date_night,new,1,light,false,false,calm_connection,20,Romantic Q&A,intimate_activity,0.11601,0.732
3653,romantic,very_low,5,morning,holiday,just_met,1,moderate,true,false,romantic_connection,3,Trivia Battle,competitive_game,0.10458,0.565
3654,deep,very_high,15,afternoon,anniversary,long_term,1,light,false,false,deep_connection,10,Memory Lane,memory,0.08446,0.737
3655,low_energy,low,15,afternoon,weekend,serious,1,light,false,false,gentle_connection,10,Memory Lane,memory,0.05284,0.752
3656,romantic,low,45,evening,valentines,serious,3,moderate,true,false,romantic_connection,18,Truth or Dare,romantic_activity,0.11186,0.731
3657,affectionate,medium,10,late_night,birthday,dating,5,moderate,true,false,warm_connection,23,Cozy Conversation,conversation,0.05625,0.775
3658,erotic,very_low,10,evening,late_night,long_term,4,very_high,true,true,intimate_connection,19,Flirty This or That,intimate_activity,0.11135,0.798
3659,deep,low,45,morning,rough_day,long_term,3,light,false,false,deep_connection,16,Watch Together,watch_together,0.13375,0.72
3660,erotic,high,45,late_night,celebration,new,3,very_high,true,true,intimate_connection,17,Couple Challenge,challenge,0.10522,0.676
3661,nostalgic,medium,10,late_night,holiday,new,3,moderate,true,false,memory_connection,22,Little Moments,memory,0.06205,0.751
3662,erotic,very_low,15,afternoon,long_distance,serious,3,very_high,true,true,intimate_connection,10,Memory Lane,memory,0.06915,0.731
3663,celebratory,very_low,15,late_night,special_memory,serious,2,light,false,false,celebration,11,Relationship Timeline,memory,0.06524,0.719
3664,affectionate,very_high,5,late_night,long_distance,dating,1,moderate,true,false,warm_connection,22,Little Moments,memory,0.1365,0.737
3665,erotic,medium,10,afternoon,long_distance,long_term,3,very_high,true,true,intimate_connection,20,Romantic Q&A,intimate_activity,0.0953,0.811
3666,energetic,medium,60,late_night,long_distance,dating,2,light,false,false,high_energy_fun,1,Rapid Fire,question_game,0.07006,0.635
3667,nostalgic,very_high,45,late_night,date_night,long_term,5,moderate,true,false,memory_connection,18,Truth or Dare,romantic_activity,0.08009,0.65
3668,sensual,low,10,evening,anniversary,serious,4,high,true,true,sensual_connection,19,Flirty This or That,intimate_activity,0.0747,0.763
3669,romantic,medium,5,evening,reunion,just_met,2,moderate,true,false,romantic_connection,1,Rapid Fire,question_game,0.10757,0.635
3670,low_energy,high,10,afternoon,valentines,dating,2,light,false,false,gentle_connection,19,Flirty This or That,intimate_activity,0.05446,0.719
3671,deep,high,30,evening,weekend,serious,2,light,false,false,deep_connection,6,Scribble,creative_game,0.07631,0.72
3672,happy,high,60,morning,long_distance,long_term,2,light,false,false,positive_social,16,Watch Together,watch_together,0.16993,0.67
3673,energetic,very_high,45,afternoon,late_night,long_term,5,light,false,false,high_energy_fun,17,Couple Challenge,challenge,0.09308,0.695
3674,playful,high,5,evening,holiday,new,5,light,false,false,playful_social,1,Rapid Fire,question_game,0.09615,0.74
3675,relaxed,very_high,45,afternoon,rough_day,serious,1,light,false,false,easy_connection,16,Watch Together,watch_together,0.27053,0.725
3676,happy,high,60,afternoon,reunion,new,4,light,false,false,positive_social,17,Couple Challenge,challenge,0.12848,0.768
3677,sensual,low,60,morning,first_date,dating,5,high,true,true,sensual_connection,25,Playful Teasing Cards,intimate_activity,0.12587,0.695
3678,energetic,very_high,45,morning,weekend,new,4,light,false,false,high_energy_fun,7,Find the Spy,social_game,0.1307,0.695
3679,celebratory,low,5,afternoon,first_date,dating,4,light,false,false,celebration,4,Tic Tac Toe,competitive_game,0.0721,0.635
3680,celebratory,medium,60,late_night,long_distance,new,3,light,false,false,celebration,8,Two Truths and a Lie,question_game,0.06472,0.66
3681,romantic,very_high,60,afternoon,long_distance,dating,3,moderate,true,false,romantic_connection,20,Romantic Q&A,intimate_activity,0.10766,0.681
3682,affectionate,low,30,morning,reunion,new,5,moderate,true,false,warm_connection,24,Date Night Roulette,date_activity,0.06929,0.755
3683,celebratory,medium,5,afternoon,long_distance,long_term,3,light,false,false,celebration,2,This or That,question_game,0.05376,0.66
3684,low_energy,very_low,45,morning,date_night,serious,4,light,false,false,gentle_connection,15,Music Mood,watch_together,0.07766,0.635
3685,celebratory,high,5,late_night,reunion,just_met,4,light,false,false,celebration,3,Trivia Battle,competitive_game,0.09363,0.66
3686,nostalgic,low,10,evening,anniversary,long_term,1,moderate,true,false,memory_connection,10,Memory Lane,memory,0.09831,0.812
3687,relaxed,very_low,10,evening,special_memory,long_term,1,light,false,false,easy_connection,10,Memory Lane,memory,0.09548,0.787
3688,erotic,low,30,evening,rough_day,long_term,1,very_high,true,true,intimate_connection,19,Flirty This or That,intimate_activity,0.06817,0.647
3689,playful,low,10,afternoon,birthday,dating,2,light,false,false,playful_social,3,Trivia Battle,competitive_game,0.06452,0.75
3690,low_energy,high,60,late_night,celebration,new,3,light,false,false,gentle_connection,23,Cozy Conversation,conversation,0.09249,0.646
3691,playful,medium,5,evening,first_date,just_met,1,light,false,false,playful_social,4,Tic Tac Toe,competitive_game,0.1049,0.66
3692,energetic,very_high,10,morning,first_date,dating,5,light,false,false,high_energy_fun,1,Rapid Fire,question_game,0.08034,0.715
3693,relaxed,very_low,15,morning,special_memory,just_met,1,light,false,false,easy_connection,15,Music Mood,watch_together,0.0795,0.715
3694,low_energy,low,5,afternoon,weekend,long_term,4,light,false,false,gentle_connection,21,Compliment Challenge,romantic_activity,0.0546,0.708
3695,playful,high,30,morning,rough_day,just_met,5,light,false,false,playful_social,15,Music Mood,watch_together,0.11876,0.67
3696,affectionate,medium,10,morning,holiday,new,3,moderate,true,false,warm_connection,21,Compliment Challenge,romantic_activity,0.05575,0.751
3697,sensual,medium,15,evening,just_because,new,1,high,true,true,sensual_connection,18,Truth or Dare,romantic_activity,0.08053,0.812
3698,affectionate,very_low,20,morning,rough_day,serious,5,moderate,true,false,warm_connection,15,Music Mood,watch_together,0.06243,0.695
3699,playful,high,60,morning,anniversary,long_term,4,light,false,false,playful_social,1,Rapid Fire,question_game,0.08143,0.66
3700,calm,high,5,morning,special_memory,serious,1,light,false,false,calm_connection,22,Little Moments,memory,0.14497,0.762
3701,romantic,very_low,30,evening,just_because,just_met,2,moderate,true,false,romantic_connection,12,Deep Questions,conversation,0.09812,0.635
3702,energetic,very_low,10,morning,birthday,just_met,1,light,false,false,high_energy_fun,1,Rapid Fire,question_game,0.13592,0.725
3703,nostalgic,high,60,evening,valentines,new,4,moderate,true,false,memory_connection,16,Watch Together,watch_together,0.08362,0.61
3704,playful,very_high,10,late_night,reunion,long_term,3,light,false,false,playful_social,1,Rapid Fire,question_game,0.0616,0.715
3705,deep,high,10,morning,anniversary,long_term,1,light,false,false,deep_connection,10,Memory Lane,memory,0.08453,0.762
3706,low_energy,high,15,morning,celebration,serious,1,light,false,false,gentle_connection,15,Music Mood,watch_together,0.06215,0.69
3707,deep,low,10,afternoon,first_date,dating,3,light,false,false,deep_connection,10,Memory Lane,memory,0.05997,0.776
3708,playful,low,5,evening,anniversary,dating,1,light,false,false,playful_social,1,Rapid Fire,question_game,0.09944,0.69
3709,low_energy,high,45,afternoon,long_distance,just_met,4,light,false,false,gentle_connection,15,Music Mood,watch_together,0.19814,0.67
3710,calm,medium,10,evening,date_night,serious,3,light,false,false,calm_connection,23,Cozy Conversation,conversation,0.05176,0.751
3711,happy,low,45,evening,birthday,serious,1,light,false,false,positive_social,8,Two Truths and a Lie,question_game,0.08989,0.635
3712,energetic,very_high,30,evening,weekend,long_term,3,light,false,false,high_energy_fun,6,Scribble,creative_game,0.11904,0.775
3713,celebratory,medium,30,afternoon,normal_day,just_met,3,light,false,false,celebration,3,Trivia Battle,competitive_game,0.12759,0.715
3714,low_energy,medium,20,late_night,valentines,serious,2,light,false,false,gentle_connection,18,Truth or Dare,romantic_activity,0.06241,0.744
3715,erotic,very_high,15,afternoon,holiday,new,4,very_high,true,true,intimate_connection,14,Date Planner,date_activity,0.076,0.718
3716,playful,high,10,late_night,long_distance,new,3,light,false,false,playful_social,6,Scribble,creative_game,0.05931,0.74
3717,happy,medium,20,morning,reunion,just_met,1,light,false,false,positive_social,8,Two Truths and a Lie,question_game,0.11658,0.74
3718,low_energy,medium,5,afternoon,normal_day,serious,5,light,false,false,gentle_connection,2,This or That,question_game,0.06445,0.66
3719,relaxed,low,15,morning,special_memory,long_term,4,light,false,false,easy_connection,23,Cozy Conversation,conversation,0.05851,0.788
3720,playful,very_low,5,late_night,long_distance,long_term,5,light,false,false,playful_social,2,This or That,question_game,0.09082,0.69
3721,deep,very_low,20,afternoon,weekend,new,1,light,false,false,deep_connection,11,Relationship Timeline,memory,0.06111,0.727
3722,romantic,low,30,morning,first_date,dating,2,moderate,true,false,romantic_connection,14,Date Planner,date_activity,0.08741,0.799
3723,romantic,very_high,10,afternoon,date_night,long_term,2,moderate,true,false,romantic_connection,18,Truth or Dare,romantic_activity,0.07213,0.774
3724,nostalgic,medium,20,evening,holiday,new,5,moderate,true,false,memory_connection,10,Memory Lane,memory,0.0639,0.775
3725,celebratory,very_high,30,evening,normal_day,just_met,3,light,false,false,celebration,3,Trivia Battle,competitive_game,0.15604,0.715
3726,sensual,very_high,15,late_night,late_night,just_met,2,high,true,true,sensual_connection,16,Watch Together,watch_together,0.13918,0.645
3727,erotic,very_low,45,morning,just_because,new,3,very_high,true,true,intimate_connection,25,Playful Teasing Cards,intimate_activity,0.10009,0.646
3728,erotic,medium,10,evening,special_memory,serious,2,very_high,true,true,intimate_connection,19,Flirty This or That,intimate_activity,0.0806,0.764
3729,low_energy,very_high,30,afternoon,just_because,just_met,4,light,false,false,gentle_connection,16,Watch Together,watch_together,0.15046,0.665
3730,low_energy,medium,20,morning,late_night,serious,5,light,false,false,gentle_connection,16,Watch Together,watch_together,0.07304,0.775
3731,romantic,very_high,5,morning,normal_day,dating,1,moderate,true,false,romantic_connection,2,This or That,question_game,0.09776,0.61
3732,sensual,medium,10,evening,first_date,long_term,3,high,true,true,sensual_connection,18,Truth or Dare,romantic_activity,0.06855,0.776
3733,romantic,very_high,60,morning,just_because,dating,3,moderate,true,false,romantic_connection,14,Date Planner,date_activity,0.11241,0.706
3734,relaxed,high,15,afternoon,weekend,just_met,2,light,false,false,easy_connection,3,Trivia Battle,competitive_game,0.08832,0.72
3735,nostalgic,very_high,30,afternoon,normal_day,serious,2,moderate,true,false,memory_connection,3,Trivia Battle,competitive_game,0.06756,0.635
3736,energetic,very_high,45,morning,celebration,new,4,light,false,false,high_energy_fun,6,Scribble,creative_game,0.15508,0.695
3737,erotic,very_low,45,afternoon,first_date,new,5,very_high,true,true,intimate_connection,18,Truth or Dare,romantic_activity,0.0962,0.67
3738,sensual,high,15,afternoon,holiday,serious,5,high,true,true,sensual_connection,20,Romantic Q&A,intimate_activity,0.0737,0.75
3739,calm,medium,30,evening,valentines,serious,3,light,false,false,calm_connection,20,Romantic Q&A,intimate_activity,0.0682,0.731
3740,deep,very_low,30,evening,date_night,long_term,1,light,false,false,deep_connection,24,Date Night Roulette,date_activity,0.07553,0.682
3741,celebratory,high,30,morning,rough_day,dating,3,light,false,false,celebration,18,Truth or Dare,romantic_activity,0.07004,0.751
3742,nostalgic,very_high,60,late_night,normal_day,serious,1,moderate,true,false,memory_connection,11,Relationship Timeline,memory,0.15493,0.597
3743,relaxed,medium,20,late_night,anniversary,new,4,light,false,false,easy_connection,13,Future Plans,conversation,0.05961,0.768
3744,calm,high,5,morning,long_distance,dating,2,light,false,false,calm_connection,23,Cozy Conversation,conversation,0.08552,0.714
3745,playful,low,20,morning,birthday,long_term,5,light,false,false,playful_social,6,Scribble,creative_game,0.07259,0.75
3746,calm,low,45,morning,weekend,dating,2,light,false,false,calm_connection,24,Date Night Roulette,date_activity,0.07421,0.639
3747,relaxed,very_high,30,afternoon,celebration,long_term,4,light,false,false,easy_connection,6,Scribble,creative_game,0.08873,0.695
3748,deep,high,60,late_night,holiday,new,3,light,false,false,deep_connection,24,Date Night Roulette,date_activity,0.08429,0.651
3749,erotic,very_low,30,evening,celebration,new,2,very_high,true,true,intimate_connection,25,Playful Teasing Cards,intimate_activity,0.07763,0.634
3750,deep,low,10,evening,weekend,just_met,1,light,false,false,deep_connection,3,Trivia Battle,competitive_game,0.09297,0.67
3751,energetic,low,15,morning,rough_day,dating,3,light,false,false,high_energy_fun,15,Music Mood,watch_together,0.05543,0.72
3752,relaxed,very_high,5,evening,weekend,dating,3,light,false,false,easy_connection,22,Little Moments,memory,0.08431,0.701
3753,celebratory,very_low,20,afternoon,holiday,serious,5,light,false,false,celebration,6,Scribble,creative_game,0.07007,0.725
3754,happy,low,15,afternoon,valentines,serious,1,light,false,false,positive_social,18,Truth or Dare,romantic_activity,0.05738,0.707
3755,erotic,low,10,afternoon,late_night,dating,5,very_high,true,true,intimate_connection,19,Flirty This or That,intimate_activity,0.10453,0.835
3756,romantic,low,60,morning,valentines,long_term,2,moderate,true,false,romantic_connection,21,Compliment Challenge,romantic_activity,0.11283,0.744
3757,affectionate,very_low,15,morning,just_because,new,5,moderate,true,false,warm_connection,22,Little Moments,memory,0.06108,0.775
3758,romantic,very_high,30,morning,reunion,new,1,moderate,true,false,romantic_connection,24,Date Night Roulette,date_activity,0.10493,0.762
3759,romantic,very_high,10,afternoon,normal_day,dating,1,moderate,true,false,romantic_connection,14,Date Planner,date_activity,0.05346,0.702
3760,nostalgic,low,5,evening,celebration,new,5,moderate,true,false,memory_connection,22,Little Moments,memory,0.10902,0.8
3761,relaxed,high,30,afternoon,reunion,just_met,4,light,false,false,easy_connection,15,Music Mood,watch_together,0.11613,0.69
3762,romantic,medium,60,morning,anniversary,just_met,2,moderate,true,false,romantic_connection,16,Watch Together,watch_together,0.15247,0.635
3763,nostalgic,very_low,15,evening,normal_day,new,2,moderate,true,false,memory_connection,10,Memory Lane,memory,0.07461,0.739
3764,playful,very_high,5,morning,late_night,new,2,light,false,false,playful_social,25,Playful Teasing Cards,intimate_activity,0.1071,0.774
3765,celebratory,low,20,late_night,first_date,long_term,1,light,false,false,celebration,8,Two Truths and a Lie,question_game,0.11232,0.775
3766,low_energy,very_low,10,evening,long_distance,just_met,4,light,false,false,gentle_connection,15,Music Mood,watch_together,0.13012,0.775
3767,calm,high,45,evening,rough_day,serious,1,light,false,false,calm_connection,15,Music Mood,watch_together,0.1448,0.67
3768,calm,medium,30,evening,normal_day,serious,5,light,false,false,calm_connection,14,Date Planner,date_activity,0.05637,0.72
3769,erotic,low,10,morning,birthday,dating,2,very_high,true,true,intimate_connection,20,Romantic Q&A,intimate_activity,0.08469,0.764
3770,affectionate,very_low,20,late_night,reunion,long_term,1,moderate,true,false,warm_connection,10,Memory Lane,memory,0.08735,0.787
3771,relaxed,medium,20,evening,holiday,new,4,light,false,false,easy_connection,14,Date Planner,date_activity,0.0622,0.768
3772,sensual,very_low,30,evening,special_memory,dating,2,high,true,true,sensual_connection,10,Memory Lane,memory,0.0804,0.639
3773,sensual,very_low,5,late_night,reunion,serious,4,high,true,true,sensual_connection,21,Compliment Challenge,romantic_activity,0.09472,0.763
3774,calm,very_low,15,afternoon,celebration,serious,4,light,false,false,calm_connection,23,Cozy Conversation,conversation,0.05953,0.763
3775,happy,very_high,10,morning,holiday,dating,4,light,false,false,positive_social,17,Couple Challenge,challenge,0.07586,0.823
3776,relaxed,very_low,60,morning,date_night,new,2,light,false,false,easy_connection,16,Watch Together,watch_together,0.16216,0.715
3777,playful,high,20,late_night,normal_day,serious,4,light,false,false,playful_social,3,Trivia Battle,competitive_game,0.06304,0.74
3778,affectionate,medium,10,afternoon,date_night,new,4,moderate,true,false,warm_connection,9,How Well Do You Know Me,question_game,0.06626,0.848
3779,calm,very_high,10,morning,holiday,new,4,light,false,false,calm_connection,17,Couple Challenge,challenge,0.05749,0.743
3780,nostalgic,medium,45,evening,long_distance,new,4,moderate,true,false,memory_connection,10,Memory Lane,memory,0.12181,0.743
3781,deep,low,30,evening,anniversary,just_met,1,light,false,false,deep_connection,12,Deep Questions,conversation,0.16584,0.74
3782,sensual,low,20,evening,special_memory,new,5,high,true,true,sensual_connection,20,Romantic Q&A,intimate_activity,0.08162,0.8
3783,celebratory,low,60,afternoon,rough_day,just_met,2,light,false,false,celebration,16,Watch Together,watch_together,0.31847,0.72
3784,relaxed,medium,30,late_night,long_distance,long_term,2,light,false,false,easy_connection,15,Music Mood,watch_together,0.09273,0.775
3785,energetic,very_high,45,evening,first_date,serious,5,light,false,false,high_energy_fun,3,Trivia Battle,competitive_game,0.12558,0.635
3786,low_energy,high,20,evening,late_night,just_met,3,light,false,false,gentle_connection,6,Scribble,creative_game,0.06369,0.66
3787,nostalgic,low,5,morning,first_date,dating,1,moderate,true,false,memory_connection,23,Cozy Conversation,conversation,0.09158,0.752
3788,erotic,medium,10,late_night,long_distance,dating,2,very_high,true,true,intimate_connection,19,Flirty This or That,intimate_activity,0.08045,0.764
3789,erotic,low,60,evening,first_date,new,4,very_high,true,true,intimate_connection,20,Romantic Q&A,intimate_activity,0.15038,0.708
3790,deep,medium,15,afternoon,special_memory,new,4,light,false,false,deep_connection,12,Deep Questions,conversation,0.05528,0.715
3791,calm,high,15,late_night,late_night,serious,4,light,false,false,calm_connection,16,Watch Together,watch_together,0.06275,0.75
3792,energetic,very_high,15,late_night,date_night,new,3,light,false,false,high_energy_fun,17,Couple Challenge,challenge,0.05642,0.751
3793,celebratory,medium,45,evening,holiday,just_met,1,light,false,false,celebration,6,Scribble,creative_game,0.18624,0.695
3794,low_energy,low,15,morning,long_distance,long_term,2,light,false,false,gentle_connection,20,Romantic Q&A,intimate_activity,0.06132,0.824
3795,relaxed,medium,20,evening,holiday,just_met,2,light,false,false,easy_connection,16,Watch Together,watch_together,0.08917,0.715
3796,happy,high,60,afternoon,special_memory,serious,4,light,false,false,positive_social,22,Little Moments,memory,0.10738,0.638
3797,romantic,very_high,10,evening,rough_day,just_met,5,moderate,true,false,romantic_connection,15,Music Mood,watch_together,0.07531,0.645
3798,erotic,low,15,evening,holiday,new,1,very_high,true,true,intimate_connection,20,Romantic Q&A,intimate_activity,0.08246,0.752
3799,playful,medium,20,evening,just_because,just_met,2,light,false,false,playful_social,8,Two Truths and a Lie,question_game,0.10194,0.74
3800,affectionate,medium,20,late_night,weekend,just_met,3,moderate,true,false,warm_connection,8,Two Truths and a Lie,question_game,0.06156,0.66
3801,energetic,very_high,20,afternoon,valentines,just_met,5,light,false,false,high_energy_fun,6,Scribble,creative_game,0.10867,0.715
3802,low_energy,very_low,20,morning,anniversary,new,5,light,false,false,gentle_connection,11,Relationship Timeline,memory,0.06728,0.755
3803,playful,medium,20,afternoon,special_memory,new,2,light,false,false,playful_social,22,Little Moments,memory,0.06144,0.719
3804,sensual,low,45,morning,just_because,long_term,3,high,true,true,sensual_connection,18,Truth or Dare,romantic_activity,0.10088,0.731
3805,sensual,high,20,late_night,special_memory,serious,1,high,true,true,sensual_connection,19,Flirty This or That,intimate_activity,0.08336,0.727
3806,relaxed,low,45,afternoon,holiday,long_term,4,light,false,false,easy_connection,16,Watch Together,watch_together,0.1379,0.74
3807,playful,very_low,10,afternoon,normal_day,just_met,5,light,false,false,playful_social,8,Two Truths and a Lie,question_game,0.11765,0.69
3808,deep,low,20,evening,special_memory,long_term,2,light,false,false,deep_connection,10,Memory Lane,memory,0.09313,0.824
3809,erotic,low,20,late_night,celebration,long_term,4,very_high,true,true,intimate_connection,18,Truth or Dare,romantic_activity,0.08837,0.823
3810,erotic,very_high,10,late_night,reunion,just_met,2,very_high,true,true,intimate_connection,1,Rapid Fire,question_game,0.09645,0.635
3811,calm,medium,30,evening,just_because,serious,5,light,false,false,calm_connection,24,Date Night Roulette,date_activity,0.07536,0.78
3812,nostalgic,medium,20,evening,late_night,just_met,1,moderate,true,false,memory_connection,3,Trivia Battle,competitive_game,0.06792,0.635
3813,romantic,medium,30,evening,special_memory,just_met,5,moderate,true,false,romantic_connection,5,Connect Four,competitive_game,0.0749,0.66
3814,calm,very_low,60,morning,first_date,just_met,3,light,false,false,calm_connection,16,Watch Together,watch_together,0.33871,0.715
3815,playful,high,15,morning,weekend,just_met,2,light,false,false,playful_social,8,Two Truths and a Lie,question_game,0.08538,0.715
3816,sensual,very_high,30,morning,birthday,dating,1,high,true,true,sensual_connection,18,Truth or Dare,romantic_activity,0.10853,0.702
3817,happy,medium,10,morning,valentines,serious,4,light,false,false,positive_social,21,Compliment Challenge,romantic_activity,0.05494,0.743
3818,calm,very_low,45,afternoon,holiday,dating,2,light,false,false,calm_connection,24,Date Night Roulette,date_activity,0.08461,0.614
3819,low_energy,very_low,15,afternoon,reunion,dating,4,light,false,false,gentle_connection,22,Little Moments,memory,0.08176,0.823
3820,nostalgic,very_low,10,morning,late_night,just_met,1,moderate,true,false,memory_connection,5,Connect Four,competitive_game,0.06838,0.61
3821,nostalgic,medium,20,evening,reunion,just_met,4,moderate,true,false,memory_connection,5,Connect Four,competitive_game,0.06061,0.66
3822,energetic,very_high,15,morning,first_date,long_term,1,light,false,false,high_energy_fun,1,Rapid Fire,question_game,0.09781,0.715
3823,energetic,very_low,20,afternoon,reunion,just_met,4,light,false,false,high_energy_fun,3,Trivia Battle,competitive_game,0.09447,0.665
3824,calm,very_high,20,late_night,special_memory,long_term,4,light,false,false,calm_connection,10,Memory Lane,memory,0.08606,0.773
3825,celebratory,very_high,20,late_night,reunion,dating,5,light,false,false,celebration,3,Trivia Battle,competitive_game,0.05843,0.715
3826,nostalgic,low,45,afternoon,date_night,serious,1,moderate,true,false,memory_connection,10,Memory Lane,memory,0.08844,0.672
3827,happy,medium,60,morning,valentines,long_term,2,light,false,false,positive_social,16,Watch Together,watch_together,0.09215,0.635
3828,deep,medium,45,morning,late_night,dating,4,light,false,false,deep_connection,23,Cozy Conversation,conversation,0.08926,0.743
3829,sensual,low,30,evening,anniversary,dating,2,high,true,true,sensual_connection,21,Compliment Challenge,romantic_activity,0.07647,0.744
3830,celebratory,very_high,60,afternoon,birthday,new,4,light,false,false,celebration,1,Rapid Fire,question_game,0.1448,0.695
3831,romantic,very_low,20,late_night,valentines,long_term,1,moderate,true,false,romantic_connection,20,Romantic Q&A,intimate_activity,0.08567,0.787
3832,calm,very_high,60,evening,just_because,serious,4,light,false,false,calm_connection,23,Cozy Conversation,conversation,0.08964,0.633
3833,celebratory,low,5,afternoon,normal_day,new,5,light,false,false,celebration,21,Compliment Challenge,romantic_activity,0.06904,0.72
3834,romantic,high,10,late_night,special_memory,serious,4,moderate,true,false,romantic_connection,22,Little Moments,memory,0.0583,0.718
3835,erotic,low,15,evening,first_date,dating,1,very_high,true,true,intimate_connection,20,Romantic Q&A,intimate_activity,0.08876,0.752
3836,romantic,very_high,15,evening,long_distance,just_met,2,moderate,true,false,romantic_connection,12,Deep Questions,conversation,0.07415,0.645
3837,nostalgic,high,60,afternoon,just_because,just_met,5,moderate,true,false,memory_connection,3,Trivia Battle,competitive_game,0.06173,0.58
3838,energetic,low,45,morning,celebration,serious,2,light,false,false,high_energy_fun,6,Scribble,creative_game,0.11392,0.67
3839,sensual,low,20,late_night,reunion,serious,1,high,true,true,sensual_connection,22,Little Moments,memory,0.09038,0.812
3840,erotic,very_high,15,afternoon,valentines,new,4,very_high,true,true,intimate_connection,18,Truth or Dare,romantic_activity,0.0973,0.798
3841,relaxed,low,5,morning,normal_day,serious,1,light,false,false,easy_connection,23,Cozy Conversation,conversation,0.13029,0.752
3842,happy,low,45,evening,date_night,new,3,light,false,false,positive_social,24,Date Night Roulette,date_activity,0.07634,0.651
3843,energetic,low,45,morning,valentines,serious,4,light,false,false,high_energy_fun,21,Compliment Challenge,romantic_activity,0.0631,0.688
3844,playful,very_high,60,late_night,just_because,just_met,5,light,false,false,playful_social,6,Scribble,creative_game,0.1457,0.635
3845,energetic,very_low,20,evening,rough_day,long_term,4,light,false,false,high_energy_fun,15,Music Mood,watch_together,0.06161,0.695
3846,relaxed,high,60,late_night,long_distance,dating,1,light,false,false,easy_connection,15,Music Mood,watch_together,0.14948,0.67
3847,sensual,high,30,afternoon,anniversary,dating,3,high,true,true,sensual_connection,11,Relationship Timeline,memory,0.0955,0.706
3848,celebratory,medium,10,afternoon,just_because,dating,2,light,false,false,celebration,8,Two Truths and a Lie,question_game,0.05435,0.74
3849,relaxed,medium,10,late_night,late_night,new,2,light,false,false,easy_connection,23,Cozy Conversation,conversation,0.07355,0.799
3850,playful,very_high,5,evening,anniversary,long_term,1,light,false,false,playful_social,2,This or That,question_game,0.12325,0.69
3851,calm,medium,20,afternoon,long_distance,just_met,1,light,false,false,calm_connection,15,Music Mood,watch_together,0.13058,0.775
3852,erotic,very_high,5,morning,just_because,dating,1,very_high,true,true,intimate_connection,21,Compliment Challenge,romantic_activity,0.09131,0.677
3853,playful,very_low,5,late_night,rough_day,new,4,light,false,false,playful_social,23,Cozy Conversation,conversation,0.10516,0.743
3854,nostalgic,very_low,10,late_night,valentines,long_term,5,moderate,true,false,memory_connection,18,Truth or Dare,romantic_activity,0.06167,0.73
3855,low_energy,medium,60,late_night,just_because,dating,5,light,false,false,gentle_connection,23,Cozy Conversation,conversation,0.09591,0.695
3856,nostalgic,low,10,evening,birthday,long_term,5,moderate,true,false,memory_connection,24,Date Night Roulette,date_activity,0.05188,0.755
3857,calm,high,5,afternoon,first_date,dating,5,light,false,false,calm_connection,23,Cozy Conversation,conversation,0.09497,0.75
3858,celebratory,very_low,60,evening,long_distance,new,5,light,false,false,celebration,22,Little Moments,memory,0.07098,0.675
3859,low_energy,high,60,evening,celebration,new,2,light,false,false,gentle_connection,16,Watch Together,watch_together,0.16956,0.69
3860,affectionate,very_low,20,afternoon,holiday,serious,4,moderate,true,false,warm_connection,23,Cozy Conversation,conversation,0.06502,0.763
3861,erotic,very_high,10,evening,long_distance,long_term,3,very_high,true,true,intimate_connection,19,Flirty This or That,intimate_activity,0.0852,0.726
3862,celebratory,low,45,late_night,celebration,new,3,light,false,false,celebration,17,Couple Challenge,challenge,0.12549,0.706
3863,erotic,very_low,45,afternoon,normal_day,long_term,4,very_high,true,true,intimate_connection,18,Truth or Dare,romantic_activity,0.09315,0.658
3864,playful,medium,45,late_night,special_memory,just_met,3,light,false,false,playful_social,6,Scribble,creative_game,0.13246,0.635
3865,happy,very_high,60,evening,birthday,new,2,light,false,false,positive_social,6,Scribble,creative_game,0.15341,0.695
3866,playful,high,45,afternoon,rough_day,just_met,2,light,false,false,playful_social,15,Music Mood,watch_together,0.10884,0.59
3867,calm,high,60,afternoon,long_distance,long_term,2,light,false,false,calm_connection,15,Music Mood,watch_together,0.10623,0.67
3868,playful,very_low,5,morning,late_night,just_met,5,light,false,false,playful_social,8,Two Truths and a Lie,question_game,0.08511,0.61
3869,celebratory,low,5,late_night,weekend,just_met,1,light,false,false,celebration,2,This or That,question_game,0.10547,0.635
3870,deep,very_high,5,afternoon,weekend,new,3,light,false,false,deep_connection,2,This or That,question_game,0.05369,0.61
3871,deep,very_low,15,afternoon,late_night,just_met,5,light,false,false,deep_connection,12,Deep Questions,conversation,0.0683,0.715
3872,happy,medium,45,afternoon,celebration,serious,4,light,false,false,positive_social,3,Trivia Battle,competitive_game,0.10245,0.695
3873,affectionate,high,20,afternoon,weekend,just_met,5,moderate,true,false,warm_connection,5,Connect Four,competitive_game,0.05969,0.635
3874,playful,low,10,late_night,weekend,just_met,3,light,false,false,playful_social,1,Rapid Fire,question_game,0.08201,0.69
3875,erotic,very_high,15,late_night,just_because,dating,4,very_high,true,true,intimate_connection,24,Date Night Roulette,date_activity,0.07096,0.718
3876,calm,low,5,morning,normal_day,dating,5,light,false,false,calm_connection,2,This or That,question_game,0.06214,0.635
3877,low_energy,low,5,late_night,reunion,new,5,light,false,false,gentle_connection,23,Cozy Conversation,conversation,0.10101,0.8
3878,nostalgic,medium,10,morning,weekend,long_term,1,moderate,true,false,memory_connection,10,Memory Lane,memory,0.0585,0.727
3879,romantic,high,30,afternoon,reunion,serious,3,moderate,true,false,romantic_connection,10,Memory Lane,memory,0.06887,0.706
3880,erotic,very_low,20,late_night,long_distance,serious,1,very_high,true,true,intimate_connection,25,Playful Teasing Cards,intimate_activity,0.08336,0.702
3881,energetic,high,60,afternoon,celebration,long_term,5,light,false,false,high_energy_fun,6,Scribble,creative_game,0.14925,0.72
3882,affectionate,high,10,late_night,weekend,long_term,3,moderate,true,false,warm_connection,17,Couple Challenge,challenge,0.06112,0.756
3883,sensual,high,60,afternoon,reunion,serious,2,high,true,true,sensual_connection,19,Flirty This or That,intimate_activity,0.09439,0.659
3884,romantic,high,20,late_night,reunion,long_term,5,moderate,true,false,romantic_connection,10,Memory Lane,memory,0.07162,0.81
3885,sensual,low,20,late_night,first_date,serious,3,high,true,true,sensual_connection,20,Romantic Q&A,intimate_activity,0.0889,0.776
3886,nostalgic,very_high,45,morning,reunion,dating,5,moderate,true,false,memory_connection,11,Relationship Timeline,memory,0.15511,0.705
3887,erotic,medium,30,morning,date_night,dating,3,very_high,true,true,intimate_connection,20,Romantic Q&A,intimate_activity,0.09754,0.731
3888,energetic,high,10,late_night,valentines,long_term,4,light,false,false,high_energy_fun,1,Rapid Fire,question_game,0.05811,0.74
3889,happy,very_high,60,afternoon,just_because,long_term,3,light,false,false,positive_social,24,Date Night Roulette,date_activity,0.08669,0.626
3890,nostalgic,very_low,15,morning,just_because,just_met,3,moderate,true,false,memory_connection,2,This or That,question_game,0.07889,0.67
3891,energetic,very_low,60,late_night,valentines,serious,5,light,false,false,high_energy_fun,20,Romantic Q&A,intimate_activity,0.08511,0.675
3892,celebratory,very_low,60,afternoon,late_night,dating,4,light,false,false,celebration,16,Watch Together,watch_together,0.18834,0.695
3893,playful,very_high,30,late_night,first_date,just_met,3,light,false,false,playful_social,8,Two Truths and a Lie,question_game,0.1302,0.67
3894,happy,very_low,60,evening,special_memory,just_met,1,light,false,false,positive_social,2,This or That,question_game,0.1118,0.61
3895,romantic,medium,15,afternoon,weekend,serious,5,moderate,true,false,romantic_connection,13,Future Plans,conversation,0.04785,0.8
3896,energetic,medium,45,late_night,normal_day,new,1,light,false,false,high_energy_fun,7,Find the Spy,social_game,0.11592,0.635
3897,celebratory,low,5,morning,first_date,new,3,light,false,false,celebration,8,Two Truths and a Lie,question_game,0.09946,0.695
3898,playful,very_high,20,morning,reunion,dating,2,light,false,false,playful_social,6,Scribble,creative_game,0.06383,0.715
3899,happy,high,45,evening,date_night,new,2,light,false,false,positive_social,18,Truth or Dare,romantic_activity,0.08153,0.639
3900,affectionate,high,30,afternoon,holiday,just_met,5,moderate,true,false,warm_connection,3,Trivia Battle,competitive_game,0.15491,0.72
3901,romantic,very_low,5,late_night,celebration,new,1,moderate,true,false,romantic_connection,4,Tic Tac Toe,competitive_game,0.07154,0.61
3902,erotic,medium,60,afternoon,just_because,serious,4,very_high,true,true,intimate_connection,18,Truth or Dare,romantic_activity,0.1108,0.768
3903,sensual,very_high,20,evening,anniversary,serious,3,high,true,true,sensual_connection,10,Memory Lane,memory,0.07694,0.681
3904,sensual,medium,20,morning,special_memory,dating,3,high,true,true,sensual_connection,19,Flirty This or That,intimate_activity,0.08066,0.776
3905,low_energy,very_high,15,late_night,celebration,serious,3,light,false,false,gentle_connection,17,Couple Challenge,challenge,0.0608,0.731
3906,relaxed,very_high,20,afternoon,valentines,dating,3,light,false,false,easy_connection,23,Cozy Conversation,conversation,0.05606,0.701
3907,affectionate,medium,15,morning,birthday,serious,4,moderate,true,false,warm_connection,24,Date Night Roulette,date_activity,0.0514,0.768
3908,nostalgic,high,15,afternoon,celebration,dating,5,moderate,true,false,memory_connection,17,Couple Challenge,challenge,0.0602,0.78
3909,deep,very_high,45,afternoon,celebration,dating,5,light,false,false,deep_connection,6,Scribble,creative_game,0.08354,0.615
3910,low_energy,low,60,late_night,holiday,serious,2,light,false,false,gentle_connection,23,Cozy Conversation,conversation,0.10453,0.684
3911,relaxed,medium,30,evening,anniversary,new,1,light,false,false,easy_connection,22,Little Moments,memory,0.06767,0.707
3912,erotic,high,20,evening,weekend,serious,1,very_high,true,true,intimate_connection,14,Date Planner,date_activity,0.07534,0.707
3913,celebratory,medium,10,afternoon,special_memory,serious,5,light,false,false,celebration,17,Couple Challenge,challenge,0.05494,0.775
3914,low_energy,medium,15,afternoon,holiday,serious,5,light,false,false,gentle_connection,10,Memory Lane,memory,0.05219,0.775
3915,nostalgic,very_low,15,morning,special_memory,dating,3,moderate,true,false,memory_connection,23,Cozy Conversation,conversation,0.05337,0.751
3916,calm,very_low,30,afternoon,weekend,dating,4,light,false,false,calm_connection,24,Date Night Roulette,date_activity,0.08131,0.718
3917,sensual,very_low,5,late_night,anniversary,dating,2,high,true,true,sensual_connection,20,Romantic Q&A,intimate_activity,0.10018,0.719
3918,erotic,very_high,60,afternoon,late_night,just_met,4,very_high,true,true,intimate_connection,16,Watch Together,watch_together,0.23967,0.645
3919,sensual,high,10,evening,birthday,dating,1,high,true,true,sensual_connection,25,Playful Teasing Cards,intimate_activity,0.08327,0.727
3920,happy,very_low,20,afternoon,valentines,long_term,3,light,false,false,positive_social,18,Truth or Dare,romantic_activity,0.06709,0.706
3921,happy,low,45,morning,birthday,dating,1,light,false,false,positive_social,6,Scribble,creative_game,0.13965,0.67
3922,nostalgic,very_low,15,afternoon,valentines,new,1,moderate,true,false,memory_connection,20,Romantic Q&A,intimate_activity,0.06792,0.787
3923,energetic,very_high,15,afternoon,holiday,new,4,light,false,false,high_energy_fun,17,Couple Challenge,challenge,0.07995,0.823
3924,erotic,medium,10,morning,special_memory,just_met,1,very_high,true,true,intimate_connection,2,This or That,question_game,0.09479,0.66
3925,low_energy,medium,30,morning,birthday,new,4,light,false,false,gentle_connection,16,Watch Together,watch_together,0.07615,0.715
3926,energetic,medium,10,late_night,holiday,serious,2,light,false,false,high_energy_fun,14,Date Planner,date_activity,0.05862,0.744
3927,calm,very_low,45,morning,weekend,dating,4,light,false,false,calm_connection,16,Watch Together,watch_together,0.13846,0.715
3928,affectionate,very_high,45,evening,valentines,dating,3,moderate,true,false,warm_connection,16,Watch Together,watch_together,0.073,0.585
3929,deep,high,5,morning,late_night,new,3,light,false,false,deep_connection,23,Cozy Conversation,conversation,0.1063,0.786
3930,energetic,medium,15,evening,valentines,new,4,light,false,false,high_energy_fun,1,Rapid Fire,question_game,0.04971,0.715
3931,erotic,high,10,late_night,date_night,long_term,1,very_high,true,true,intimate_connection,20,Romantic Q&A,intimate_activity,0.10155,0.762
3932,affectionate,low,20,evening,long_distance,just_met,2,moderate,true,false,warm_connection,12,Deep Questions,conversation,0.07387,0.72
3933,low_energy,medium,60,late_night,valentines,serious,2,light,false,false,gentle_connection,23,Cozy Conversation,conversation,0.07759,0.659
3934,deep,very_low,10,late_night,normal_day,long_term,3,light,false,false,deep_connection,13,Future Plans,conversation,0.06597,0.726
3935,nostalgic,high,20,afternoon,normal_day,long_term,5,moderate,true,false,memory_connection,3,Trivia Battle,competitive_game,0.04387,0.66
3936,relaxed,very_high,10,morning,late_night,serious,2,light,false,false,easy_connection,23,Cozy Conversation,conversation,0.07746,0.749
3937,affectionate,very_high,30,evening,first_date,serious,4,moderate,true,false,warm_connection,5,Connect Four,competitive_game,0.06757,0.61
3938,deep,medium,5,evening,rough_day,long_term,5,light,false,false,deep_connection,10,Memory Lane,memory,0.07362,0.755
3939,romantic,high,20,afternoon,celebration,just_met,2,moderate,true,false,romantic_connection,1,Rapid Fire,question_game,0.061,0.64
3940,affectionate,medium,60,afternoon,holiday,long_term,5,moderate,true,false,warm_connection,24,Date Night Roulette,date_activity,0.08726,0.7
3941,happy,medium,30,evening,holiday,just_met,3,light,false,false,positive_social,5,Connect Four,competitive_game,0.08126,0.66
3942,happy,low,15,afternoon,long_distance,dating,3,light,false,false,positive_social,10,Memory Lane,memory,0.05344,0.756
3943,low_energy,low,30,afternoon,special_memory,new,1,light,false,false,gentle_connection,16,Watch Together,watch_together,0.10285,0.74
3944,romantic,high,15,evening,reunion,serious,4,moderate,true,false,romantic_connection,10,Memory Lane,memory,0.06625,0.798
3945,celebratory,very_low,5,evening,birthday,long_term,1,light,false,false,celebration,17,Couple Challenge,challenge,0.07831,0.657
3946,low_energy,medium,10,morning,weekend,new,3,light,false,false,gentle_connection,14,Date Planner,date_activity,0.05695,0.756
3947,celebratory,medium,10,morning,just_because,just_met,2,light,false,false,celebration,6,Scribble,creative_game,0.08383,0.715
3948,celebratory,high,20,morning,celebration,just_met,3,light,false,false,celebration,3,Trivia Battle,competitive_game,0.13072,0.8
3949,romantic,very_high,5,late_night,late_night,new,4,moderate,true,false,romantic_connection,20,Romantic Q&A,intimate_activity,0.0766,0.693
3950,calm,very_low,20,afternoon,holiday,new,5,light,false,false,calm_connection,23,Cozy Conversation,conversation,0.06458,0.775
3951,relaxed,low,45,morning,rough_day,just_met,5,light,false,false,easy_connection,15,Music Mood,watch_together,0.20595,0.72
3952,celebratory,low,10,morning,late_night,long_term,2,light,false,false,celebration,23,Cozy Conversation,conversation,0.05344,0.744
3953,playful,medium,20,afternoon,celebration,serious,4,light,false,false,playful_social,18,Truth or Dare,romantic_activity,0.06557,0.848
3954,playful,very_low,15,afternoon,late_night,long_term,4,light,false,false,playful_social,8,Two Truths and a Lie,question_game,0.05304,0.69
3955,energetic,medium,15,morning,valentines,new,1,light,false,false,high_energy_fun,3,Trivia Battle,competitive_game,0.05853,0.715
3956,calm,very_low,5,afternoon,normal_day,new,4,light,false,false,calm_connection,12,Deep Questions,conversation,0.06815,0.635
3957,nostalgic,low,30,late_night,weekend,long_term,1,moderate,true,false,memory_connection,24,Date Night Roulette,date_activity,0.07738,0.707
3958,sensual,medium,45,evening,just_because,just_met,2,high,true,true,sensual_connection,16,Watch Together,watch_together,0.15552,0.635
3959,nostalgic,high,20,late_night,normal_day,new,1,moderate,true,false,memory_connection,11,Relationship Timeline,memory,0.07163,0.702
3960,celebratory,low,15,late_night,celebration,serious,3,light,false,false,celebration,18,Truth or Dare,romantic_activity,0.06613,0.811
3961,playful,very_high,45,afternoon,anniversary,serious,5,light,false,false,playful_social,10,Memory Lane,memory,0.07943,0.625
3962,happy,very_low,10,afternoon,reunion,new,1,light,false,false,positive_social,8,Two Truths and a Lie,question_game,0.06701,0.69
3963,erotic,medium,5,afternoon,anniversary,dating,4,very_high,true,true,intimate_connection,19,Flirty This or That,intimate_activity,0.10484,0.788
3964,nostalgic,medium,10,afternoon,normal_day,just_met,2,moderate,true,false,memory_connection,5,Connect Four,competitive_game,0.07426,0.66
3965,nostalgic,low,15,afternoon,date_night,just_met,5,moderate,true,false,memory_connection,15,Music Mood,watch_together,0.05254,0.66
3966,low_energy,very_low,60,late_night,weekend,just_met,4,light,false,false,gentle_connection,16,Watch Together,watch_together,0.4,0.715
3967,happy,low,30,morning,celebration,serious,2,light,false,false,positive_social,17,Couple Challenge,challenge,0.06867,0.694
3968,celebratory,very_low,20,evening,celebration,serious,4,light,false,false,celebration,3,Trivia Battle,competitive_game,0.07056,0.725
3969,happy,very_low,5,evening,date_night,just_met,3,light,false,false,positive_social,4,Tic Tac Toe,competitive_game,0.13008,0.61
3970,playful,very_low,20,morning,reunion,just_met,4,light,false,false,playful_social,8,Two Truths and a Lie,question_game,0.09944,0.69
3971,nostalgic,medium,60,morning,special_memory,long_term,5,moderate,true,false,memory_connection,11,Relationship Timeline,memory,0.1815,0.755
3972,romantic,low,20,morning,weekend,dating,1,moderate,true,false,romantic_connection,6,Scribble,creative_game,0.0549,0.67
3973,erotic,very_high,60,morning,late_night,dating,3,very_high,true,true,intimate_connection,25,Playful Teasing Cards,intimate_activity,0.1677,0.706
3974,calm,high,30,late_night,date_night,long_term,4,light,false,false,calm_connection,18,Truth or Dare,romantic_activity,0.07435,0.743
3975,relaxed,very_low,30,afternoon,reunion,serious,4,light,false,false,easy_connection,10,Memory Lane,memory,0.08783,0.743
3976,energetic,high,45,morning,rough_day,long_term,5,light,false,false,high_energy_fun,3,Trivia Battle,competitive_game,0.08396,0.66
3977,romantic,high,10,evening,long_distance,just_met,2,moderate,true,false,romantic_connection,1,Rapid Fire,question_game,0.05644,0.66
3978,erotic,high,60,late_night,weekend,new,1,very_high,true,true,intimate_connection,25,Playful Teasing Cards,intimate_activity,0.134,0.647
3979,energetic,low,20,morning,anniversary,long_term,5,light,false,false,high_energy_fun,22,Little Moments,memory,0.05932,0.78
3980,deep,very_low,10,afternoon,anniversary,dating,4,light,false,false,deep_connection,22,Little Moments,memory,0.05953,0.743
3981,deep,medium,60,late_night,just_because,serious,2,light,false,false,deep_connection,13,Future Plans,conversation,0.09174,0.684
3982,affectionate,low,5,evening,celebration,just_met,1,moderate,true,false,warm_connection,3,Trivia Battle,competitive_game,0.08463,0.59
3983,relaxed,very_low,45,evening,date_night,just_met,3,light,false,false,easy_connection,16,Watch Together,watch_together,0.44133,0.715
3984,nostalgic,low,5,late_night,weekend,serious,2,moderate,true,false,memory_connection,21,Compliment Challenge,romantic_activity,0.05693,0.684
3985,relaxed,medium,20,morning,holiday,dating,4,light,false,false,easy_connection,24,Date Night Roulette,date_activity,0.0622,0.768
3986,nostalgic,very_high,20,late_night,just_because,just_met,2,moderate,true,false,memory_connection,6,Scribble,creative_game,0.07563,0.635
3987,nostalgic,low,5,morning,birthday,long_term,2,moderate,true,false,memory_connection,23,Cozy Conversation,conversation,0.09054,0.764
3988,celebratory,low,20,afternoon,rough_day,just_met,3,light,false,false,celebration,8,Two Truths and a Lie,question_game,0.08408,0.715
3989,romantic,low,60,morning,celebration,new,4,moderate,true,false,romantic_connection,21,Compliment Challenge,romantic_activity,0.06601,0.708
3990,relaxed,medium,30,afternoon,birthday,just_met,1,light,false,false,easy_connection,5,Connect Four,competitive_game,0.09559,0.66
3991,happy,high,45,afternoon,late_night,just_met,1,light,false,false,positive_social,6,Scribble,creative_game,0.12097,0.66
3992,romantic,low,30,afternoon,birthday,serious,1,moderate,true,false,romantic_connection,6,Scribble,creative_game,0.08003,0.67
3993,happy,very_low,30,morning,reunion,long_term,4,light,false,false,positive_social,24,Date Night Roulette,date_activity,0.0794,0.718
3994,energetic,medium,45,late_night,weekend,long_term,5,light,false,false,high_energy_fun,7,Find the Spy,social_game,0.09983,0.695
3995,celebratory,high,15,late_night,late_night,long_term,1,light,false,false,celebration,3,Trivia Battle,competitive_game,0.06267,0.74
3996,romantic,very_low,20,morning,first_date,dating,5,moderate,true,false,romantic_connection,10,Memory Lane,memory,0.05353,0.775
3997,erotic,medium,20,evening,weekend,just_met,5,very_high,true,true,intimate_connection,3,Trivia Battle,competitive_game,0.08073,0.695
3998,low_energy,very_low,5,late_night,first_date,serious,2,light,false,false,gentle_connection,22,Little Moments,memory,0.11229,0.739
3999,low_energy,medium,20,afternoon,first_date,serious,2,light,false,false,gentle_connection,23,Cozy Conversation,conversation,0.06255,0.739
4000,romantic,very_high,20,evening,holiday,dating,4,moderate,true,false,romantic_connection,6,Scribble,creative_game,0.05723,0.695
4001,sensual,high,5,late_night,late_night,dating,5,high,true,true,sensual_connection,25,Playful Teasing Cards,intimate_activity,0.14882,0.835
4002,energetic,very_high,30,morning,first_date,long_term,2,light,false,false,high_energy_fun,12,Deep Questions,conversation,0.07654,0.645
4003,sensual,very_high,45,morning,long_distance,long_term,2,high,true,true,sensual_connection,22,Little Moments,memory,0.08942,0.669
4004,playful,low,45,morning,reunion,just_met,4,light,false,false,playful_social,1,Rapid Fire,question_game,0.09785,0.61
4005,calm,low,60,afternoon,first_date,serious,2,light,false,false,calm_connection,2,This or That,question_game,0.09043,0.615
4006,sensual,low,20,morning,special_memory,new,1,high,true,true,sensual_connection,11,Relationship Timeline,memory,0.08412,0.732
4007,nostalgic,medium,15,morning,special_memory,just_met,3,moderate,true,false,memory_connection,2,This or That,question_game,0.09738,0.66
4008,happy,low,20,afternoon,late_night,dating,3,light,false,false,positive_social,20,Romantic Q&A,intimate_activity,0.05842,0.756
4009,erotic,medium,30,afternoon,valentines,serious,2,very_high,true,true,intimate_connection,25,Playful Teasing Cards,intimate_activity,0.10104,0.744
4010,celebratory,very_high,60,morning,date_night,serious,3,light,false,false,celebration,14,Date Planner,date_activity,0.07197,0.626
4011,affectionate,very_high,45,afternoon,date_night,dating,3,moderate,true,false,warm_connection,9,How Well Do You Know Me,question_game,0.10862,0.706
4012,erotic,medium,5,afternoon,valentines,long_term,1,very_high,true,true,intimate_connection,20,Romantic Q&A,intimate_activity,0.11515,0.707
4013,deep,high,60,late_night,just_because,new,1,light,false,false,deep_connection,1,Rapid Fire,question_game,0.09585,0.64
4014,romantic,low,20,morning,first_date,long_term,4,moderate,true,false,romantic_connection,12,Deep Questions,conversation,0.06317,0.72
4015,celebratory,medium,15,evening,first_date,new,5,light,false,false,celebration,8,Two Truths and a Lie,question_game,0.08214,0.8
4016,affectionate,very_low,15,late_night,anniversary,just_met,5,moderate,true,false,warm_connection,12,Deep Questions,conversation,0.08459,0.635
4017,erotic,high,30,late_night,weekend,dating,5,very_high,true,true,intimate_connection,14,Date Planner,date_activity,0.09802,0.755
4018,celebratory,high,45,evening,valentines,long_term,5,light,false,false,celebration,17,Couple Challenge,challenge,0.07717,0.72
4019,low_energy,medium,45,morning,weekend,long_term,5,light,false,false,gentle_connection,15,Music Mood,watch_together,0.06885,0.635
4020,sensual,very_low,20,late_night,celebration,new,3,high,true,true,sensual_connection,25,Playful Teasing Cards,intimate_activity,0.08395,0.726
4021,erotic,very_low,20,late_night,weekend,just_met,1,very_high,true,true,intimate_connection,3,Trivia Battle,competitive_game,0.07724,0.645
4022,affectionate,very_high,20,afternoon,just_because,serious,4,moderate,true,false,warm_connection,9,How Well Do You Know Me,question_game,0.07218,0.798
4023,sensual,low,5,late_night,celebration,new,3,high,true,true,sensual_connection,22,Little Moments,memory,0.09091,0.776
4024,sensual,low,15,afternoon,celebration,new,2,high,true,true,sensual_connection,25,Playful Teasing Cards,intimate_activity,0.07589,0.739
4025,deep,very_low,45,afternoon,special_memory,just_met,4,light,false,false,deep_connection,16,Watch Together,watch_together,0.18557,0.635
4026,affectionate,low,45,afternoon,long_distance,dating,3,moderate,true,false,warm_connection,20,Romantic Q&A,intimate_activity,0.09289,0.756
4027,playful,very_high,5,evening,birthday,dating,2,light,false,false,playful_social,2,This or That,question_game,0.09966,0.69
4028,nostalgic,medium,10,morning,date_night,dating,2,moderate,true,false,memory_connection,18,Truth or Dare,romantic_activity,0.05568,0.744
4029,erotic,medium,5,evening,reunion,serious,3,very_high,true,true,intimate_connection,23,Cozy Conversation,conversation,0.08667,0.751
4030,playful,very_low,45,late_night,celebration,just_met,3,light,false,false,playful_social,3,Trivia Battle,competitive_game,0.15271,0.645
4031,deep,very_low,30,evening,first_date,dating,4,light,false,false,deep_connection,11,Relationship Timeline,memory,0.09308,0.763
4032,celebratory,very_high,30,morning,just_because,new,4,light,false,false,celebration,24,Date Night Roulette,date_activity,0.11289,0.798
4033,deep,low,15,evening,first_date,long_term,1,light,false,false,deep_connection,8,Two Truths and a Lie,question_game,0.07407,0.695
4034,romantic,high,60,morning,celebration,just_met,1,moderate,true,false,romantic_connection,3,Trivia Battle,competitive_game,0.19048,0.64
4035,calm,high,15,evening,date_night,long_term,5,light,false,false,calm_connection,23,Cozy Conversation,conversation,0.04859,0.75
4036,happy,low,10,late_night,long_distance,serious,4,light,false,false,positive_social,15,Music Mood,watch_together,0.05594,0.72
4037,relaxed,very_high,10,afternoon,late_night,dating,2,light,false,false,easy_connection,23,Cozy Conversation,conversation,0.07746,0.749
4038,relaxed,very_low,30,evening,first_date,just_met,5,light,false,false,easy_connection,2,This or That,question_game,0.11425,0.67
4039,affectionate,very_high,45,morning,holiday,long_term,2,moderate,true,false,warm_connection,6,Scribble,creative_game,0.08895,0.615
4040,deep,low,15,afternoon,birthday,just_met,4,light,false,false,deep_connection,1,Rapid Fire,question_game,0.07544,0.67
4041,romantic,very_high,45,afternoon,birthday,serious,2,moderate,true,false,romantic_connection,24,Date Night Roulette,date_activity,0.12356,0.694
4042,deep,very_high,30,afternoon,anniversary,dating,2,light,false,false,deep_connection,10,Memory Lane,memory,0.09314,0.669
4043,playful,very_high,20,late_night,just_because,long_term,3,light,false,false,playful_social,3,Trivia Battle,competitive_game,0.05989,0.715
4044,nostalgic,high,60,evening,special_memory,dating,2,moderate,true,false,memory_connection,11,Relationship Timeline,memory,0.19639,0.694
4045,sensual,very_high,10,late_night,late_night,new,5,high,true,true,sensual_connection,25,Playful Teasing Cards,intimate_activity,0.11206,0.81
4046,happy,high,15,afternoon,valentines,just_met,5,light,false,false,positive_social,2,This or That,question_game,0.07305,0.715
4047,romantic,very_high,45,evening,late_night,dating,4,moderate,true,false,romantic_connection,14,Date Planner,date_activity,0.06485,0.658
4048,happy,low,30,late_night,special_memory,long_term,4,light,false,false,positive_social,10,Memory Lane,memory,0.06892,0.688
4049,affectionate,medium,30,morning,holiday,serious,4,moderate,true,false,warm_connection,24,Date Night Roulette,date_activity,0.08168,0.768
4050,deep,high,5,afternoon,normal_day,just_met,5,light,false,false,deep_connection,12,Deep Questions,conversation,0.14641,0.61
4051,calm,medium,10,late_night,anniversary,dating,3,light,false,false,calm_connection,13,Future Plans,conversation,0.05663,0.756
4052,celebratory,high,45,late_night,weekend,serious,4,light,false,false,celebration,24,Date Night Roulette,date_activity,0.12156,0.743
4053,nostalgic,very_high,30,evening,reunion,just_met,4,moderate,true,false,memory_connection,3,Trivia Battle,competitive_game,0.08439,0.635
4054,energetic,very_low,60,late_night,late_night,just_met,1,light,false,false,high_energy_fun,6,Scribble,creative_game,0.11228,0.585
4055,celebratory,high,5,morning,normal_day,new,5,light,false,false,celebration,1,Rapid Fire,question_game,0.10843,0.74
4056,sensual,high,5,evening,long_distance,serious,3,high,true,true,sensual_connection,25,Playful Teasing Cards,intimate_activity,0.11567,0.751
4057,sensual,medium,5,evening,first_date,long_term,5,high,true,true,sensual_connection,25,Playful Teasing Cards,intimate_activity,0.13111,0.8
4058,happy,very_low,20,late_night,celebration,dating,3,light,false,false,positive_social,6,Scribble,creative_game,0.06811,0.725
4059,sensual,low,10,evening,rough_day,new,3,high,true,true,sensual_connection,22,Little Moments,memory,0.08621,0.836
4060,low_energy,high,30,evening,normal_day,dating,3,light,false,false,gentle_connection,3,Trivia Battle,competitive_game,0.06065,0.66
4061,happy,medium,60,late_night,long_distance,long_term,2,light,false,false,positive_social,8,Two Truths and a Lie,question_game,0.07576,0.66
4062,deep,very_low,10,evening,just_because,new,5,light,false,false,deep_connection,10,Memory Lane,memory,0.06399,0.775
4063,energetic,very_high,30,afternoon,just_because,dating,4,light,false,false,high_energy_fun,3,Trivia Battle,competitive_game,0.09724,0.715
4064,happy,low,15,morning,holiday,new,5,light,false,false,positive_social,6,Scribble,creative_game,0.05943,0.75
4065,sensual,high,20,afternoon,special_memory,serious,3,high,true,true,sensual_connection,25,Playful Teasing Cards,intimate_activity,0.08117,0.751
4066,erotic,very_low,45,late_night,special_memory,new,5,very_high,true,true,intimate_connection,22,Little Moments,memory,0.09635,0.675
4067,celebratory,low,60,late_night,holiday,long_term,1,light,false,false,celebration,24,Date Night Roulette,date_activity,0.12827,0.707
4068,affectionate,medium,30,evening,anniversary,just_met,1,moderate,true,false,warm_connection,5,Connect Four,competitive_game,0.11097,0.66
4069,playful,low,20,late_night,late_night,dating,1,light,false,false,playful_social,15,Music Mood,watch_together,0.05753,0.72
4070,celebratory,low,5,evening,celebration,long_term,3,light,false,false,celebration,1,Rapid Fire,question_game,0.10547,0.75
4071,sensual,high,20,evening,weekend,serious,4,high,true,true,sensual_connection,19,Flirty This or That,intimate_activity,0.07935,0.763
4072,affectionate,high,15,late_night,date_night,just_met,2,moderate,true,false,warm_connection,6,Scribble,creative_game,0.0546,0.66
4073,affectionate,medium,15,evening,anniversary,long_term,3,moderate,true,false,warm_connection,22,Little Moments,memory,0.07298,0.811
4074,erotic,very_high,20,afternoon,anniversary,just_met,5,very_high,true,true,intimate_connection,3,Trivia Battle,competitive_game,0.12591,0.635
4075,romantic,low,10,evening,reunion,serious,1,moderate,true,false,romantic_connection,24,Date Night Roulette,date_activity,0.06421,0.787
4076,sensual,very_low,20,afternoon,holiday,just_met,4,high,true,true,sensual_connection,3,Trivia Battle,competitive_game,0.09059,0.645
4077,calm,high,20,late_night,date_night,serious,2,light,false,false,calm_connection,14,Date Planner,date_activity,0.0562,0.719
4078,relaxed,high,30,evening,rough_day,just_met,5,light,false,false,easy_connection,3,Trivia Battle,competitive_game,0.08584,0.66
4079,nostalgic,very_high,20,late_night,birthday,serious,3,moderate,true,false,memory_connection,22,Little Moments,memory,0.06751,0.701
4080,low_energy,medium,45,afternoon,birthday,long_term,3,light,false,false,gentle_connection,16,Watch Together,watch_together,0.13068,0.715
4081,calm,low,20,late_night,special_memory,dating,1,light,false,false,calm_connection,15,Music Mood,watch_together,0.06764,0.74
4082,erotic,low,20,late_night,reunion,serious,5,very_high,true,true,intimate_connection,19,Flirty This or That,intimate_activity,0.07835,0.775
4083,happy,medium,60,afternoon,normal_day,serious,4,light,false,false,positive_social,8,Two Truths and a Lie,question_game,0.12121,0.66
4084,playful,medium,30,late_night,valentines,new,3,light,false,false,playful_social,18,Truth or Dare,romantic_activity,0.09494,0.836
4085,calm,high,60,afternoon,celebration,new,1,light,false,false,calm_connection,3,Trivia Battle,competitive_game,0.10899,0.64
4086,happy,very_low,45,morning,late_night,dating,1,light,false,false,positive_social,3,Trivia Battle,competitive_game,0.06918,0.585
4087,calm,high,15,afternoon,anniversary,dating,3,light,false,false,calm_connection,22,Little Moments,memory,0.0672,0.786
4088,nostalgic,medium,45,late_night,valentines,new,3,moderate,true,false,memory_connection,14,Date Planner,date_activity,0.07506,0.676
4089,affectionate,low,20,late_night,normal_day,just_met,1,moderate,true,false,warm_connection,15,Music Mood,watch_together,0.09983,0.66
4090,happy,very_high,45,morning,first_date,just_met,2,light,false,false,positive_social,3,Trivia Battle,competitive_game,0.11422,0.635
4091,celebratory,medium,60,late_night,first_date,just_met,5,light,false,false,celebration,2,This or That,question_game,0.11869,0.64
4092,celebratory,very_high,30,late_night,holiday,dating,1,light,false,false,celebration,3,Trivia Battle,competitive_game,0.1347,0.775
4093,playful,medium,30,afternoon,rough_day,serious,3,light,false,false,playful_social,15,Music Mood,watch_together,0.07071,0.695
4094,playful,medium,45,evening,reunion,serious,4,light,false,false,playful_social,8,Two Truths and a Lie,question_game,0.06711,0.66
4095,nostalgic,high,30,late_night,celebration,just_met,3,moderate,true,false,memory_connection,1,Rapid Fire,question_game,0.07858,0.64
4096,sensual,very_high,20,late_night,celebration,serious,5,high,true,true,sensual_connection,20,Romantic Q&A,intimate_activity,0.08233,0.725
4097,sensual,very_high,5,evening,rough_day,new,3,high,true,true,sensual_connection,22,Little Moments,memory,0.12188,0.761
4098,celebratory,very_high,15,morning,weekend,long_term,1,light,false,false,celebration,6,Scribble,creative_game,0.08796,0.775
4099,romantic,low,45,afternoon,normal_day,new,5,moderate,true,false,romantic_connection,14,Date Planner,date_activity,0.07551,0.695
4100,energetic,high,15,morning,valentines,dating,4,light,false,false,high_energy_fun,6,Scribble,creative_game,0.05552,0.74
4101,celebratory,very_high,20,afternoon,just_because,new,1,light,false,false,celebration,3,Trivia Battle,competitive_game,0.07671,0.715
4102,calm,very_low,10,morning,weekend,serious,4,light,false,false,calm_connection,23,Cozy Conversation,conversation,0.06068,0.763
4103,energetic,medium,20,afternoon,anniversary,long_term,5,light,false,false,high_energy_fun,6,Scribble,creative_game,0.05441,0.715
4104,deep,high,45,evening,date_night,dating,4,light,false,false,deep_connection,9,How Well Do You Know Me,question_game,0.09331,0.743
4105,deep,low,5,afternoon,valentines,long_term,3,light,false,false,deep_connection,19,Flirty This or That,intimate_activity,0.08289,0.731
4106,happy,low,45,afternoon,special_memory,long_term,4,light,false,false,positive_social,22,Little Moments,memory,0.10388,0.688
4107,calm,very_low,30,late_night,long_distance,dating,4,light,false,false,calm_connection,16,Watch Together,watch_together,0.10533,0.775
4108,playful,low,5,afternoon,just_because,dating,1,light,false,false,playful_social,1,Rapid Fire,question_game,0.13776,0.75
4109,affectionate,very_low,10,evening,weekend,dating,2,moderate,true,false,warm_connection,22,Little Moments,memory,0.06128,0.739
4110,relaxed,medium,30,morning,valentines,new,5,light,false,false,easy_connection,19,Flirty This or That,intimate_activity,0.04893,0.7
4111,erotic,very_high,15,afternoon,rough_day,just_met,4,very_high,true,true,intimate_connection,15,Music Mood,watch_together,0.08707,0.645
4112,calm,medium,30,morning,special_memory,long_term,5,light,false,false,calm_connection,10,Memory Lane,memory,0.0809,0.755
4113,low_energy,very_low,10,late_night,valentines,dating,5,light,false,false,gentle_connection,15,Music Mood,watch_together,0.0577,0.715
4114,playful,high,20,evening,special_memory,long_term,2,light,false,false,playful_social,10,Memory Lane,memory,0.06115,0.694
4115,affectionate,very_low,30,afternoon,birthday,long_term,5,moderate,true,false,warm_connection,24,Date Night Roulette,date_activity,0.07705,0.73
4116,sensual,very_low,45,morning,anniversary,long_term,1,high,true,true,sensual_connection,21,Compliment Challenge,romantic_activity,0.10407,0.707
4117,relaxed,low,15,afternoon,rough_day,long_term,2,light,false,false,easy_connection,15,Music Mood,watch_together,0.07412,0.8
4118,romantic,very_low,45,evening,late_night,serious,2,moderate,true,false,romantic_connection,14,Date Planner,date_activity,0.05934,0.634
4119,happy,very_high,45,morning,date_night,just_met,5,light,false,false,positive_social,3,Trivia Battle,competitive_game,0.15269,0.635
4120,energetic,low,15,morning,first_date,dating,4,light,false,false,high_energy_fun,1,Rapid Fire,question_game,0.06158,0.69
4121,affectionate,very_low,15,evening,valentines,new,1,moderate,true,false,warm_connection,23,Cozy Conversation,conversation,0.05308,0.727
4122,calm,low,5,afternoon,normal_day,dating,3,light,false,false,calm_connection,23,Cozy Conversation,conversation,0.11574,0.776
4123,energetic,very_high,5,morning,just_because,just_met,5,light,false,false,high_energy_fun,6,Scribble,creative_game,0.11613,0.635
4124,sensual,high,15,evening,celebration,dating,3,high,true,true,sensual_connection,25,Playful Teasing Cards,intimate_activity,0.07818,0.751
4125,sensual,high,10,evening,valentines,dating,1,high,true,true,sensual_connection,18,Truth or Dare,romantic_activity,0.09788,0.787
4126,sensual,low,30,morning,date_night,serious,5,high,true,true,sensual_connection,14,Date Planner,date_activity,0.08366,0.755
4127,celebratory,medium,15,afternoon,normal_day,serious,3,light,false,false,celebration,24,Date Night Roulette,date_activity,0.05604,0.776
4128,celebratory,very_low,5,late_night,first_date,serious,4,light,false,false,celebration,8,Two Truths and a Lie,question_game,0.10915,0.67
4129,playful,very_low,5,afternoon,date_night,dating,2,light,false,false,playful_social,19,Flirty This or That,intimate_activity,0.07471,0.694
4130,playful,high,30,afternoon,long_distance,long_term,2,light,false,false,playful_social,6,Scribble,creative_game,0.08201,0.74
4131,playful,high,15,late_night,date_night,serious,5,light,false,false,playful_social,6,Scribble,creative_game,0.05402,0.74
4132,relaxed,low,5,afternoon,celebration,dating,4,light,false,false,easy_connection,1,Rapid Fire,question_game,0.07887,0.67
4133,sensual,very_low,45,morning,normal_day,dating,5,high,true,true,sensual_connection,20,Romantic Q&A,intimate_activity,0.1236,0.695
4134,low_energy,medium,20,afternoon,special_memory,new,5,light,false,false,gentle_connection,11,Relationship Timeline,memory,0.06199,0.755
4135,happy,low,10,afternoon,normal_day,just_met,4,light,false,false,positive_social,6,Scribble,creative_game,0.09128,0.69
4136,deep,very_high,15,late_night,rough_day,new,3,light,false,false,deep_connection,11,Relationship Timeline,memory,0.05138,0.701
4137,nostalgic,high,5,afternoon,late_night,dating,1,moderate,true,false,memory_connection,22,Little Moments,memory,0.10372,0.702
4138,romantic,very_low,15,morning,rough_day,new,5,moderate,true,false,romantic_connection,10,Memory Lane,memory,0.06671,0.835
4139,erotic,high,5,evening,weekend,just_met,2,very_high,true,true,intimate_connection,1,Rapid Fire,question_game,0.08279,0.66
4140,romantic,medium,5,late_night,special_memory,dating,3,moderate,true,false,romantic_connection,13,Future Plans,conversation,0.06981,0.756
4141,deep,high,60,late_night,rough_day,long_term,3,light,false,false,deep_connection,16,Watch Together,watch_together,0.15631,0.67
4142,celebratory,very_low,15,morning,celebration,long_term,5,light,false,false,celebration,1,Rapid Fire,question_game,0.0646,0.725
4143,relaxed,high,45,evening,anniversary,just_met,1,light,false,false,easy_connection,6,Scribble,creative_game,0.07557,0.58
4144,calm,medium,20,afternoon,anniversary,long_term,5,light,false,false,calm_connection,11,Relationship Timeline,memory,0.06055,0.755
4145,nostalgic,very_high,20,late_night,valentines,serious,5,moderate,true,false,memory_connection,11,Relationship Timeline,memory,0.06184,0.725
4146,affectionate,very_low,10,late_night,celebration,just_met,4,moderate,true,false,warm_connection,6,Scribble,creative_game,0.08362,0.645
4147,romantic,very_high,5,morning,first_date,new,5,moderate,true,false,romantic_connection,1,Rapid Fire,question_game,0.08626,0.635
4148,deep,high,60,evening,celebration,serious,1,light,false,false,deep_connection,6,Scribble,creative_game,0.10929,0.64
4149,celebratory,very_low,10,morning,anniversary,dating,1,light,false,false,celebration,1,Rapid Fire,question_game,0.05564,0.665
4150,sensual,medium,60,evening,rough_day,new,5,high,true,true,sensual_connection,20,Romantic Q&A,intimate_activity,0.12164,0.755
4151,sensual,very_high,15,evening,first_date,long_term,1,high,true,true,sensual_connection,25,Playful Teasing Cards,intimate_activity,0.0922,0.702
4152,erotic,very_high,45,morning,valentines,new,3,very_high,true,true,intimate_connection,20,Romantic Q&A,intimate_activity,0.1446,0.681
4153,nostalgic,low,30,evening,just_because,just_met,4,moderate,true,false,memory_connection,15,Music Mood,watch_together,0.09346,0.66
4154,low_energy,very_low,60,evening,rough_day,new,2,light,false,false,gentle_connection,15,Music Mood,watch_together,0.14947,0.695
4155,relaxed,high,5,evening,holiday,long_term,5,light,false,false,easy_connection,22,Little Moments,memory,0.0815,0.75
4156,low_energy,very_high,45,late_night,holiday,dating,4,light,false,false,gentle_connection,23,Cozy Conversation,conversation,0.08416,0.633
4157,romantic,very_high,10,evening,special_memory,long_term,2,moderate,true,false,romantic_connection,14,Date Planner,date_activity,0.05111,0.714
4158,romantic,very_high,10,morning,special_memory,just_met,5,moderate,true,false,romantic_connection,1,Rapid Fire,question_game,0.08401,0.635
4159,affectionate,medium,10,morning,long_distance,long_term,5,moderate,true,false,warm_connection,9,How Well Do You Know Me,question_game,0.06932,0.86
4160,nostalgic,medium,45,late_night,reunion,serious,4,moderate,true,false,memory_connection,11,Relationship Timeline,memory,0.12801,0.743
4161,celebratory,high,15,evening,special_memory,long_term,2,light,false,false,celebration,11,Relationship Timeline,memory,0.05778,0.694
4162,deep,medium,30,evening,holiday,long_term,4,light,false,false,deep_connection,24,Date Night Roulette,date_activity,0.08102,0.768
4163,playful,low,15,afternoon,first_date,serious,3,light,false,false,playful_social,12,Deep Questions,conversation,0.05502,0.72
4164,low_energy,medium,30,afternoon,just_because,long_term,5,light,false,false,gentle_connection,24,Date Night Roulette,date_activity,0.07411,0.78
4165,nostalgic,high,15,morning,celebration,just_met,3,moderate,true,false,memory_connection,2,This or That,question_game,0.0555,0.635
4166,relaxed,low,20,late_night,valentines,just_met,1,light,false,false,easy_connection,5,Connect Four,competitive_game,0.07013,0.635
4167,celebratory,high,20,evening,valentines,new,3,light,false,false,celebration,14,Date Planner,date_activity,0.05688,0.731
4168,calm,medium,5,evening,special_memory,serious,3,light,false,false,calm_connection,4,Tic Tac Toe,competitive_game,0.05525,0.66
4169,celebratory,high,20,late_night,anniversary,just_met,1,light,false,false,celebration,8,Two Truths and a Lie,question_game,0.10728,0.715
4170,affectionate,medium,45,afternoon,normal_day,just_met,4,moderate,true,false,warm_connection,3,Trivia Battle,competitive_game,0.07229,0.555
4171,happy,very_low,60,evening,late_night,serious,2,light,false,false,positive_social,16,Watch Together,watch_together,0.23729,0.695
4172,deep,low,10,evening,special_memory,long_term,2,light,false,false,deep_connection,13,Future Plans,conversation,0.07452,0.799
4173,low_energy,very_high,10,late_night,long_distance,serious,5,light,false,false,gentle_connection,10,Memory Lane,memory,0.07364,0.785
4174,low_energy,very_high,60,evening,long_distance,just_met,1,light,false,false,gentle_connection,15,Music Mood,watch_together,0.26957,0.645
4175,nostalgic,very_low,15,morning,special_memory,new,2,moderate,true,false,memory_connection,13,Future Plans,conversation,0.04956,0.694
4176,nostalgic,very_low,5,evening,holiday,new,4,moderate,true,false,memory_connection,11,Relationship Timeline,memory,0.06214,0.683
4177,calm,very_high,20,late_night,rough_day,serious,1,light,false,false,calm_connection,10,Memory Lane,memory,0.06862,0.737
4178,calm,medium,15,late_night,just_because,just_met,3,light,false,false,calm_connection,15,Music Mood,watch_together,0.08092,0.715
4179,romantic,high,5,late_night,reunion,dating,4,moderate,true,false,romantic_connection,23,Cozy Conversation,conversation,0.07196,0.738
4180,romantic,high,10,morning,celebration,dating,2,moderate,true,false,romantic_connection,17,Couple Challenge,challenge,0.06039,0.744
4181,sensual,medium,30,morning,first_date,long_term,2,high,true,true,sensual_connection,25,Playful Teasing Cards,intimate_activity,0.0823,0.684
4182,calm,high,20,afternoon,special_memory,long_term,3,light,false,false,calm_connection,23,Cozy Conversation,conversation,0.05631,0.726
4183,romantic,very_low,15,evening,rough_day,new,5,moderate,true,false,romantic_connection,10,Memory Lane,memory,0.06671,0.835
4184,happy,high,20,evening,holiday,dating,5,light,false,false,positive_social,3,Trivia Battle,competitive_game,0.07495,0.8
4185,romantic,high,10,late_night,birthday,new,5,moderate,true,false,romantic_connection,1,Rapid Fire,question_game,0.05451,0.72
4186,energetic,very_high,15,evening,rough_day,serious,1,light,false,false,high_energy_fun,6,Scribble,creative_game,0.07089,0.715
4187,celebratory,very_low,60,late_night,holiday,dating,1,light,false,false,celebration,24,Date Night Roulette,date_activity,0.13873,0.682
4188,celebratory,very_high,5,morning,reunion,serious,3,light,false,false,celebration,17,Couple Challenge,challenge,0.09502,0.731
4189,romantic,very_high,45,evening,birthday,just_met,3,moderate,true,false,romantic_connection,16,Watch Together,watch_together,0.19296,0.585
4190,romantic,medium,10,morning,long_distance,dating,5,moderate,true,false,romantic_connection,20,Romantic Q&A,intimate_activity,0.0633,0.835
4191,nostalgic,low,30,evening,celebration,long_term,4,moderate,true,false,memory_connection,18,Truth or Dare,romantic_activity,0.07227,0.743
4192,energetic,high,15,late_night,special_memory,dating,5,light,false,false,high_energy_fun,17,Couple Challenge,challenge,0.05845,0.8
4193,energetic,very_low,15,evening,birthday,long_term,3,light,false,false,high_energy_fun,17,Couple Challenge,challenge,0.07116,0.761
4194,sensual,low,45,evening,anniversary,serious,5,high,true,true,sensual_connection,11,Relationship Timeline,memory,0.09159,0.7
4195,energetic,very_low,15,late_night,special_memory,long_term,2,light,false,false,high_energy_fun,3,Trivia Battle,competitive_game,0.05112,0.665
4196,sensual,very_low,60,evening,special_memory,long_term,1,high,true,true,sensual_connection,11,Relationship Timeline,memory,0.11157,0.627
4197,sensual,low,15,morning,valentines,new,3,high,true,true,sensual_connection,25,Playful Teasing Cards,intimate_activity,0.09404,0.811
4198,energetic,very_low,5,morning,first_date,just_met,3,light,false,false,high_energy_fun,4,Tic Tac Toe,competitive_game,0.16387,0.69
4199,energetic,high,60,afternoon,special_memory,dating,5,light,false,false,high_energy_fun,17,Couple Challenge,challenge,0.09141,0.72
4200,affectionate,very_low,60,evening,rough_day,long_term,4,moderate,true,false,warm_connection,16,Watch Together,watch_together,0.17603,0.695
4201,calm,medium,20,evening,long_distance,dating,1,light,false,false,calm_connection,15,Music Mood,watch_together,0.08125,0.775
4202,deep,high,15,morning,long_distance,long_term,3,light,false,false,deep_connection,11,Relationship Timeline,memory,0.05098,0.726
4203,calm,high,10,evening,date_night,new,2,light,false,false,calm_connection,18,Truth or Dare,romantic_activity,0.05446,0.719
4204,calm,medium,30,morning,holiday,long_term,3,light,false,false,calm_connection,3,Trivia Battle,competitive_game,0.06833,0.695
4205,celebratory,medium,60,late_night,valentines,long_term,1,light,false,false,celebration,8,Two Truths and a Lie,question_game,0.0823,0.66
4206,relaxed,very_low,10,evening,celebration,just_met,2,light,false,false,easy_connection,1,Rapid Fire,question_game,0.08612,0.645
4207,affectionate,low,45,evening,reunion,just_met,3,moderate,true,false,warm_connection,16,Watch Together,watch_together,0.24793,0.66
4208,playful,medium,20,late_night,celebration,just_met,3,light,false,false,playful_social,1,Rapid Fire,question_game,0.08968,0.695
4209,energetic,very_high,20,afternoon,birthday,just_met,5,light,false,false,high_energy_fun,6,Scribble,creative_game,0.14886,0.775
4210,calm,very_high,15,morning,weekend,new,4,light,false,false,calm_connection,6,Scribble,creative_game,0.05313,0.695
4211,calm,high,5,morning,reunion,just_met,2,light,false,false,calm_connection,2,This or That,question_game,0.10693,0.635
4212,relaxed,very_low,5,morning,reunion,dating,5,light,false,false,easy_connection,10,Memory Lane,memory,0.09556,0.755
4213,low_energy,very_low,60,morning,reunion,just_met,4,light,false,false,gentle_connection,15,Music Mood,watch_together,0.18487,0.635
4214,erotic,medium,30,morning,reunion,long_term,4,very_high,true,true,intimate_connection,19,Flirty This or That,intimate_activity,0.07439,0.708
4215,romantic,very_high,15,evening,celebration,just_met,4,moderate,true,false,romantic_connection,7,Find the Spy,social_game,0.05775,0.635
4216,romantic,very_low,45,evening,late_night,new,5,moderate,true,false,romantic_connection,10,Memory Lane,memory,0.06302,0.695
4217,celebratory,high,20,late_night,celebration,new,3,light,false,false,celebration,1,Rapid Fire,question_game,0.05618,0.72
4218,erotic,high,20,afternoon,valentines,dating,5,very_high,true,true,intimate_connection,25,Playful Teasing Cards,intimate_activity,0.10297,0.835
4219,happy,high,5,late_night,date_night,new,5,light,false,false,positive_social,2,This or That,question_game,0.07205,0.715
4220,deep,very_low,10,afternoon,special_memory,dating,1,light,false,false,deep_connection,11,Relationship Timeline,memory,0.06807,0.707
4221,celebratory,very_low,5,evening,anniversary,just_met,5,light,false,false,celebration,2,This or That,question_game,0.11268,0.61
4222,deep,low,20,evening,late_night,new,4,light,false,false,deep_connection,12,Deep Questions,conversation,0.06419,0.74
4223,low_energy,low,15,late_night,rough_day,long_term,4,light,false,false,gentle_connection,16,Watch Together,watch_together,0.07697,0.8
4224,playful,medium,30,morning,anniversary,just_met,1,light,false,false,playful_social,5,Connect Four,competitive_game,0.08946,0.66
4225,low_energy,low,60,evening,special_memory,serious,3,light,false,false,gentle_connection,22,Little Moments,memory,0.16863,0.756
4226,romantic,high,60,morning,weekend,new,3,moderate,true,false,romantic_connection,14,Date Planner,date_activity,0.12092,0.731
4227,low_energy,high,10,late_night,special_memory,long_term,3,light,false,false,gentle_connection,15,Music Mood,watch_together,0.05379,0.69
4228,erotic,very_low,10,late_night,long_distance,long_term,1,very_high,true,true,intimate_connection,20,Romantic Q&A,intimate_activity,0.11713,0.787
4229,romantic,low,10,afternoon,first_date,dating,2,moderate,true,false,romantic_connection,2,This or That,question_game,0.06022,0.695
4230,romantic,high,5,morning,late_night,serious,5,moderate,true,false,romantic_connection,25,Playful Teasing Cards,intimate_activity,0.07749,0.755
4231,romantic,medium,60,evening,long_distance,dating,4,moderate,true,false,romantic_connection,13,Future Plans,conversation,0.05857,0.708
4232,low_energy,medium,20,evening,rough_day,new,2,light,false,false,gentle_connection,15,Music Mood,watch_together,0.07779,0.775
4233,calm,medium,15,morning,first_date,long_term,1,light,false,false,calm_connection,15,Music Mood,watch_together,0.07143,0.715
4234,sensual,very_high,45,evening,first_date,new,4,high,true,true,sensual_connection,9,How Well Do You Know Me,question_game,0.09821,0.638
4235,affectionate,very_high,5,evening,date_night,just_met,2,moderate,true,false,warm_connection,4,Tic Tac Toe,competitive_game,0.12245,0.61
4236,low_energy,very_high,5,afternoon,reunion,serious,5,light,false,false,gentle_connection,22,Little Moments,memory,0.13692,0.785
4237,playful,very_high,60,evening,holiday,serious,1,light,false,false,playful_social,6,Scribble,creative_game,0.18546,0.695
4238,low_energy,low,10,morning,first_date,dating,5,light,false,false,gentle_connection,23,Cozy Conversation,conversation,0.06618,0.8
4239,affectionate,medium,15,morning,just_because,just_met,1,moderate,true,false,warm_connection,2,This or That,question_game,0.09604,0.72
4240,romantic,very_high,10,late_night,normal_day,new,1,moderate,true,false,romantic_connection,14,Date Planner,date_activity,0.05346,0.702
4241,erotic,high,15,late_night,just_because,serious,1,very_high,true,true,intimate_connection,20,Romantic Q&A,intimate_activity,0.07865,0.702
4242,happy,high,45,late_night,long_distance,just_met,5,light,false,false,positive_social,16,Watch Together,watch_together,0.20763,0.67
4243,energetic,high,10,evening,normal_day,serious,4,light,false,false,high_energy_fun,7,Find the Spy,social_game,0.06892,0.74
4244,sensual,very_low,45,late_night,date_night,just_met,4,high,true,true,sensual_connection,16,Watch Together,watch_together,0.22363,0.635
4245,deep,very_high,30,late_night,weekend,just_met,3,light,false,false,deep_connection,3,Trivia Battle,competitive_game,0.1393,0.695
4246,relaxed,very_high,10,morning,anniversary,new,4,light,false,false,easy_connection,23,Cozy Conversation,conversation,0.055,0.713
4247,low_energy,medium,60,late_night,birthday,long_term,4,light,false,false,gentle_connection,23,Cozy Conversation,conversation,0.09262,0.683
4248,playful,very_high,30,morning,long_distance,just_met,3,light,false,false,playful_social,15,Music Mood,watch_together,0.11049,0.645
4249,low_energy,low,30,morning,long_distance,dating,5,light,false,false,gentle_connection,15,Music Mood,watch_together,0.10381,0.8
4250,celebratory,high,45,morning,anniversary,dating,2,light,false,false,celebration,17,Couple Challenge,challenge,0.08019,0.684
4251,low_energy,very_low,45,late_night,celebration,just_met,1,light,false,false,gentle_connection,15,Music Mood,watch_together,0.19684,0.635
4252,sensual,medium,30,morning,anniversary,serious,5,high,true,true,sensual_connection,11,Relationship Timeline,memory,0.09361,0.755
4253,relaxed,high,5,late_night,birthday,new,1,light,false,false,easy_connection,4,Tic Tac Toe,competitive_game,0.075,0.635
4254,affectionate,very_low,30,afternoon,celebration,serious,2,moderate,true,false,warm_connection,22,Little Moments,memory,0.05636,0.659
4255,calm,low,20,morning,date_night,new,1,light,false,false,calm_connection,15,Music Mood,watch_together,0.06247,0.74
4256,sensual,very_low,30,late_night,valentines,dating,5,high,true,true,sensual_connection,18,Truth or Dare,romantic_activity,0.12105,0.81
4257,celebratory,low,10,evening,weekend,new,5,light,false,false,celebration,6,Scribble,creative_game,0.06357,0.75
4258,affectionate,very_high,45,morning,normal_day,serious,3,moderate,true,false,warm_connection,23,Cozy Conversation,conversation,0.10883,0.621
4259,erotic,medium,60,morning,reunion,dating,3,very_high,true,true,intimate_connection,10,Memory Lane,memory,0.07692,0.651
4260,relaxed,very_high,10,evening,first_date,just_met,2,light,false,false,easy_connection,12,Deep Questions,conversation,0.09012,0.645
4261,deep,very_low,60,morning,date_night,long_term,2,light,false,false,deep_connection,13,Future Plans,conversation,0.12121,0.694
4262,celebratory,medium,15,late_night,late_night,long_term,1,light,false,false,celebration,16,Watch Together,watch_together,0.05505,0.695
4263,calm,very_high,20,morning,reunion,serious,1,light,false,false,calm_connection,16,Watch Together,watch_together,0.0618,0.665
4264,sensual,very_low,10,morning,valentines,serious,5,high,true,true,sensual_connection,25,Playful Teasing Cards,intimate_activity,0.1022,0.81
4265,happy,very_high,15,morning,date_night,dating,4,light,false,false,positive_social,14,Date Planner,date_activity,0.05602,0.718
4266,playful,high,15,afternoon,special_memory,long_term,5,light,false,false,playful_social,6,Scribble,creative_game,0.05744,0.74
4267,affectionate,high,20,evening,first_date,long_term,4,moderate,true,false,warm_connection,22,Little Moments,memory,0.05539,0.738
4268,relaxed,high,20,late_night,holiday,just_met,1,light,false,false,easy_connection,6,Scribble,creative_game,0.12,0.72
4269,affectionate,medium,15,late_night,celebration,new,1,moderate,true,false,warm_connection,17,Couple Challenge,challenge,0.05014,0.707
4270,energetic,low,5,afternoon,anniversary,new,3,light,false,false,high_energy_fun,1,Rapid Fire,question_game,0.07899,0.69
4271,relaxed,high,15,late_night,just_because,dating,3,light,false,false,easy_connection,2,This or That,question_game,0.05853,0.775
4272,happy,medium,30,evening,just_because,long_term,1,light,false,false,positive_social,24,Date Night Roulette,date_activity,0.08143,0.732
4273,sensual,high,45,afternoon,holiday,just_met,5,high,true,true,sensual_connection,3,Trivia Battle,competitive_game,0.13576,0.64
4274,calm,high,5,evening,holiday,dating,2,light,false,false,calm_connection,22,Little Moments,memory,0.07887,0.714
4275,energetic,very_high,60,evening,holiday,long_term,3,light,false,false,high_energy_fun,1,Rapid Fire,question_game,0.09322,0.635
4276,relaxed,very_low,5,morning,normal_day,serious,5,light,false,false,easy_connection,22,Little Moments,memory,0.12371,0.775
4277,deep,high,15,evening,celebration,dating,4,light,false,false,deep_connection,13,Future Plans,conversation,0.05592,0.763
4278,romantic,very_high,30,late_night,date_night,new,4,moderate,true,false,romantic_connection,24,Date Night Roulette,date_activity,0.10048,0.798
4279,affectionate,medium,30,evening,birthday,just_met,2,moderate,true,false,warm_connection,5,Connect Four,competitive_game,0.09836,0.66
4280,celebratory,very_high,15,late_night,weekend,dating,4,light,false,false,celebration,17,Couple Challenge,challenge,0.08476,0.823
4281,relaxed,high,45,afternoon,just_because,serious,1,light,false,false,easy_connection,16,Watch Together,watch_together,0.19814,0.69
4282,romantic,high,60,late_night,normal_day,long_term,4,moderate,true,false,romantic_connection,18,Truth or Dare,romantic_activity,0.08416,0.683
4283,energetic,high,30,evening,reunion,just_met,2,light,false,false,high_energy_fun,7,Find the Spy,social_game,0.08374,0.66
4284,relaxed,low,20,afternoon,reunion,serious,5,light,false,false,easy_connection,10,Memory Lane,memory,0.08147,0.86
4285,sensual,high,5,morning,normal_day,serious,2,high,true,true,sensual_connection,22,Little Moments,memory,0.09244,0.714
4286,playful,low,30,late_night,date_night,new,1,light,false,false,playful_social,6,Scribble,creative_game,0.08237,0.69
4287,low_energy,low,15,afternoon,date_night,new,2,light,false,false,gentle_connection,15,Music Mood,watch_together,0.05336,0.74
4288,erotic,low,5,afternoon,anniversary,long_term,5,very_high,true,true,intimate_connection,22,Little Moments,memory,0.09917,0.78
4289,deep,medium,20,morning,special_memory,serious,1,light,false,false,deep_connection,12,Deep Questions,conversation,0.06846,0.715
4290,relaxed,very_high,15,afternoon,celebration,just_met,4,light,false,false,easy_connection,6,Scribble,creative_game,0.097,0.695
4291,low_energy,low,10,evening,reunion,long_term,4,light,false,false,gentle_connection,22,Little Moments,memory,0.08192,0.848
4292,romantic,very_high,15,morning,date_night,long_term,3,moderate,true,false,romantic_connection,18,Truth or Dare,romantic_activity,0.06876,0.786
4293,sensual,very_low,5,late_night,holiday,dating,3,high,true,true,sensual_connection,21,Compliment Challenge,romantic_activity,0.10317,0.751
4294,nostalgic,medium,15,late_night,special_memory,dating,2,moderate,true,false,memory_connection,10,Memory Lane,memory,0.0872,0.799
4295,celebratory,very_high,60,morning,birthday,new,3,light,false,false,celebration,1,Rapid Fire,question_game,0.1448,0.695
4296,deep,low,30,morning,valentines,new,4,light,false,false,deep_connection,18,Truth or Dare,romantic_activity,0.08047,0.743
4297,deep,low,15,evening,special_memory,just_met,4,light,false,false,deep_connection,12,Deep Questions,conversation,0.09372,0.74
4298,relaxed,very_high,30,late_night,weekend,serious,1,light,false,false,easy_connection,16,Watch Together,watch_together,0.0897,0.665
4299,happy,low,45,afternoon,date_night,just_met,2,light,false,false,positive_social,2,This or That,question_game,0.08643,0.635
4300,energetic,very_low,5,evening,weekend,serious,4,light,false,false,high_energy_fun,6,Scribble,creative_game,0.07668,0.645
4301,celebratory,very_high,45,afternoon,weekend,serious,5,light,false,false,celebration,3,Trivia Battle,competitive_game,0.12657,0.695
4302,energetic,low,30,late_night,anniversary,just_met,3,light,false,false,high_energy_fun,12,Deep Questions,conversation,0.08357,0.66
4303,erotic,medium,30,evening,special_memory,serious,2,very_high,true,true,intimate_connection,19,Flirty This or That,intimate_activity,0.0759,0.684
4304,playful,high,45,late_night,birthday,dating,1,light,false,false,playful_social,1,Rapid Fire,question_game,0.14751,0.72
4305,affectionate,low,60,afternoon,weekend,long_term,5,moderate,true,false,warm_connection,16,Watch Together,watch_together,0.10239,0.66
4306,happy,very_low,15,morning,rough_day,just_met,2,light,false,false,positive_social,8,Two Truths and a Lie,question_game,0.08715,0.69
4307,deep,medium,45,morning,date_night,just_met,2,light,false,false,deep_connection,12,Deep Questions,conversation,0.11458,0.635
4308,sensual,very_low,5,late_night,valentines,dating,3,high,true,true,sensual_connection,18,Truth or Dare,romantic_activity,0.09247,0.706
4309,playful,high,15,late_night,late_night,new,1,light,false,false,playful_social,1,Rapid Fire,question_game,0.06775,0.74
4310,deep,high,20,afternoon,holiday,serious,3,light,false,false,deep_connection,3,Trivia Battle,competitive_game,0.05796,0.72
4311,happy,very_low,15,afternoon,long_distance,long_term,4,light,false,false,positive_social,10,Memory Lane,memory,0.05458,0.743
4312,romantic,very_low,10,late_night,normal_day,serious,5,moderate,true,false,romantic_connection,9,How Well Do You Know Me,question_game,0.05575,0.75
4313,calm,medium,45,afternoon,anniversary,just_met,5,light,false,false,calm_connection,16,Watch Together,watch_together,0.07231,0.715
4314,nostalgic,high,10,afternoon,rough_day,long_term,2,moderate,true,false,memory_connection,10,Memory Lane,memory,0.07776,0.774
4315,sensual,very_low,20,morning,special_memory,just_met,3,high,true,true,sensual_connection,12,Deep Questions,conversation,0.09793,0.635
4316,celebratory,low,10,afternoon,long_distance,serious,1,light,false,false,celebration,15,Music Mood,watch_together,0.0636,0.72
4317,low_energy,very_high,15,morning,late_night,serious,1,light,false,false,gentle_connection,16,Watch Together,watch_together,0.08576,0.725
4318,happy,very_low,30,late_night,reunion,long_term,4,light,false,false,positive_social,3,Trivia Battle,competitive_game,0.06312,0.665
4319,happy,very_high,10,evening,first_date,long_term,2,light,false,false,positive_social,8,Two Truths and a Lie,question_game,0.10141,0.75
4320,nostalgic,low,30,evening,date_night,new,2,moderate,true,false,memory_connection,24,Date Night Roulette,date_activity,0.07302,0.719
4321,celebratory,high,60,morning,holiday,dating,5,light,false,false,celebration,3,Trivia Battle,competitive_game,0.1306,0.72
4322,affectionate,high,30,evening,weekend,new,5,moderate,true,false,warm_connection,17,Couple Challenge,challenge,0.05677,0.7
4323,calm,very_high,45,evening,just_because,dating,1,light,false,false,calm_connection,16,Watch Together,watch_together,0.24107,0.665
4324,affectionate,very_high,45,late_night,first_date,dating,5,moderate,true,false,warm_connection,9,How Well Do You Know Me,question_game,0.15367,0.73
4325,happy,high,15,late_night,birthday,just_met,3,light,false,false,positive_social,2,This or That,question_game,0.08061,0.715
4326,deep,very_high,60,late_night,holiday,new,5,light,false,false,deep_connection,13,Future Plans,conversation,0.08879,0.67
4327,relaxed,low,15,morning,weekend,long_term,2,light,false,false,easy_connection,10,Memory Lane,memory,0.0519,0.764
4328,romantic,medium,45,late_night,rough_day,serious,2,moderate,true,false,romantic_connection,20,Romantic Q&A,intimate_activity,0.08419,0.719
4329,low_energy,high,45,late_night,reunion,new,3,light,false,false,gentle_connection,10,Memory Lane,memory,0.12276,0.706
4330,low_energy,medium,10,evening,holiday,dating,5,light,false,false,gentle_connection,15,Music Mood,watch_together,0.05462,0.715
4331,nostalgic,high,10,late_night,valentines,serious,1,moderate,true,false,memory_connection,18,Truth or Dare,romantic_activity,0.05974,0.707
4332,relaxed,medium,10,morning,holiday,new,5,light,false,false,easy_connection,6,Scribble,creative_game,0.05057,0.695
4333,happy,low,15,morning,celebration,dating,2,light,false,false,positive_social,1,Rapid Fire,question_game,0.05998,0.75
4334,celebratory,high,5,morning,rough_day,just_met,5,light,false,false,celebration,1,Rapid Fire,question_game,0.15464,0.74
4335,celebratory,very_low,20,evening,reunion,new,4,light,false,false,celebration,18,Truth or Dare,romantic_activity,0.07269,0.798
4336,deep,low,20,late_night,rough_day,new,2,light,false,false,deep_connection,10,Memory Lane,memory,0.07828,0.824
4337,celebratory,low,5,afternoon,long_distance,long_term,2,light,false,false,celebration,22,Little Moments,memory,0.0838,0.744
4338,erotic,very_low,45,evening,just_because,just_met,1,very_high,true,true,intimate_connection,16,Watch Together,watch_together,0.19277,0.635
4339,romantic,high,10,morning,rough_day,just_met,4,moderate,true,false,romantic_connection,15,Music Mood,watch_together,0.08088,0.67
4340,romantic,high,15,morning,birthday,serious,3,moderate,true,false,romantic_connection,1,Rapid Fire,question_game,0.05214,0.72
4341,erotic,very_low,5,morning,weekend,dating,2,very_high,true,true,intimate_connection,20,Romantic Q&A,intimate_activity,0.08502,0.659
4342,erotic,low,10,evening,late_night,long_term,3,very_high,true,true,intimate_connection,19,Flirty This or That,intimate_activity,0.10486,0.811
4343,deep,low,10,afternoon,holiday,dating,5,light,false,false,deep_connection,10,Memory Lane,memory,0.06028,0.8
4344,relaxed,high,60,late_night,special_memory,just_met,3,light,false,false,easy_connection,16,Watch Together,watch_together,0.31076,0.69
4345,celebratory,very_low,60,afternoon,date_night,serious,2,light,false,false,celebration,14,Date Planner,date_activity,0.0728,0.614
4346,energetic,low,20,evening,normal_day,just_met,2,light,false,false,high_energy_fun,3,Trivia Battle,competitive_game,0.11282,0.69
4347,celebratory,very_low,30,morning,rough_day,just_met,4,light,false,false,celebration,16,Watch Together,watch_together,0.14984,0.695
4348,energetic,high,5,evening,birthday,new,4,light,false,false,high_energy_fun,6,Scribble,creative_game,0.09091,0.72
4349,affectionate,medium,15,evening,celebration,just_met,3,moderate,true,false,warm_connection,1,Rapid Fire,question_game,0.0794,0.695
4350,affectionate,very_low,20,late_night,late_night,new,1,moderate,true,false,warm_connection,15,Music Mood,watch_together,0.06215,0.695
4351,energetic,medium,60,evening,late_night,new,5,light,false,false,high_energy_fun,16,Watch Together,watch_together,0.13527,0.695
4352,affectionate,very_high,20,morning,birthday,dating,2,moderate,true,false,warm_connection,22,Little Moments,memory,0.05974,0.689
4353,low_energy,very_high,60,afternoon,special_memory,dating,2,light,false,false,gentle_connection,22,Little Moments,memory,0.18894,0.669
4354,nostalgic,low,15,late_night,anniversary,new,5,moderate,true,false,memory_connection,10,Memory Lane,memory,0.08944,0.86
4355,affectionate,low,5,late_night,anniversary,dating,3,moderate,true,false,warm_connection,22,Little Moments,memory,0.12797,0.836
4356,low_energy,low,5,afternoon,anniversary,serious,3,light,false,false,gentle_connection,22,Little Moments,memory,0.12456,0.836
4357,romantic,low,15,late_night,just_because,dating,1,moderate,true,false,romantic_connection,18,Truth or Dare,romantic_activity,0.05699,0.787
4358,nostalgic,medium,10,late_night,date_night,just_met,2,moderate,true,false,memory_connection,4,Tic Tac Toe,competitive_game,0.05474,0.66
4359,happy,medium,5,late_night,normal_day,new,2,light,false,false,positive_social,21,Compliment Challenge,romantic_activity,0.06618,0.659
4360,calm,very_low,60,morning,reunion,just_met,3,light,false,false,calm_connection,16,Watch Together,watch_together,0.10909,0.715
4361,calm,very_high,60,late_night,normal_day,long_term,3,light,false,false,calm_connection,10,Memory Lane,memory,0.09283,0.621
4362,sensual,very_low,15,afternoon,date_night,dating,3,high,true,true,sensual_connection,19,Flirty This or That,intimate_activity,0.09789,0.786
4363,playful,very_low,30,afternoon,valentines,dating,1,light,false,false,playful_social,18,Truth or Dare,romantic_activity,0.10679,0.762
4364,affectionate,very_high,60,morning,reunion,long_term,1,moderate,true,false,warm_connection,16,Watch Together,watch_together,0.18502,0.585
4365,affectionate,medium,5,evening,rough_day,new,3,moderate,true,false,warm_connection,21,Compliment Challenge,romantic_activity,0.08348,0.751
4366,deep,very_low,30,late_night,first_date,dating,4,light,false,false,deep_connection,16,Watch Together,watch_together,0.06792,0.635
4367,calm,medium,20,morning,just_because,serious,4,light,false,false,calm_connection,10,Memory Lane,memory,0.05225,0.763
4368,romantic,very_high,45,afternoon,birthday,serious,2,moderate,true,false,romantic_connection,24,Date Night Roulette,date_activity,0.12356,0.694
4369,erotic,high,5,late_night,date_night,just_met,5,very_high,true,true,intimate_connection,1,Rapid Fire,question_game,0.11744,0.66
4370,sensual,high,10,evening,date_night,just_met,1,high,true,true,sensual_connection,1,Rapid Fire,question_game,0.11973,0.66
4371,playful,medium,5,evening,date_night,just_met,3,light,false,false,playful_social,4,Tic Tac Toe,competitive_game,0.09434,0.66
4372,low_energy,high,30,evening,celebration,serious,5,light,false,false,gentle_connection,15,Music Mood,watch_together,0.07623,0.69
4373,playful,medium,10,afternoon,rough_day,serious,1,light,false,false,playful_social,15,Music Mood,watch_together,0.06172,0.695
4374,nostalgic,very_low,45,morning,first_date,just_met,1,moderate,true,false,memory_connection,15,Music Mood,watch_together,0.07356,0.555
4375,erotic,high,45,morning,holiday,just_met,2,very_high,true,true,intimate_connection,3,Trivia Battle,competitive_game,0.12252,0.64
4376,energetic,very_high,30,morning,weekend,long_term,2,light,false,false,high_energy_fun,3,Trivia Battle,competitive_game,0.11904,0.775
4377,erotic,high,45,morning,long_distance,new,5,very_high,true,true,intimate_connection,25,Playful Teasing Cards,intimate_activity,0.09756,0.695
4378,relaxed,very_high,20,evening,first_date,long_term,3,light,false,false,easy_connection,12,Deep Questions,conversation,0.05877,0.645
4379,celebratory,very_low,15,morning,celebration,long_term,4,light,false,false,celebration,18,Truth or Dare,romantic_activity,0.0684,0.798
4380,relaxed,very_high,30,afternoon,long_distance,serious,2,light,false,false,easy_connection,12,Deep Questions,conversation,0.07278,0.645
4381,happy,high,10,late_night,date_night,just_met,5,light,false,false,positive_social,8,Two Truths and a Lie,question_game,0.08434,0.715
4382,low_energy,medium,20,afternoon,celebration,new,4,light,false,false,gentle_connection,23,Cozy Conversation,conversation,0.06274,0.763
4383,relaxed,medium,5,late_night,weekend,new,1,light,false,false,easy_connection,1,Rapid Fire,question_game,0.06483,0.635
4384,affectionate,very_low,60,late_night,late_night,serious,5,moderate,true,false,warm_connection,21,Compliment Challenge,romantic_activity,0.09205,0.695
4385,celebratory,very_high,15,morning,celebration,dating,3,light,false,false,celebration,18,Truth or Dare,romantic_activity,0.07077,0.786
4386,celebratory,very_high,10,late_night,reunion,just_met,3,light,false,false,celebration,3,Trivia Battle,competitive_game,0.09578,0.715
4387,deep,very_high,5,late_night,long_distance,long_term,5,light,false,false,deep_connection,10,Memory Lane,memory,0.08173,0.705
4388,energetic,medium,5,evening,special_memory,serious,1,light,false,false,high_energy_fun,1,Rapid Fire,question_game,0.11231,0.715
4389,deep,medium,20,morning,valentines,long_term,3,light,false,false,deep_connection,10,Memory Lane,memory,0.05394,0.751
4390,affectionate,medium,10,morning,weekend,just_met,4,moderate,true,false,warm_connection,3,Trivia Battle,competitive_game,0.0785,0.695
4391,romantic,very_low,45,morning,date_night,dating,5,moderate,true,false,romantic_connection,9,How Well Do You Know Me,question_game,0.08794,0.73
4392,calm,high,15,afternoon,anniversary,serious,4,light,false,false,calm_connection,11,Relationship Timeline,memory,0.05565,0.718
4393,affectionate,very_low,45,afternoon,first_date,serious,4,moderate,true,false,warm_connection,12,Deep Questions,conversation,0.11111,0.615
4394,energetic,very_low,30,afternoon,holiday,serious,1,light,false,false,high_energy_fun,6,Scribble,creative_game,0.13265,0.725
4395,nostalgic,high,45,afternoon,normal_day,just_met,2,moderate,true,false,memory_connection,16,Watch Together,watch_together,0.26422,0.61
4396,happy,low,15,evening,valentines,dating,1,light,false,false,positive_social,21,Compliment Challenge,romantic_activity,0.05464,0.732
4397,calm,medium,30,morning,weekend,just_met,5,light,false,false,calm_connection,6,Scribble,creative_game,0.11205,0.695
4398,nostalgic,low,30,late_night,long_distance,serious,2,moderate,true,false,memory_connection,22,Little Moments,memory,0.08559,0.744
4399,energetic,low,15,late_night,first_date,serious,2,light,false,false,high_energy_fun,1,Rapid Fire,question_game,0.0618,0.69
4400,erotic,medium,10,afternoon,special_memory,just_met,1,very_high,true,true,intimate_connection,2,This or That,question_game,0.09479,0.66
4401,playful,medium,10,evening,date_night,long_term,3,light,false,false,playful_social,14,Date Planner,date_activity,0.05388,0.756
4402,affectionate,very_low,20,evening,first_date,serious,5,moderate,true,false,warm_connection,8,Two Truths and a Lie,question_game,0.06929,0.67
4403,low_energy,high,15,evening,long_distance,serious,2,light,false,false,gentle_connection,16,Watch Together,watch_together,0.06758,0.75
4404,energetic,low,15,morning,weekend,long_term,4,light,false,false,high_energy_fun,17,Couple Challenge,challenge,0.07155,0.798
4405,calm,low,20,evening,celebration,serious,1,light,false,false,calm_connection,12,Deep Questions,conversation,0.06867,0.74
4406,romantic,low,5,afternoon,anniversary,dating,1,moderate,true,false,romantic_connection,10,Memory Lane,memory,0.08919,0.732
4407,sensual,high,20,morning,date_night,dating,1,high,true,true,sensual_connection,18,Truth or Dare,romantic_activity,0.09133,0.787
4408,nostalgic,very_high,45,morning,holiday,dating,1,moderate,true,false,memory_connection,10,Memory Lane,memory,0.08643,0.597
4409,low_energy,low,60,morning,valentines,just_met,4,light,false,false,gentle_connection,16,Watch Together,watch_together,0.41667,0.74
4410,happy,very_high,60,morning,holiday,new,2,light,false,false,positive_social,17,Couple Challenge,challenge,0.14634,0.719
4411,energetic,very_high,30,evening,special_memory,dating,4,light,false,false,high_energy_fun,11,Relationship Timeline,memory,0.09049,0.693
4412,happy,very_high,30,late_night,special_memory,new,4,light,false,false,positive_social,11,Relationship Timeline,memory,0.10036,0.693
4413,romantic,high,20,evening,holiday,long_term,3,moderate,true,false,romantic_connection,24,Date Night Roulette,date_activity,0.07689,0.811
4414,romantic,very_low,10,afternoon,special_memory,dating,5,moderate,true,false,romantic_connection,10,Memory Lane,memory,0.08486,0.835
4415,nostalgic,very_high,60,late_night,anniversary,just_met,2,moderate,true,false,memory_connection,16,Watch Together,watch_together,0.16754,0.585
4416,affectionate,high,5,evening,valentines,just_met,2,moderate,true,false,warm_connection,1,Rapid Fire,question_game,0.07899,0.66
4417,playful,very_high,5,afternoon,long_distance,serious,5,light,false,false,playful_social,25,Playful Teasing Cards,intimate_activity,0.06237,0.75
4418,deep,very_low,30,afternoon,celebration,long_term,4,light,false,false,deep_connection,12,Deep Questions,conversation,0.0959,0.715
4419,playful,very_low,15,late_night,just_because,just_met,5,light,false,false,playful_social,8,Two Truths and a Lie,question_game,0.09649,0.69
4420,sensual,very_low,60,morning,holiday,long_term,5,high,true,true,sensual_connection,20,Romantic Q&A,intimate_activity,0.10947,0.695
4421,calm,high,45,afternoon,just_because,dating,4,light,false,false,calm_connection,24,Date Night Roulette,date_activity,0.07277,0.663
4422,nostalgic,low,15,morning,normal_day,new,3,moderate,true,false,memory_connection,10,Memory Lane,memory,0.07124,0.776
4423,playful,low,60,morning,weekend,just_met,1,light,false,false,playful_social,8,Two Truths and a Lie,question_game,0.11518,0.635
4424,nostalgic,very_low,15,morning,valentines,just_met,2,moderate,true,false,memory_connection,12,Deep Questions,conversation,0.06517,0.635
4425,low_energy,very_low,20,morning,birthday,dating,4,light,false,false,gentle_connection,23,Cozy Conversation,conversation,0.07144,0.763
4426,calm,high,5,evening,special_memory,just_met,4,light,false,false,calm_connection,1,Rapid Fire,question_game,0.11321,0.66
4427,deep,very_high,20,afternoon,first_date,just_met,2,light,false,false,deep_connection,12,Deep Questions,conversation,0.15814,0.725
4428,erotic,medium,60,late_night,birthday,dating,4,very_high,true,true,intimate_connection,19,Flirty This or That,intimate_activity,0.11561,0.708
4429,erotic,low,20,evening,celebration,serious,5,very_high,true,true,intimate_connection,20,Romantic Q&A,intimate_activity,0.08573,0.8
4430,happy,high,45,evening,normal_day,new,2,light,false,false,positive_social,17,Couple Challenge,challenge,0.09499,0.684
4431,energetic,medium,15,late_night,normal_day,long_term,2,light,false,false,high_energy_fun,3,Trivia Battle,competitive_game,0.05817,0.715
4432,playful,low,20,evening,first_date,new,4,light,false,false,playful_social,3,Trivia Battle,competitive_game,0.05884,0.69
4433,playful,very_low,60,late_night,normal_day,new,2,light,false,false,playful_social,2,This or That,question_game,0.12625,0.61
4434,erotic,high,15,afternoon,first_date,long_term,1,very_high,true,true,intimate_connection,25,Playful Teasing Cards,intimate_activity,0.08696,0.727
4435,relaxed,low,5,morning,first_date,just_met,5,light,false,false,easy_connection,15,Music Mood,watch_together,0.10309,0.66
4436,low_energy,medium,15,late_night,special_memory,just_met,2,light,false,false,gentle_connection,15,Music Mood,watch_together,0.08484,0.715
4437,relaxed,very_low,20,evening,normal_day,just_met,3,light,false,false,easy_connection,16,Watch Together,watch_together,0.13376,0.715
4438,nostalgic,high,20,evening,just_because,long_term,4,moderate,true,false,memory_connection,24,Date Night Roulette,date_activity,0.05609,0.743
4439,low_energy,very_high,60,evening,weekend,dating,5,light,false,false,gentle_connection,16,Watch Together,watch_together,0.17447,0.665
4440,happy,low,20,morning,normal_day,just_met,4,light,false,false,positive_social,12,Deep Questions,conversation,0.09489,0.66
4441,happy,very_low,20,late_night,special_memory,new,4,light,false,false,positive_social,11,Relationship Timeline,memory,0.0756,0.743
4442,deep,very_high,10,afternoon,holiday,just_met,4,light,false,false,deep_connection,6,Scribble,creative_game,0.10048,0.695
4443,playful,very_low,20,morning,late_night,serious,1,light,false,false,playful_social,15,Music Mood,watch_together,0.05963,0.695
4444,deep,very_high,5,afternoon,just_because,just_met,3,light,false,false,deep_connection,1,Rapid Fire,question_game,0.2209,0.695
4445,playful,medium,15,late_night,reunion,dating,2,light,false,false,playful_social,18,Truth or Dare,romantic_activity,0.05959,0.824
4446,low_energy,very_high,15,late_night,rough_day,dating,3,light,false,false,gentle_connection,10,Memory Lane,memory,0.06931,0.761
4447,affectionate,very_high,5,late_night,special_memory,just_met,2,moderate,true,false,warm_connection,4,Tic Tac Toe,competitive_game,0.1197,0.61
4448,calm,low,5,morning,birthday,long_term,5,light,false,false,calm_connection,1,Rapid Fire,question_game,0.07655,0.67
4449,relaxed,high,15,afternoon,rough_day,serious,1,light,false,false,easy_connection,10,Memory Lane,memory,0.06171,0.762
4450,celebratory,high,45,late_night,anniversary,just_met,4,light,false,false,celebration,3,Trivia Battle,competitive_game,0.16026,0.66
4451,celebratory,medium,60,late_night,rough_day,new,3,light,false,false,celebration,23,Cozy Conversation,conversation,0.08464,0.651
4452,sensual,low,10,evening,holiday,long_term,4,high,true,true,sensual_connection,24,Date Night Roulette,date_activity,0.0717,0.743
4453,low_energy,low,60,afternoon,holiday,serious,4,light,false,false,gentle_connection,10,Memory Lane,memory,0.08636,0.708
4454,low_energy,very_low,15,morning,just_because,new,3,light,false,false,gentle_connection,15,Music Mood,watch_together,0.0601,0.715
4455,erotic,very_low,60,late_night,just_because,long_term,4,very_high,true,true,intimate_connection,19,Flirty This or That,intimate_activity,0.10863,0.658
4456,happy,high,5,evening,valentines,long_term,1,light,false,false,positive_social,19,Flirty This or That,intimate_activity,0.09536,0.707
4457,affectionate,medium,20,afternoon,first_date,just_met,4,moderate,true,false,warm_connection,8,Two Truths and a Lie,question_game,0.12212,0.72
4458,happy,high,45,afternoon,just_because,dating,3,light,false,false,positive_social,16,Watch Together,watch_together,0.09302,0.61
4459,relaxed,low,60,late_night,normal_day,just_met,3,light,false,false,easy_connection,15,Music Mood,watch_together,0.20619,0.66
4460,low_energy,medium,15,late_night,normal_day,new,5,light,false,false,gentle_connection,16,Watch Together,watch_together,0.05763,0.715
4461,deep,low,20,morning,rough_day,long_term,4,light,false,false,deep_connection,10,Memory Lane,memory,0.07805,0.848
4462,sensual,very_high,10,evening,valentines,new,5,high,true,true,sensual_connection,21,Compliment Challenge,romantic_activity,0.08742,0.785
4463,low_energy,very_low,15,morning,late_night,new,4,light,false,false,gentle_connection,10,Memory Lane,memory,0.05735,0.763
4464,happy,very_low,45,morning,special_memory,just_met,1,light,false,false,positive_social,16,Watch Together,watch_together,0.25552,0.635
4465,calm,high,5,late_night,first_date,long_term,4,light,false,false,calm_connection,2,This or That,question_game,0.11732,0.695
4466,deep,medium,60,morning,date_night,just_met,2,light,false,false,deep_connection,16,Watch Together,watch_together,0.24545,0.635
4467,low_energy,very_high,30,afternoon,celebration,new,5,light,false,false,gentle_connection,18,Truth or Dare,romantic_activity,0.07766,0.73
4468,low_energy,high,60,morning,special_memory,long_term,4,light,false,false,gentle_connection,16,Watch Together,watch_together,0.16357,0.69
4469,affectionate,low,5,morning,birthday,dating,5,moderate,true,false,warm_connection,21,Compliment Challenge,romantic_activity,0.09911,0.8
4470,low_energy,high,45,afternoon,celebration,serious,3,light,false,false,gentle_connection,6,Scribble,creative_game,0.07696,0.64
4471,sensual,high,5,afternoon,date_night,just_met,5,high,true,true,sensual_connection,1,Rapid Fire,question_game,0.17077,0.66
4472,romantic,very_low,20,afternoon,special_memory,just_met,5,moderate,true,false,romantic_connection,12,Deep Questions,conversation,0.06272,0.635
4473,relaxed,medium,5,late_night,long_distance,just_met,2,light,false,false,easy_connection,4,Tic Tac Toe,competitive_game,0.09934,0.66
4474,romantic,low,20,evening,special_memory,just_met,4,moderate,true,false,romantic_connection,12,Deep Questions,conversation,0.06447,0.66
4475,relaxed,very_high,10,evening,just_because,long_term,5,light,false,false,easy_connection,2,This or That,question_game,0.06372,0.75
4476,energetic,high,15,morning,holiday,new,2,light,false,false,high_energy_fun,6,Scribble,creative_game,0.07665,0.8
4477,celebratory,very_low,45,afternoon,celebration,new,3,light,false,false,celebration,17,Couple Challenge,challenge,0.14338,0.681
4478,nostalgic,low,45,late_night,special_memory,serious,1,moderate,true,false,memory_connection,11,Relationship Timeline,memory,0.20148,0.732
4479,celebratory,low,20,evening,late_night,long_term,5,light,false,false,celebration,20,Romantic Q&A,intimate_activity,0.05502,0.78
4480,romantic,low,15,afternoon,just_because,long_term,4,moderate,true,false,romantic_connection,18,Truth or Dare,romantic_activity,0.05912,0.823
4481,deep,medium,45,evening,special_memory,new,4,light,false,false,deep_connection,12,Deep Questions,conversation,0.08031,0.635
4482,sensual,very_high,20,morning,holiday,just_met,1,high,true,true,sensual_connection,3,Trivia Battle,competitive_game,0.1086,0.695
4483,affectionate,low,5,late_night,birthday,just_met,5,moderate,true,false,warm_connection,1,Rapid Fire,question_game,0.09728,0.67
4484,happy,medium,30,late_night,reunion,just_met,3,light,false,false,positive_social,6,Scribble,creative_game,0.10506,0.715
4485,calm,very_high,45,morning,special_memory,serious,2,light,false,false,calm_connection,11,Relationship Timeline,memory,0.0993,0.589
4486,nostalgic,high,30,morning,date_night,dating,5,moderate,true,false,memory_connection,11,Relationship Timeline,memory,0.07876,0.75
4487,romantic,very_low,45,evening,long_distance,new,4,moderate,true,false,romantic_connection,16,Watch Together,watch_together,0.12451,0.695
4488,relaxed,low,45,late_night,long_distance,just_met,2,light,false,false,easy_connection,16,Watch Together,watch_together,0.31414,0.8
4489,calm,very_high,15,morning,weekend,just_met,2,light,false,false,calm_connection,7,Find the Spy,social_game,0.09042,0.695
4490,calm,very_high,30,late_night,reunion,new,4,light,false,false,calm_connection,22,Little Moments,memory,0.07354,0.693
4491,erotic,very_high,10,evening,reunion,long_term,3,very_high,true,true,intimate_connection,20,Romantic Q&A,intimate_activity,0.07972,0.701
4492,playful,very_high,45,afternoon,birthday,serious,3,light,false,false,playful_social,17,Couple Challenge,challenge,0.12919,0.731
4493,playful,very_low,20,afternoon,long_distance,serious,1,light,false,false,playful_social,12,Deep Questions,conversation,0.06715,0.695
4494,nostalgic,high,10,evening,long_distance,serious,4,moderate,true,false,memory_connection,10,Memory Lane,memory,0.07848,0.798
4495,romantic,medium,30,evening,rough_day,new,2,moderate,true,false,romantic_connection,23,Cozy Conversation,conversation,0.07213,0.719
4496,erotic,very_low,30,morning,valentines,serious,2,very_high,true,true,intimate_connection,18,Truth or Dare,romantic_activity,0.12461,0.774
4497,nostalgic,low,30,afternoon,celebration,dating,5,moderate,true,false,memory_connection,11,Relationship Timeline,memory,0.09464,0.8
4498,energetic,low,60,afternoon,special_memory,just_met,1,light,false,false,high_energy_fun,7,Find the Spy,social_game,0.13014,0.61
4499,low_energy,very_high,30,afternoon,first_date,new,4,light,false,false,gentle_connection,15,Music Mood,watch_together,0.10799,0.665
4500,relaxed,medium,60,evening,weekend,dating,2,light,false,false,easy_connection,16,Watch Together,watch_together,0.14359,0.715
4501,energetic,low,5,morning,late_night,serious,1,light,false,false,high_energy_fun,23,Cozy Conversation,conversation,0.08323,0.732
4502,romantic,very_high,20,evening,holiday,just_met,4,moderate,true,false,romantic_connection,3,Trivia Battle,competitive_game,0.08252,0.695
4503,romantic,high,30,late_night,special_memory,new,4,moderate,true,false,romantic_connection,10,Memory Lane,memory,0.07796,0.718
4504,romantic,very_high,45,evening,valentines,dating,1,moderate,true,false,romantic_connection,14,Date Planner,date_activity,0.13799,0.682
4505,happy,very_low,15,morning,normal_day,long_term,1,light,false,false,positive_social,1,Rapid Fire,question_game,0.05939,0.665
4506,sensual,very_high,60,evening,rough_day,new,2,high,true,true,sensual_connection,23,Cozy Conversation,conversation,0.1345,0.669
4507,romantic,low,45,morning,normal_day,new,4,moderate,true,false,romantic_connection,16,Watch Together,watch_together,0.10297,0.66
4508,energetic,low,10,afternoon,valentines,just_met,2,light,false,false,high_energy_fun,7,Find the Spy,social_game,0.08037,0.69
4509,nostalgic,low,5,afternoon,celebration,dating,2,moderate,true,false,memory_connection,11,Relationship Timeline,memory,0.05976,0.684
4510,low_energy,medium,10,late_night,valentines,new,5,light,false,false,gentle_connection,20,Romantic Q&A,intimate_activity,0.06809,0.835
4511,relaxed,very_high,10,morning,holiday,long_term,1,light,false,false,easy_connection,14,Date Planner,date_activity,0.05887,0.682
4512,sensual,high,10,morning,long_distance,serious,5,high,true,true,sensual_connection,19,Flirty This or That,intimate_activity,0.07928,0.775
4513,nostalgic,high,45,evening,normal_day,new,2,moderate,true,false,memory_connection,16,Watch Together,watch_together,0.10675,0.61
4514,deep,medium,15,evening,first_date,just_met,4,light,false,false,deep_connection,12,Deep Questions,conversation,0.13178,0.775
4515,relaxed,medium,30,late_night,normal_day,just_met,5,light,false,false,easy_connection,16,Watch Together,watch_together,0.15,0.715
4516,erotic,medium,30,morning,first_date,dating,1,very_high,true,true,intimate_connection,19,Flirty This or That,intimate_activity,0.09112,0.672
4517,deep,low,30,late_night,holiday,new,5,light,false,false,deep_connection,12,Deep Questions,conversation,0.08806,0.74
4518,romantic,medium,5,morning,valentines,just_met,3,moderate,true,false,romantic_connection,1,Rapid Fire,question_game,0.08571,0.635
4519,low_energy,very_high,60,late_night,late_night,long_term,4,light,false,false,gentle_connection,16,Watch Together,watch_together,0.25455,0.725
4520,sensual,low,5,evening,holiday,new,3,high,true,true,sensual_connection,25,Playful Teasing Cards,intimate_activity,0.11171,0.751
4521,sensual,low,45,afternoon,date_night,long_term,1,high,true,true,sensual_connection,19,Flirty This or That,intimate_activity,0.12932,0.707
4522,nostalgic,low,20,late_night,celebration,dating,2,moderate,true,false,memory_connection,11,Relationship Timeline,memory,0.07003,0.764
4523,deep,very_low,45,evening,reunion,serious,2,light,false,false,deep_connection,22,Little Moments,memory,0.0792,0.639
4524,sensual,low,30,evening,normal_day,just_met,1,high,true,true,sensual_connection,12,Deep Questions,conversation,0.1562,0.66
4525,calm,low,60,evening,valentines,long_term,4,light,false,false,calm_connection,21,Compliment Challenge,romantic_activity,0.07645,0.688
4526,energetic,high,45,afternoon,long_distance,just_met,2,light,false,false,high_energy_fun,16,Watch Together,watch_together,0.17093,0.67
4527,energetic,medium,30,morning,anniversary,just_met,3,light,false,false,high_energy_fun,1,Rapid Fire,question_game,0.07105,0.635
4528,calm,very_high,60,morning,rough_day,long_term,4,light,false,false,calm_connection,16,Watch Together,watch_together,0.23729,0.725
4529,nostalgic,high,5,evening,holiday,new,2,moderate,true,false,memory_connection,1,Rapid Fire,question_game,0.06192,0.66
4530,affectionate,medium,45,evening,rough_day,dating,3,moderate,true,false,warm_connection,22,Little Moments,memory,0.11352,0.731
4531,romantic,very_low,15,evening,late_night,serious,4,moderate,true,false,romantic_connection,23,Cozy Conversation,conversation,0.0679,0.823
4532,energetic,very_high,30,morning,first_date,new,4,light,false,false,high_energy_fun,1,Rapid Fire,question_game,0.06626,0.635
4533,erotic,very_high,10,morning,rough_day,dating,3,very_high,true,true,intimate_connection,19,Flirty This or That,intimate_activity,0.08453,0.726
4534,romantic,high,60,evening,valentines,just_met,1,moderate,true,false,romantic_connection,6,Scribble,creative_game,0.06993,0.58
4535,happy,very_high,30,evening,weekend,long_term,4,light,false,false,positive_social,17,Couple Challenge,challenge,0.08521,0.743
4536,happy,very_low,15,afternoon,date_night,just_met,2,light,false,false,positive_social,8,Two Truths and a Lie,question_game,0.08534,0.69
4537,sensual,very_high,30,late_night,normal_day,just_met,5,high,true,true,sensual_connection,3,Trivia Battle,competitive_game,0.19073,0.635
4538,energetic,high,45,morning,date_night,long_term,5,light,false,false,high_energy_fun,18,Truth or Dare,romantic_activity,0.07037,0.675
4539,celebratory,very_high,45,afternoon,normal_day,serious,3,light,false,false,celebration,3,Trivia Battle,competitive_game,0.11903,0.635
4540,playful,very_low,45,afternoon,rough_day,long_term,5,light,false,false,playful_social,22,Little Moments,memory,0.07275,0.675
4541,energetic,very_high,60,afternoon,reunion,just_met,3,light,false,false,high_energy_fun,7,Find the Spy,social_game,0.15278,0.635
4542,happy,low,10,late_night,rough_day,long_term,5,light,false,false,positive_social,10,Memory Lane,memory,0.05525,0.78
4543,romantic,very_high,15,late_night,weekend,just_met,5,moderate,true,false,romantic_connection,3,Trivia Battle,competitive_game,0.06904,0.695
4544,deep,low,30,late_night,long_distance,new,1,light,false,false,deep_connection,11,Relationship Timeline,memory,0.08147,0.752
4545,celebratory,very_low,45,morning,reunion,new,4,light,false,false,celebration,24,Date Night Roulette,date_activity,0.11454,0.718
4546,celebratory,very_high,30,evening,special_memory,dating,3,light,false,false,celebration,6,Scribble,creative_game,0.08386,0.715
4547,low_energy,medium,60,evening,birthday,just_met,1,light,false,false,gentle_connection,15,Music Mood,watch_together,0.1457,0.635
4548,celebratory,low,45,late_night,date_night,serious,3,light,false,false,celebration,24,Date Night Roulette,date_activity,0.10535,0.731
4549,affectionate,medium,60,late_night,holiday,dating,5,moderate,true,false,warm_connection,16,Watch Together,watch_together,0.09424,0.635
4550,relaxed,very_low,60,evening,anniversary,dating,5,light,false,false,easy_connection,22,Little Moments,memory,0.14481,0.755
4551,nostalgic,low,30,evening,celebration,long_term,1,moderate,true,false,memory_connection,6,Scribble,creative_game,0.08606,0.67
4552,celebratory,very_high,20,evening,weekend,dating,4,light,false,false,celebration,3,Trivia Battle,competitive_game,0.07875,0.775
4553,affectionate,high,15,late_night,celebration,long_term,1,moderate,true,false,warm_connection,3,Trivia Battle,competitive_game,0.06494,0.72
4554,nostalgic,medium,60,afternoon,birthday,just_met,4,moderate,true,false,memory_connection,6,Scribble,creative_game,0.14407,0.615
4555,sensual,low,5,late_night,celebration,just_met,4,high,true,true,sensual_connection,1,Rapid Fire,question_game,0.12,0.67
4556,relaxed,very_low,45,afternoon,valentines,just_met,1,light,false,false,easy_connection,16,Watch Together,watch_together,0.44133,0.715
4557,nostalgic,low,20,afternoon,date_night,new,2,moderate,true,false,memory_connection,22,Little Moments,memory,0.06468,0.764
4558,nostalgic,medium,15,morning,anniversary,new,4,moderate,true,false,memory_connection,22,Little Moments,memory,0.07865,0.823
4559,celebratory,medium,10,evening,celebration,just_met,2,light,false,false,celebration,3,Trivia Battle,competitive_game,0.11047,0.775
4560,erotic,low,60,late_night,valentines,new,2,very_high,true,true,intimate_connection,25,Playful Teasing Cards,intimate_activity,0.12723,0.719
4561,calm,medium,60,morning,birthday,long_term,4,light,false,false,calm_connection,16,Watch Together,watch_together,0.1492,0.715
4562,celebratory,very_low,10,afternoon,date_night,new,3,light,false,false,celebration,14,Date Planner,date_activity,0.05419,0.706
4563,playful,medium,20,evening,just_because,just_met,5,light,false,false,playful_social,6,Scribble,creative_game,0.09533,0.715
4564,calm,medium,15,evening,rough_day,serious,1,light,false,false,calm_connection,10,Memory Lane,memory,0.06041,0.787
4565,romantic,very_low,5,late_night,first_date,serious,3,moderate,true,false,romantic_connection,2,This or That,question_game,0.11818,0.67
4566,relaxed,medium,15,evening,late_night,dating,4,light,false,false,easy_connection,19,Flirty This or That,intimate_activity,0.05082,0.768
4567,playful,low,5,afternoon,just_because,long_term,1,light,false,false,playful_social,6,Scribble,creative_game,0.06122,0.61
4568,romantic,high,45,morning,holiday,serious,3,moderate,true,false,romantic_connection,14,Date Planner,date_activity,0.12057,0.731
4569,sensual,high,5,afternoon,date_night,new,5,high,true,true,sensual_connection,20,Romantic Q&A,intimate_activity,0.09501,0.73
4570,low_energy,very_low,15,late_night,birthday,dating,4,light,false,false,gentle_connection,15,Music Mood,watch_together,0.05916,0.715
4571,calm,low,45,morning,just_because,dating,3,light,false,false,calm_connection,23,Cozy Conversation,conversation,0.08273,0.696
4572,erotic,medium,30,evening,normal_day,new,4,very_high,true,true,intimate_connection,18,Truth or Dare,romantic_activity,0.1043,0.788
4573,calm,high,5,late_night,reunion,serious,5,light,false,false,calm_connection,10,Memory Lane,memory,0.0764,0.73
4574,low_energy,medium,60,afternoon,anniversary,new,4,light,false,false,gentle_connection,16,Watch Together,watch_together,0.13967,0.715
4575,affectionate,very_high,45,morning,birthday,serious,1,moderate,true,false,warm_connection,3,Trivia Battle,competitive_game,0.14749,0.615
4576,romantic,low,20,late_night,rough_day,new,4,moderate,true,false,romantic_connection,16,Watch Together,watch_together,0.05795,0.72
4577,celebratory,very_low,10,afternoon,date_night,just_met,5,light,false,false,celebration,3,Trivia Battle,competitive_game,0.07453,0.665
4578,calm,very_low,20,morning,reunion,long_term,1,light,false,false,calm_connection,22,Little Moments,memory,0.08659,0.787
4579,energetic,very_low,45,morning,valentines,just_met,2,light,false,false,high_energy_fun,16,Watch Together,watch_together,0.18451,0.635
4580,affectionate,very_high,60,afternoon,birthday,dating,5,moderate,true,false,warm_connection,16,Watch Together,watch_together,0.11053,0.585
4581,relaxed,very_high,20,afternoon,just_because,just_met,4,light,false,false,easy_connection,15,Music Mood,watch_together,0.09904,0.665
4582,playful,very_high,45,afternoon,celebration,new,2,light,false,false,playful_social,1,Rapid Fire,question_game,0.13285,0.695
4583,low_energy,very_low,45,afternoon,late_night,serious,5,light,false,false,gentle_connection,16,Watch Together,watch_together,0.20485,0.775
4584,happy,medium,10,morning,reunion,just_met,2,light,false,false,positive_social,8,Two Truths and a Lie,question_game,0.09454,0.74
4585,relaxed,very_low,60,morning,just_because,long_term,2,light,false,false,easy_connection,15,Music Mood,watch_together,0.08831,0.635
4586,nostalgic,low,45,late_night,reunion,dating,2,moderate,true,false,memory_connection,22,Little Moments,memory,0.14811,0.744
4587,happy,medium,15,evening,reunion,long_term,5,light,false,false,positive_social,18,Truth or Dare,romantic_activity,0.0523,0.78
4588,erotic,low,30,afternoon,normal_day,serious,2,very_high,true,true,intimate_connection,18,Truth or Dare,romantic_activity,0.10022,0.739
4589,sensual,very_high,60,morning,first_date,new,4,high,true,true,sensual_connection,18,Truth or Dare,romantic_activity,0.09722,0.658
4590,nostalgic,very_low,15,evening,long_distance,serious,3,moderate,true,false,memory_connection,11,Relationship Timeline,memory,0.06484,0.751
4591,calm,low,45,evening,reunion,serious,1,light,false,false,calm_connection,15,Music Mood,watch_together,0.09684,0.66
4592,relaxed,very_low,45,late_night,just_because,dating,4,light,false,false,easy_connection,16,Watch Together,watch_together,0.17391,0.715
4593,low_energy,medium,60,evening,date_night,dating,4,light,false,false,gentle_connection,16,Watch Together,watch_together,0.13037,0.715
4594,nostalgic,high,45,evening,reunion,serious,5,moderate,true,false,memory_connection,17,Couple Challenge,challenge,0.07128,0.7
4595,deep,very_low,20,morning,special_memory,long_term,3,light,false,false,deep_connection,11,Relationship Timeline,memory,0.09859,0.811
4596,energetic,high,20,morning,long_distance,just_met,2,light,false,false,high_energy_fun,15,Music Mood,watch_together,0.08133,0.67
4597,nostalgic,very_high,30,late_night,just_because,new,5,moderate,true,false,memory_connection,24,Date Night Roulette,date_activity,0.08348,0.73
4598,relaxed,very_high,5,afternoon,weekend,new,4,light,false,false,easy_connection,1,Rapid Fire,question_game,0.06286,0.635
4599,playful,high,15,morning,reunion,just_met,1,light,false,false,playful_social,6,Scribble,creative_game,0.10638,0.74
4600,energetic,very_low,45,late_night,normal_day,dating,4,light,false,false,high_energy_fun,17,Couple Challenge,challenge,0.09789,0.633
4601,relaxed,very_high,30,morning,special_memory,new,1,light,false,false,easy_connection,10,Memory Lane,memory,0.08957,0.657
4602,low_energy,high,20,evening,reunion,long_term,3,light,false,false,gentle_connection,23,Cozy Conversation,conversation,0.06115,0.726
4603,romantic,high,30,afternoon,just_because,just_met,2,moderate,true,false,romantic_connection,5,Connect Four,competitive_game,0.08316,0.635
4604,deep,low,30,evening,anniversary,dating,3,light,false,false,deep_connection,11,Relationship Timeline,memory,0.1193,0.836
4605,relaxed,very_low,5,morning,late_night,long_term,3,light,false,false,easy_connection,19,Flirty This or That,intimate_activity,0.08924,0.706
4606,nostalgic,high,5,morning,reunion,just_met,5,moderate,true,false,memory_connection,4,Tic Tac Toe,competitive_game,0.1125,0.635
4607,low_energy,high,20,morning,valentines,new,1,light,false,false,gentle_connection,16,Watch Together,watch_together,0.06319,0.69
4608,low_energy,very_low,45,morning,reunion,dating,1,light,false,false,gentle_connection,16,Watch Together,watch_together,0.21364,0.715
4609,affectionate,high,30,evening,rough_day,serious,5,moderate,true,false,warm_connection,22,Little Moments,memory,0.07647,0.73
4610,sensual,low,45,evening,long_distance,just_met,1,high,true,true,sensual_connection,16,Watch Together,watch_together,0.30738,0.72
4611,playful,very_low,5,morning,normal_day,serious,1,light,false,false,playful_social,8,Two Truths and a Lie,question_game,0.08466,0.61
4612,energetic,very_high,45,evening,normal_day,new,1,light,false,false,high_energy_fun,6,Scribble,creative_game,0.16497,0.635
4613,romantic,medium,45,evening,late_night,serious,2,moderate,true,false,romantic_connection,23,Cozy Conversation,conversation,0.0832,0.719
4614,low_energy,low,45,afternoon,normal_day,just_met,1,light,false,false,gentle_connection,3,Trivia Battle,competitive_game,0.0331,0.53
4615,romantic,very_high,20,evening,just_because,long_term,5,moderate,true,false,romantic_connection,14,Date Planner,date_activity,0.06864,0.81
4616,low_energy,high,45,evening,celebration,new,5,light,false,false,gentle_connection,17,Couple Challenge,challenge,0.08656,0.7
4617,celebratory,high,45,evening,birthday,new,3,light,false,false,celebration,17,Couple Challenge,challenge,0.13845,0.756
4618,low_energy,very_high,60,evening,celebration,new,1,light,false,false,gentle_connection,16,Watch Together,watch_together,0.26282,0.665
4619,relaxed,medium,5,evening,special_memory,new,4,light,false,false,easy_connection,10,Memory Lane,memory,0.08944,0.743
4620,erotic,medium,5,afternoon,anniversary,serious,5,very_high,true,true,intimate_connection,20,Romantic Q&A,intimate_activity,0.09194,0.755
4621,energetic,high,60,late_night,rough_day,long_term,5,light,false,false,high_energy_fun,1,Rapid Fire,question_game,0.08606,0.66
4622,nostalgic,very_low,45,late_night,special_memory,just_met,5,moderate,true,false,memory_connection,16,Watch Together,watch_together,0.20404,0.635
4623,energetic,very_low,60,late_night,birthday,long_term,1,light,false,false,high_energy_fun,16,Watch Together,watch_together,0.14477,0.635
4624,nostalgic,medium,30,late_night,weekend,long_term,1,moderate,true,false,memory_connection,6,Scribble,creative_game,0.08471,0.695
4625,celebratory,very_high,5,morning,anniversary,dating,5,light,false,false,celebration,22,Little Moments,memory,0.08913,0.705
4626,deep,very_low,45,evening,reunion,dating,3,light,false,false,deep_connection,11,Relationship Timeline,memory,0.14055,0.731
4627,celebratory,very_high,30,late_night,anniversary,new,3,light,false,false,celebration,3,Trivia Battle,competitive_game,0.0793,0.715
4628,affectionate,medium,10,late_night,rough_day,long_term,1,moderate,true,false,warm_connection,23,Cozy Conversation,conversation,0.08418,0.787
4629,playful,very_low,45,morning,just_because,long_term,3,light,false,false,playful_social,18,Truth or Dare,romantic_activity,0.08791,0.706
4630,playful,very_high,15,late_night,celebration,serious,5,light,false,false,playful_social,17,Couple Challenge,challenge,0.07893,0.835
4631,low_energy,medium,30,afternoon,holiday,new,1,light,false,false,gentle_connection,16,Watch Together,watch_together,0.09479,0.715
4632,celebratory,high,5,afternoon,normal_day,serious,2,light,false,false,celebration,2,This or That,question_game,0.06545,0.635
4633,sensual,very_high,5,morning,just_because,new,2,high,true,true,sensual_connection,23,Cozy Conversation,conversation,0.09388,0.689
4634,relaxed,medium,10,evening,late_night,serious,2,light,false,false,easy_connection,23,Cozy Conversation,conversation,0.07355,0.799
4635,calm,medium,30,afternoon,holiday,long_term,5,light,false,false,calm_connection,6,Scribble,creative_game,0.06805,0.695
4636,energetic,very_high,60,morning,rough_day,long_term,2,light,false,false,high_energy_fun,7,Find the Spy,social_game,0.0911,0.635
4637,erotic,medium,20,evening,late_night,long_term,3,very_high,true,true,intimate_connection,25,Playful Teasing Cards,intimate_activity,0.10614,0.836
4638,relaxed,very_low,15,afternoon,late_night,new,4,light,false,false,easy_connection,20,Romantic Q&A,intimate_activity,0.0532,0.743
4639,energetic,very_high,15,late_night,special_memory,new,1,light,false,false,high_energy_fun,3,Trivia Battle,competitive_game,0.07367,0.715
4640,playful,high,10,late_night,valentines,long_term,1,light,false,false,playful_social,2,This or That,question_game,0.06356,0.715
4641,calm,low,30,afternoon,long_distance,serious,4,light,false,false,calm_connection,16,Watch Together,watch_together,0.09738,0.8
4642,nostalgic,very_high,45,late_night,late_night,long_term,5,moderate,true,false,memory_connection,11,Relationship Timeline,memory,0.10209,0.645
4643,energetic,medium,15,evening,valentines,long_term,3,light,false,false,high_energy_fun,3,Trivia Battle,competitive_game,0.04984,0.715
4644,erotic,medium,5,afternoon,birthday,just_met,1,very_high,true,true,intimate_connection,1,Rapid Fire,question_game,0.07947,0.695
4645,romantic,very_high,45,afternoon,long_distance,just_met,3,moderate,true,false,romantic_connection,3,Trivia Battle,competitive_game,0.06096,0.555
4646,relaxed,low,45,late_night,valentines,just_met,5,light,false,false,easy_connection,16,Watch Together,watch_together,0.33251,0.74
4647,relaxed,low,30,morning,first_date,new,3,light,false,false,easy_connection,2,This or That,question_game,0.07385,0.695
4648,nostalgic,medium,60,evening,reunion,long_term,2,moderate,true,false,memory_connection,22,Little Moments,memory,0.15986,0.719
4649,erotic,medium,20,morning,just_because,just_met,3,very_high,true,true,intimate_connection,5,Connect Four,competitive_game,0.10033,0.66
4650,erotic,high,10,afternoon,rough_day,new,1,very_high,true,true,intimate_connection,22,Little Moments,memory,0.06951,0.682
4651,erotic,high,5,late_night,valentines,long_term,3,very_high,true,true,intimate_connection,20,Romantic Q&A,intimate_activity,0.10738,0.706
4652,calm,low,5,late_night,normal_day,new,2,light,false,false,calm_connection,22,Little Moments,memory,0.10417,0.764
4653,deep,low,10,morning,anniversary,serious,2,light,false,false,deep_connection,12,Deep Questions,conversation,0.058,0.74
4654,low_energy,high,5,late_night,celebration,new,3,light,false,false,gentle_connection,1,Rapid Fire,question_game,0.09009,0.72
4655,calm,high,10,morning,special_memory,just_met,2,light,false,false,calm_connection,15,Music Mood,watch_together,0.0836,0.69
4656,affectionate,very_high,45,morning,reunion,long_term,2,moderate,true,false,warm_connection,16,Watch Together,watch_together,0.08005,0.585
4657,energetic,very_high,60,morning,just_because,serious,4,light,false,false,high_energy_fun,1,Rapid Fire,question_game,0.1513,0.695
4658,sensual,medium,15,evening,weekend,serious,4,high,true,true,sensual_connection,25,Playful Teasing Cards,intimate_activity,0.0751,0.788
4659,relaxed,medium,45,evening,first_date,long_term,1,light,false,false,easy_connection,16,Watch Together,watch_together,0.2329,0.715
4660,nostalgic,very_high,10,evening,date_night,just_met,2,moderate,true,false,memory_connection,2,This or That,question_game,0.05549,0.61
4661,nostalgic,very_high,20,late_night,late_night,just_met,3,moderate,true,false,memory_connection,7,Find the Spy,social_game,0.07013,0.635
4662,celebratory,medium,20,evening,date_night,long_term,5,light,false,false,celebration,8,Two Truths and a Lie,question_game,0.05091,0.74
4663,sensual,very_high,15,late_night,just_because,just_met,3,high,true,true,sensual_connection,1,Rapid Fire,question_game,0.09632,0.695
4664,affectionate,very_low,45,afternoon,holiday,new,5,moderate,true,false,warm_connection,24,Date Night Roulette,date_activity,0.08536,0.65
4665,energetic,very_low,60,afternoon,anniversary,new,1,light,false,false,high_energy_fun,16,Watch Together,watch_together,0.14674,0.635
4666,relaxed,high,30,late_night,birthday,new,4,light,false,false,easy_connection,16,Watch Together,watch_together,0.07193,0.69
4667,sensual,high,30,late_night,date_night,serious,5,high,true,true,sensual_connection,25,Playful Teasing Cards,intimate_activity,0.09091,0.755
4668,erotic,medium,10,late_night,date_night,long_term,4,very_high,true,true,intimate_connection,18,Truth or Dare,romantic_activity,0.08681,0.848
4669,happy,low,10,morning,weekend,serious,4,light,false,false,positive_social,6,Scribble,creative_game,0.06091,0.75
4670,deep,high,5,morning,long_distance,new,5,light,false,false,deep_connection,10,Memory Lane,memory,0.07565,0.73
4671,affectionate,medium,45,evening,holiday,dating,4,moderate,true,false,warm_connection,24,Date Night Roulette,date_activity,0.08399,0.688
4672,relaxed,low,10,afternoon,holiday,serious,4,light,false,false,easy_connection,10,Memory Lane,memory,0.05559,0.788
4673,erotic,very_low,5,evening,valentines,new,3,very_high,true,true,intimate_connection,20,Romantic Q&A,intimate_activity,0.11775,0.731
4674,sensual,very_high,20,afternoon,normal_day,new,4,high,true,true,sensual_connection,25,Playful Teasing Cards,intimate_activity,0.09667,0.738
4675,low_energy,low,10,evening,holiday,serious,1,light,false,false,gentle_connection,23,Cozy Conversation,conversation,0.06452,0.752
4676,romantic,medium,5,afternoon,valentines,dating,3,moderate,true,false,romantic_connection,18,Truth or Dare,romantic_activity,0.08091,0.756
4677,relaxed,very_high,30,afternoon,late_night,serious,4,light,false,false,easy_connection,23,Cozy Conversation,conversation,0.07653,0.693
4678,deep,very_low,5,late_night,reunion,long_term,5,light,false,false,deep_connection,11,Relationship Timeline,memory,0.08052,0.755
4679,playful,medium,60,late_night,celebration,dating,4,light,false,false,playful_social,18,Truth or Dare,romantic_activity,0.09693,0.768
4680,energetic,low,30,late_night,holiday,dating,4,light,false,false,high_energy_fun,14,Date Planner,date_activity,0.07818,0.743
4681,deep,medium,30,evening,rough_day,serious,4,light,false,false,deep_connection,15,Music Mood,watch_together,0.07262,0.695
4682,affectionate,low,45,afternoon,late_night,just_met,2,moderate,true,false,warm_connection,16,Watch Together,watch_together,0.33088,0.72
4683,celebratory,medium,15,late_night,just_because,serious,1,light,false,false,celebration,1,Rapid Fire,question_game,0.07143,0.775
4684,relaxed,low,10,evening,valentines,long_term,5,light,false,false,easy_connection,23,Cozy Conversation,conversation,0.05817,0.8
4685,deep,low,20,evening,normal_day,serious,4,light,false,false,deep_connection,12,Deep Questions,conversation,0.07314,0.74
4686,nostalgic,very_high,15,afternoon,normal_day,just_met,2,moderate,true,false,memory_connection,2,This or That,question_game,0.06897,0.61
4687,happy,low,60,afternoon,late_night,long_term,1,light,false,false,positive_social,15,Music Mood,watch_together,0.09119,0.64
4688,affectionate,very_high,20,morning,holiday,serious,2,moderate,true,false,warm_connection,3,Trivia Battle,competitive_game,0.06032,0.695
4689,affectionate,medium,20,morning,valentines,long_term,1,moderate,true,false,warm_connection,20,Romantic Q&A,intimate_activity,0.07159,0.787
4690,low_energy,very_low,5,evening,holiday,new,2,light,false,false,gentle_connection,22,Little Moments,memory,0.10398,0.739
4691,erotic,low,15,late_night,reunion,just_met,2,very_high,true,true,intimate_connection,12,Deep Questions,conversation,0.07839,0.66
4692,energetic,high,10,late_night,first_date,dating,4,light,false,false,high_energy_fun,3,Trivia Battle,competitive_game,0.0761,0.74
4693,relaxed,very_high,15,late_night,rough_day,long_term,3,light,false,false,easy_connection,15,Music Mood,watch_together,0.07198,0.725
4694,energetic,medium,30,evening,late_night,long_term,3,light,false,false,high_energy_fun,17,Couple Challenge,challenge,0.04779,0.671
4695,happy,medium,15,afternoon,rough_day,serious,2,light,false,false,positive_social,16,Watch Together,watch_together,0.05384,0.695
4696,low_energy,very_low,20,morning,birthday,long_term,3,light,false,false,gentle_connection,22,Little Moments,memory,0.0648,0.751
4697,deep,very_low,30,afternoon,late_night,dating,2,light,false,false,deep_connection,23,Cozy Conversation,conversation,0.07245,0.719
4698,romantic,medium,10,morning,reunion,long_term,5,moderate,true,false,romantic_connection,10,Memory Lane,memory,0.06924,0.835
4699,erotic,very_low,20,evening,first_date,just_met,5,very_high,true,true,intimate_connection,12,Deep Questions,conversation,0.1201,0.695
4700,romantic,very_low,15,evening,reunion,dating,3,moderate,true,false,romantic_connection,18,Truth or Dare,romantic_activity,0.06452,0.786
4701,happy,low,5,afternoon,reunion,serious,5,light,false,false,positive_social,21,Compliment Challenge,romantic_activity,0.06129,0.72
4702,energetic,low,5,afternoon,birthday,just_met,2,light,false,false,high_energy_fun,6,Scribble,creative_game,0.12871,0.67
4703,calm,low,10,morning,special_memory,new,3,light,false,false,calm_connection,15,Music Mood,watch_together,0.05409,0.74
4704,deep,very_low,45,afternoon,late_night,new,4,light,false,false,deep_connection,16,Watch Together,watch_together,0.14351,0.695
4705,low_energy,very_low,30,evening,first_date,new,1,light,false,false,gentle_connection,5,Connect Four,competitive_game,0.07709,0.61
4706,happy,medium,45,afternoon,valentines,serious,5,light,false,false,positive_social,14,Date Planner,date_activity,0.08171,0.7
4707,celebratory,very_low,45,morning,birthday,serious,5,light,false,false,celebration,16,Watch Together,watch_together,0.09933,0.635
4708,playful,low,60,afternoon,just_because,new,3,light,false,false,playful_social,16,Watch Together,watch_together,0.11009,0.66
4709,happy,very_low,30,morning,special_memory,just_met,2,light,false,false,positive_social,12,Deep Questions,conversation,0.09969,0.635
4710,sensual,low,15,evening,reunion,just_met,2,high,true,true,sensual_connection,12,Deep Questions,conversation,0.0924,0.66
4711,erotic,very_high,20,afternoon,just_because,serious,4,very_high,true,true,intimate_connection,25,Playful Teasing Cards,intimate_activity,0.09214,0.738
4712,playful,low,20,afternoon,birthday,new,1,light,false,false,playful_social,17,Couple Challenge,challenge,0.06564,0.762
4713,romantic,very_low,60,afternoon,late_night,just_met,2,moderate,true,false,romantic_connection,16,Watch Together,watch_together,0.49412,0.695
4714,affectionate,very_low,5,evening,late_night,dating,5,moderate,true,false,warm_connection,23,Cozy Conversation,conversation,0.13641,0.835
4715,celebratory,very_high,30,morning,weekend,long_term,5,light,false,false,celebration,17,Couple Challenge,challenge,0.09711,0.755
4716,celebratory,high,45,late_night,birthday,dating,2,light,false,false,celebration,17,Couple Challenge,challenge,0.13845,0.744
4717,celebratory,very_low,45,morning,weekend,new,1,light,false,false,celebration,24,Date Night Roulette,date_activity,0.12411,0.682
4718,affectionate,medium,20,afternoon,first_date,serious,2,moderate,true,false,warm_connection,9,How Well Do You Know Me,question_game,0.07618,0.824
4719,relaxed,high,20,morning,birthday,just_met,4,light,false,false,easy_connection,3,Trivia Battle,competitive_game,0.10417,0.72
4720,low_energy,low,45,morning,late_night,just_met,5,light,false,false,gentle_connection,16,Watch Together,watch_together,0.11628,0.8
4721,energetic,medium,5,evening,holiday,just_met,1,light,false,false,high_energy_fun,4,Tic Tac Toe,competitive_game,0.15929,0.74
4722,affectionate,low,5,afternoon,birthday,dating,5,moderate,true,false,warm_connection,22,Little Moments,memory,0.09911,0.8
4723,happy,high,5,evening,just_because,long_term,4,light,false,false,positive_social,21,Compliment Challenge,romantic_activity,0.05517,0.658
4724,calm,very_low,60,late_night,reunion,dating,2,light,false,false,calm_connection,10,Memory Lane,memory,0.14889,0.719
4725,low_energy,high,10,afternoon,first_date,serious,2,light,false,false,gentle_connection,15,Music Mood,watch_together,0.06672,0.69
4726,happy,low,45,late_night,celebration,long_term,1,light,false,false,positive_social,16,Watch Together,watch_together,0.14107,0.66
4727,low_energy,very_low,15,late_night,holiday,just_met,2,light,false,false,gentle_connection,6,Scribble,creative_game,0.07668,0.645
4728,celebratory,very_high,20,afternoon,normal_day,serious,4,light,false,false,celebration,18,Truth or Dare,romantic_activity,0.06302,0.738
4729,happy,very_low,15,evening,long_distance,long_term,4,light,false,false,positive_social,10,Memory Lane,memory,0.05458,0.743
4730,celebratory,low,60,afternoon,special_memory,new,2,light,false,false,celebration,22,Little Moments,memory,0.10676,0.664
4731,happy,very_low,20,morning,rough_day,dating,5,light,false,false,positive_social,22,Little Moments,memory,0.06593,0.755
4732,erotic,very_low,30,late_night,holiday,just_met,3,very_high,true,true,intimate_connection,3,Trivia Battle,competitive_game,0.10803,0.645
4733,nostalgic,high,10,afternoon,date_night,new,3,moderate,true,false,memory_connection,20,Romantic Q&A,intimate_activity,0.05744,0.786
4734,happy,high,15,late_night,birthday,dating,5,light,false,false,positive_social,17,Couple Challenge,challenge,0.06958,0.86
4735,nostalgic,low,30,afternoon,anniversary,serious,3,moderate,true,false,memory_connection,22,Little Moments,memory,0.09159,0.756
4736,happy,very_high,20,afternoon,date_night,long_term,3,light,false,false,positive_social,8,Two Truths and a Lie,question_game,0.05444,0.69
4737,sensual,low,45,evening,weekend,dating,3,high,true,true,sensual_connection,19,Flirty This or That,intimate_activity,0.08964,0.671
4738,playful,low,30,morning,just_because,long_term,4,light,false,false,playful_social,3,Trivia Battle,competitive_game,0.06542,0.69
4739,affectionate,medium,30,afternoon,special_memory,new,4,moderate,true,false,warm_connection,10,Memory Lane,memory,0.08156,0.743
4740,nostalgic,low,30,late_night,anniversary,serious,5,moderate,true,false,memory_connection,20,Romantic Q&A,intimate_activity,0.05366,0.78
4741,affectionate,low,10,morning,normal_day,dating,2,moderate,true,false,warm_connection,22,Little Moments,memory,0.06784,0.764
4742,energetic,medium,30,evening,long_distance,serious,3,light,false,false,high_energy_fun,12,Deep Questions,conversation,0.06566,0.695
4743,sensual,high,45,evening,first_date,serious,2,high,true,true,sensual_connection,20,Romantic Q&A,intimate_activity,0.12405,0.634
4744,playful,low,5,late_night,anniversary,just_met,4,light,false,false,playful_social,1,Rapid Fire,question_game,0.14474,0.69
4745,romantic,very_high,20,late_night,long_distance,just_met,1,moderate,true,false,romantic_connection,15,Music Mood,watch_together,0.10795,0.645
4746,nostalgic,medium,5,morning,first_date,dating,3,moderate,true,false,memory_connection,4,Tic Tac Toe,competitive_game,0.08043,0.66
4747,calm,high,10,morning,rough_day,dating,2,light,false,false,calm_connection,10,Memory Lane,memory,0.06483,0.774
4748,playful,very_low,20,late_night,first_date,just_met,3,light,false,false,playful_social,2,This or That,question_game,0.11858,0.67
4749,happy,low,20,morning,first_date,long_term,5,light,false,false,positive_social,8,Two Truths and a Lie,question_game,0.09534,0.775
4750,sensual,very_low,60,evening,valentines,dating,3,high,true,true,sensual_connection,19,Flirty This or That,intimate_activity,0.14115,0.706
4751,calm,medium,10,late_night,weekend,new,4,light,false,false,calm_connection,17,Couple Challenge,challenge,0.05399,0.743
4752,deep,low,20,late_night,first_date,dating,1,light,false,false,deep_connection,12,Deep Questions,conversation,0.11823,0.8
4753,erotic,medium,45,evening,birthday,dating,5,very_high,true,true,intimate_connection,25,Playful Teasing Cards,intimate_activity,0.1062,0.72
4754,relaxed,high,5,morning,anniversary,just_met,1,light,false,false,easy_connection,2,This or That,question_game,0.16372,0.715
4755,relaxed,low,10,late_night,special_memory,new,2,light,false,false,easy_connection,13,Future Plans,conversation,0.05172,0.719
4756,relaxed,very_high,20,evening,celebration,new,1,light,false,false,easy_connection,15,Music Mood,watch_together,0.06636,0.665
4757,sensual,high,45,afternoon,long_distance,long_term,2,high,true,true,sensual_connection,25,Playful Teasing Cards,intimate_activity,0.09423,0.659
4758,low_energy,very_low,30,evening,holiday,serious,1,light,false,false,gentle_connection,14,Date Planner,date_activity,0.08131,0.682
4759,celebratory,low,15,morning,special_memory,long_term,5,light,false,false,celebration,10,Memory Lane,memory,0.06289,0.78
4760,low_energy,medium,5,morning,first_date,new,4,light,false,false,gentle_connection,4,Tic Tac Toe,competitive_game,0.07426,0.66
4761,erotic,medium,60,morning,anniversary,dating,5,very_high,true,true,intimate_connection,25,Playful Teasing Cards,intimate_activity,0.09174,0.72
4762,nostalgic,medium,10,late_night,holiday,serious,1,moderate,true,false,memory_connection,3,Trivia Battle,competitive_game,0.06017,0.695
4763,relaxed,low,60,late_night,just_because,long_term,3,light,false,false,easy_connection,10,Memory Lane,memory,0.08316,0.696
4764,celebratory,medium,45,morning,birthday,new,5,light,false,false,celebration,1,Rapid Fire,question_game,0.09082,0.695
4765,deep,medium,30,late_night,long_distance,long_term,3,light,false,false,deep_connection,11,Relationship Timeline,memory,0.07405,0.751
4766,playful,high,60,evening,holiday,serious,2,light,false,false,playful_social,17,Couple Challenge,challenge,0.12346,0.744
4767,romantic,very_high,5,morning,first_date,serious,1,moderate,true,false,romantic_connection,4,Tic Tac Toe,competitive_game,0.11594,0.61
4768,energetic,low,15,evening,reunion,long_term,3,light,false,false,high_energy_fun,11,Relationship Timeline,memory,0.05073,0.756
4769,calm,very_high,10,afternoon,valentines,just_met,4,light,false,false,calm_connection,1,Rapid Fire,question_game,0.05876,0.635
4770,nostalgic,low,60,afternoon,long_distance,dating,5,moderate,true,false,memory_connection,22,Little Moments,memory,0.15306,0.78
4771,sensual,very_low,45,morning,normal_day,just_met,4,high,true,true,sensual_connection,16,Watch Together,watch_together,0.24599,0.635
4772,nostalgic,very_low,10,evening,celebration,dating,4,moderate,true,false,memory_connection,22,Little Moments,memory,0.07032,0.763
4773,playful,low,5,evening,holiday,long_term,3,light,false,false,playful_social,6,Scribble,creative_game,0.07263,0.67
4774,playful,medium,10,afternoon,valentines,dating,2,light,false,false,playful_social,8,Two Truths and a Lie,question_game,0.05447,0.74
4775,nostalgic,low,45,afternoon,reunion,new,5,moderate,true,false,memory_connection,16,Watch Together,watch_together,0.08539,0.66
4776,sensual,medium,60,late_night,celebration,serious,5,high,true,true,sensual_connection,17,Couple Challenge,challenge,0.08743,0.675
4777,playful,low,5,afternoon,long_distance,dating,4,light,false,false,playful_social,22,Little Moments,memory,0.08043,0.768
4778,energetic,high,5,morning,valentines,long_term,5,light,false,false,high_energy_fun,1,Rapid Fire,question_game,0.09033,0.74
4779,sensual,very_low,60,late_night,normal_day,long_term,5,high,true,true,sensual_connection,19,Flirty This or That,intimate_activity,0.12014,0.67
4780,sensual,very_low,20,morning,first_date,serious,1,high,true,true,sensual_connection,20,Romantic Q&A,intimate_activity,0.10252,0.727
4781,relaxed,medium,15,late_night,rough_day,just_met,1,light,false,false,easy_connection,4,Tic Tac Toe,competitive_game,0.06224,0.66
4782,nostalgic,low,5,late_night,valentines,dating,2,moderate,true,false,memory_connection,23,Cozy Conversation,conversation,0.08079,0.764
4783,deep,high,10,evening,rough_day,new,2,light,false,false,deep_connection,13,Future Plans,conversation,0.05642,0.739
4784,sensual,high,15,late_night,reunion,just_met,1,high,true,true,sensual_connection,1,Rapid Fire,question_game,0.08359,0.66
4785,nostalgic,very_low,45,afternoon,valentines,new,2,moderate,true,false,memory_connection,11,Relationship Timeline,memory,0.10153,0.659
4786,playful,low,5,morning,weekend,new,2,light,false,false,playful_social,1,Rapid Fire,question_game,0.07899,0.69
4787,celebratory,very_high,5,late_night,celebration,serious,4,light,false,false,celebration,6,Scribble,creative_game,0.08625,0.695
4788,romantic,very_high,20,evening,just_because,new,5,moderate,true,false,romantic_connection,13,Future Plans,conversation,0.05463,0.75
4789,celebratory,medium,20,morning,long_distance,dating,4,light,false,false,celebration,18,Truth or Dare,romantic_activity,0.05333,0.788
4790,low_energy,very_high,10,morning,special_memory,just_met,1,light,false,false,gentle_connection,15,Music Mood,watch_together,0.11111,0.665
4791,sensual,high,5,morning,reunion,just_met,2,high,true,true,sensual_connection,1,Rapid Fire,question_game,0.14625,0.66
4792,erotic,very_low,30,late_night,just_because,serious,5,very_high,true,true,intimate_connection,18,Truth or Dare,romantic_activity,0.11652,0.81
4793,happy,high,60,morning,late_night,long_term,2,light,false,false,positive_social,16,Watch Together,watch_together,0.17687,0.67
4794,deep,very_high,10,late_night,reunion,dating,5,light,false,false,deep_connection,13,Future Plans,conversation,0.05902,0.75
4795,relaxed,low,30,late_night,valentines,just_met,4,light,false,false,easy_connection,5,Connect Four,competitive_game,0.0827,0.635
4796,low_energy,medium,60,evening,long_distance,dating,4,light,false,false,gentle_connection,16,Watch Together,watch_together,0.19285,0.775
4797,energetic,high,15,evening,first_date,long_term,5,light,false,false,high_energy_fun,1,Rapid Fire,question_game,0.07241,0.74
4798,playful,high,30,evening,reunion,serious,5,light,false,false,playful_social,6,Scribble,creative_game,0.08235,0.74
4799,erotic,very_low,10,evening,valentines,new,2,very_high,true,true,intimate_connection,20,Romantic Q&A,intimate_activity,0.11516,0.799
4800,relaxed,low,20,afternoon,normal_day,new,2,light,false,false,easy_connection,22,Little Moments,memory,0.06472,0.764
4801,relaxed,medium,15,afternoon,just_because,dating,4,light,false,false,easy_connection,23,Cozy Conversation,conversation,0.05526,0.763
4802,happy,very_high,45,morning,reunion,dating,1,light,false,false,positive_social,6,Scribble,creative_game,0.10169,0.635
4803,affectionate,medium,5,late_night,weekend,dating,2,moderate,true,false,warm_connection,23,Cozy Conversation,conversation,0.08499,0.739
4804,deep,high,20,late_night,valentines,just_met,2,light,false,false,deep_connection,3,Trivia Battle,competitive_game,0.06278,0.66
4805,nostalgic,low,20,morning,normal_day,dating,2,moderate,true,false,memory_connection,11,Relationship Timeline,memory,0.07798,0.764
4806,erotic,high,30,afternoon,anniversary,new,4,very_high,true,true,intimate_connection,20,Romantic Q&A,intimate_activity,0.09471,0.718
4807,affectionate,medium,10,afternoon,weekend,dating,4,moderate,true,false,warm_connection,14,Date Planner,date_activity,0.05777,0.768
4808,erotic,very_high,10,late_night,date_night,new,4,very_high,true,true,intimate_connection,18,Truth or Dare,romantic_activity,0.092,0.798
4809,romantic,medium,60,afternoon,first_date,just_met,2,moderate,true,false,romantic_connection,12,Deep Questions,conversation,0.11321,0.615
4810,sensual,high,60,morning,normal_day,long_term,5,high,true,true,sensual_connection,25,Playful Teasing Cards,intimate_activity,0.12671,0.695
4811,low_energy,low,15,morning,anniversary,serious,1,light,false,false,gentle_connection,22,Little Moments,memory,0.07772,0.812
4812,affectionate,low,60,afternoon,celebration,just_met,5,moderate,true,false,warm_connection,6,Scribble,creative_game,0.14,0.59
4813,nostalgic,low,30,evening,valentines,serious,1,moderate,true,false,memory_connection,11,Relationship Timeline,memory,0.09051,0.752
4814,low_energy,high,30,morning,birthday,serious,2,light,false,false,gentle_connection,15,Music Mood,watch_together,0.07724,0.69
4815,celebratory,very_high,60,evening,special_memory,just_met,4,light,false,false,celebration,8,Two Truths and a Lie,question_game,0.14359,0.61
4816,celebratory,high,30,morning,just_because,serious,3,light,false,false,celebration,18,Truth or Dare,romantic_activity,0.0946,0.811
4817,sensual,medium,15,evening,rough_day,new,1,high,true,true,sensual_connection,23,Cozy Conversation,conversation,0.09141,0.787
4818,low_energy,very_high,60,afternoon,reunion,long_term,2,light,false,false,gentle_connection,10,Memory Lane,memory,0.15965,0.669
4819,happy,medium,10,afternoon,celebration,serious,2,light,false,false,positive_social,6,Scribble,creative_game,0.06516,0.775
4820,celebratory,high,30,evening,late_night,new,3,light,false,false,celebration,24,Date Night Roulette,date_activity,0.07184,0.751
4821,romantic,very_high,30,afternoon,celebration,long_term,1,moderate,true,false,romantic_connection,18,Truth or Dare,romantic_activity,0.10806,0.762
4822,energetic,very_high,30,late_night,just_because,long_term,2,light,false,false,high_energy_fun,1,Rapid Fire,question_game,0.07695,0.695
4823,playful,medium,5,afternoon,date_night,just_met,5,light,false,false,playful_social,1,Rapid Fire,question_game,0.14665,0.715
4824,erotic,very_high,60,late_night,valentines,dating,1,very_high,true,true,intimate_connection,25,Playful Teasing Cards,intimate_activity,0.17959,0.682
4825,sensual,very_low,10,evening,normal_day,serious,4,high,true,true,sensual_connection,25,Playful Teasing Cards,intimate_activity,0.09248,0.738
4826,sensual,very_high,20,morning,long_distance,serious,2,high,true,true,sensual_connection,9,How Well Do You Know Me,question_game,0.06874,0.694
4827,energetic,high,20,morning,holiday,dating,5,light,false,false,high_energy_fun,17,Couple Challenge,challenge,0.08293,0.86
4828,nostalgic,high,10,afternoon,weekend,long_term,3,moderate,true,false,memory_connection,14,Date Planner,date_activity,0.05781,0.731
4829,playful,very_low,10,evening,date_night,dating,2,light,false,false,playful_social,24,Date Night Roulette,date_activity,0.05288,0.694
4830,relaxed,low,10,morning,valentines,dating,5,light,false,false,easy_connection,23,Cozy Conversation,conversation,0.05817,0.8
4831,affectionate,high,15,afternoon,late_night,serious,2,moderate,true,false,warm_connection,21,Compliment Challenge,romantic_activity,0.05158,0.714
4832,deep,very_high,15,evening,normal_day,new,5,light,false,false,deep_connection,10,Memory Lane,memory,0.05981,0.725
4833,calm,medium,20,evening,long_distance,dating,2,light,false,false,calm_connection,10,Memory Lane,memory,0.06775,0.799
4834,happy,very_high,20,afternoon,normal_day,just_met,2,light,false,false,positive_social,7,Find the Spy,social_game,0.09294,0.635
4835,playful,very_low,45,afternoon,rough_day,serious,2,light,false,false,playful_social,23,Cozy Conversation,conversation,0.0888,0.639
4836,relaxed,low,45,afternoon,valentines,serious,4,light,false,false,easy_connection,16,Watch Together,watch_together,0.12075,0.74
4837,sensual,low,10,afternoon,birthday,long_term,4,high,true,true,sensual_connection,19,Flirty This or That,intimate_activity,0.07898,0.763
4838,affectionate,very_high,5,late_night,celebration,serious,1,moderate,true,false,warm_connection,23,Cozy Conversation,conversation,0.10114,0.677
4839,celebratory,very_low,5,morning,birthday,long_term,5,light,false,false,celebration,17,Couple Challenge,challenge,0.08285,0.705
4840,sensual,very_low,45,late_night,anniversary,new,4,high,true,true,sensual_connection,22,Little Moments,memory,0.09783,0.743
4841,erotic,high,60,afternoon,celebration,serious,5,very_high,true,true,intimate_connection,19,Flirty This or That,intimate_activity,0.11859,0.695
4842,calm,medium,5,late_night,long_distance,just_met,5,light,false,false,calm_connection,12,Deep Questions,conversation,0.10127,0.695
4843,celebratory,low,20,morning,just_because,serious,3,light,false,false,celebration,3,Trivia Battle,competitive_game,0.04998,0.69
4844,erotic,medium,45,morning,normal_day,dating,3,very_high,true,true,intimate_connection,18,Truth or Dare,romantic_activity,0.0974,0.696
4845,affectionate,medium,20,late_night,late_night,dating,3,moderate,true,false,warm_connection,19,Flirty This or That,intimate_activity,0.05413,0.756
4846,erotic,low,45,afternoon,weekend,serious,5,very_high,true,true,intimate_connection,24,Date Night Roulette,date_activity,0.08887,0.675
4847,sensual,medium,10,morning,celebration,dating,4,high,true,true,sensual_connection,25,Playful Teasing Cards,intimate_activity,0.07985,0.788
4848,playful,very_high,10,late_night,weekend,dating,4,light,false,false,playful_social,17,Couple Challenge,challenge,0.08047,0.823
4849,celebratory,very_high,60,afternoon,reunion,dating,2,light,false,false,celebration,16,Watch Together,watch_together,0.09032,0.585
4850,calm,very_low,30,late_night,weekend,dating,5,light,false,false,calm_connection,14,Date Planner,date_activity,0.08131,0.73
4851,happy,high,10,evening,normal_day,new,2,light,false,false,positive_social,8,Two Truths and a Lie,question_game,0.06241,0.715
4852,celebratory,very_high,60,late_night,birthday,serious,5,light,false,false,celebration,24,Date Night Roulette,date_activity,0.13122,0.73
4853,romantic,medium,10,evening,special_memory,new,3,moderate,true,false,romantic_connection,13,Future Plans,conversation,0.06795,0.836
4854,relaxed,very_high,15,afternoon,first_date,new,1,light,false,false,easy_connection,16,Watch Together,watch_together,0.07903,0.665
4855,relaxed,very_low,60,afternoon,weekend,serious,1,light,false,false,easy_connection,16,Watch Together,watch_together,0.26415,0.715
4856,nostalgic,very_low,10,evening,holiday,dating,4,moderate,true,false,memory_connection,14,Date Planner,date_activity,0.0591,0.718
4857,relaxed,high,5,evening,late_night,just_met,2,light,false,false,easy_connection,1,Rapid Fire,question_game,0.10453,0.66
4858,deep,high,15,late_night,long_distance,long_term,1,light,false,false,deep_connection,9,How Well Do You Know Me,question_game,0.06501,0.787
4859,playful,high,5,afternoon,date_night,just_met,3,light,false,false,playful_social,1,Rapid Fire,question_game,0.17182,0.74
4860,erotic,low,45,late_night,rough_day,dating,3,very_high,true,true,intimate_connection,19,Flirty This or That,intimate_activity,0.08391,0.671
4861,relaxed,very_high,45,morning,celebration,long_term,1,light,false,false,easy_connection,16,Watch Together,watch_together,0.20532,0.665
4862,deep,very_low,15,afternoon,anniversary,new,3,light,false,false,deep_connection,10,Memory Lane,memory,0.08706,0.811
4863,nostalgic,high,45,late_night,normal_day,just_met,2,moderate,true,false,memory_connection,3,Trivia Battle,competitive_game,0.11009,0.58
4864,calm,very_low,60,morning,date_night,long_term,3,light,false,false,calm_connection,14,Date Planner,date_activity,0.06774,0.626
4865,energetic,low,60,morning,first_date,just_met,1,light,false,false,high_energy_fun,16,Watch Together,watch_together,0.16129,0.66
4866,deep,medium,60,late_night,first_date,long_term,1,light,false,false,deep_connection,9,How Well Do You Know Me,question_game,0.10135,0.732
4867,nostalgic,very_low,20,morning,late_night,dating,5,moderate,true,false,memory_connection,11,Relationship Timeline,memory,0.07096,0.775
4868,celebratory,very_low,10,late_night,celebration,dating,1,light,false,false,celebration,18,Truth or Dare,romantic_activity,0.07207,0.762
4869,calm,very_low,30,morning,celebration,long_term,2,light,false,false,calm_connection,3,Trivia Battle,competitive_game,0.07008,0.645
4870,celebratory,high,30,late_night,first_date,long_term,4,light,false,false,celebration,12,Deep Questions,conversation,0.08049,0.67
4871,energetic,very_low,20,morning,weekend,just_met,3,light,false,false,high_energy_fun,7,Find the Spy,social_game,0.12829,0.725
4872,romantic,very_high,60,afternoon,rough_day,new,5,moderate,true,false,romantic_connection,15,Music Mood,watch_together,0.0625,0.565
4873,erotic,medium,5,late_night,just_because,just_met,5,very_high,true,true,intimate_connection,2,This or That,question_game,0.15936,0.72
4874,romantic,very_high,10,afternoon,holiday,new,1,moderate,true,false,romantic_connection,6,Scribble,creative_game,0.06693,0.695
4875,deep,very_high,15,afternoon,date_night,just_met,5,light,false,false,deep_connection,3,Trivia Battle,competitive_game,0.05516,0.635
4876,erotic,medium,5,morning,holiday,new,4,very_high,true,true,intimate_connection,20,Romantic Q&A,intimate_activity,0.07527,0.683
4877,playful,high,20,evening,weekend,long_term,3,light,false,false,playful_social,17,Couple Challenge,challenge,0.07962,0.836
4878,sensual,high,15,morning,long_distance,serious,1,high,true,true,sensual_connection,20,Romantic Q&A,intimate_activity,0.0944,0.762
4879,romantic,high,60,afternoon,rough_day,just_met,2,moderate,true,false,romantic_connection,1,Rapid Fire,question_game,0.04202,0.58
4880,relaxed,very_high,60,evening,first_date,serious,3,light,false,false,easy_connection,2,This or That,question_game,0.20513,0.67
4881,playful,low,5,morning,weekend,serious,1,light,false,false,playful_social,3,Trivia Battle,competitive_game,0.07807,0.67
4882,playful,very_high,5,morning,celebration,new,2,light,false,false,playful_social,3,Trivia Battle,competitive_game,0.08287,0.695
4883,celebratory,very_high,10,afternoon,normal_day,new,3,light,false,false,celebration,1,Rapid Fire,question_game,0.06532,0.715
4884,sensual,very_high,60,late_night,late_night,new,1,high,true,true,sensual_connection,25,Playful Teasing Cards,intimate_activity,0.20755,0.682
4885,romantic,low,5,evening,holiday,dating,5,moderate,true,false,romantic_connection,23,Cozy Conversation,conversation,0.08189,0.8
4886,low_energy,very_high,45,morning,holiday,just_met,5,light,false,false,gentle_connection,6,Scribble,creative_game,0.1721,0.615
4887,low_energy,very_low,30,late_night,holiday,long_term,1,light,false,false,gentle_connection,14,Date Planner,date_activity,0.08131,0.682
4888,calm,very_low,15,afternoon,first_date,just_met,2,light,false,false,calm_connection,2,This or That,question_game,0.10196,0.67
4889,affectionate,high,5,morning,long_distance,dating,1,moderate,true,false,warm_connection,2,This or That,question_game,0.06853,0.635
4890,nostalgic,very_low,15,evening,rough_day,serious,1,moderate,true,false,memory_connection,16,Watch Together,watch_together,0.06994,0.695
4891,sensual,very_low,45,late_night,just_because,just_met,3,high,true,true,sensual_connection,16,Watch Together,watch_together,0.2022,0.635
4892,erotic,very_high,60,afternoon,birthday,serious,5,very_high,true,true,intimate_connection,25,Playful Teasing Cards,intimate_activity,0.12977,0.67
4893,deep,very_high,15,morning,holiday,serious,1,light,false,false,deep_connection,12,Deep Questions,conversation,0.06529,0.665
4894,erotic,medium,60,morning,long_distance,new,4,very_high,true,true,intimate_connection,20,Romantic Q&A,intimate_activity,0.13299,0.743
4895,relaxed,high,30,afternoon,celebration,long_term,5,light,false,false,easy_connection,16,Watch Together,watch_together,0.07128,0.69
4896,calm,very_high,45,morning,reunion,dating,2,light,false,false,calm_connection,22,Little Moments,memory,0.12017,0.669
4897,deep,very_low,15,afternoon,celebration,long_term,1,light,false,false,deep_connection,10,Memory Lane,memory,0.05719,0.727
4898,calm,high,60,late_night,just_because,serious,2,light,false,false,calm_connection,16,Watch Together,watch_together,0.16738,0.69
4899,affectionate,very_high,15,late_night,long_distance,serious,5,moderate,true,false,warm_connection,22,Little Moments,memory,0.07129,0.785
4900,celebratory,medium,10,morning,first_date,serious,3,light,false,false,celebration,1,Rapid Fire,question_game,0.06074,0.715
4901,nostalgic,high,5,late_night,birthday,serious,5,moderate,true,false,memory_connection,1,Rapid Fire,question_game,0.09434,0.72
4902,happy,low,60,late_night,date_night,long_term,4,light,false,false,positive_social,20,Romantic Q&A,intimate_activity,0.06993,0.688
4903,playful,very_low,60,late_night,long_distance,new,5,light,false,false,playful_social,12,Deep Questions,conversation,0.07708,0.615
4904,happy,low,15,afternoon,birthday,serious,5,light,false,false,positive_social,6,Scribble,creative_game,0.06016,0.75
4905,low_energy,high,20,morning,first_date,serious,3,light,false,false,gentle_connection,16,Watch Together,watch_together,0.0699,0.69
4906,energetic,high,60,evening,normal_day,new,1,light,false,false,high_energy_fun,16,Watch Together,watch_together,0.14159,0.61
4907,energetic,low,10,morning,rough_day,new,3,light,false,false,high_energy_fun,23,Cozy Conversation,conversation,0.06381,0.756
4908,romantic,low,15,afternoon,valentines,serious,1,moderate,true,false,romantic_connection,20,Romantic Q&A,intimate_activity,0.07435,0.812
4909,calm,very_high,60,evening,late_night,serious,1,light,false,false,calm_connection,15,Music Mood,watch_together,0.14583,0.645
4910,playful,medium,60,morning,valentines,new,1,light,false,false,playful_social,2,This or That,question_game,0.09311,0.66
4911,sensual,low,15,afternoon,special_memory,just_met,2,high,true,true,sensual_connection,12,Deep Questions,conversation,0.08386,0.66
4912,nostalgic,medium,15,late_night,normal_day,dating,5,moderate,true,false,memory_connection,20,Romantic Q&A,intimate_activity,0.04023,0.775
4913,celebratory,low,15,afternoon,anniversary,new,2,light,false,false,celebration,13,Future Plans,conversation,0.05211,0.719
4914,sensual,very_low,5,morning,just_because,new,5,high,true,true,sensual_connection,25,Playful Teasing Cards,intimate_activity,0.11479,0.75
4915,deep,low,45,morning,special_memory,dating,1,light,false,false,deep_connection,10,Memory Lane,memory,0.16656,0.732
4916,happy,very_high,60,late_night,weekend,new,3,light,false,false,positive_social,16,Watch Together,watch_together,0.10269,0.585
4917,erotic,low,45,late_night,just_because,serious,5,very_high,true,true,intimate_connection,25,Playful Teasing Cards,intimate_activity,0.09635,0.695
4918,romantic,medium,5,afternoon,first_date,just_met,4,moderate,true,false,romantic_connection,12,Deep Questions,conversation,0.09242,0.615
4919,romantic,low,5,afternoon,reunion,long_term,5,moderate,true,false,romantic_connection,18,Truth or Dare,romantic_activity,0.06554,0.755
4920,sensual,very_high,5,morning,celebration,just_met,1,high,true,true,sensual_connection,1,Rapid Fire,question_game,0.08594,0.695
4921,celebratory,high,10,evening,date_night,serious,3,light,false,false,celebration,1,Rapid Fire,question_game,0.05214,0.74
4922,nostalgic,very_high,60,late_night,special_memory,new,3,moderate,true,false,memory_connection,11,Relationship Timeline,memory,0.22829,0.681
4923,energetic,high,15,evening,holiday,new,4,light,false,false,high_energy_fun,3,Trivia Battle,competitive_game,0.07643,0.8
4924,sensual,medium,30,afternoon,anniversary,serious,2,high,true,true,sensual_connection,20,Romantic Q&A,intimate_activity,0.09144,0.719
4925,deep,low,10,evening,anniversary,dating,1,light,false,false,deep_connection,10,Memory Lane,memory,0.09003,0.812
4926,energetic,very_high,45,afternoon,weekend,just_met,3,light,false,false,high_energy_fun,3,Trivia Battle,competitive_game,0.19657,0.695
4927,affectionate,medium,15,evening,anniversary,long_term,5,moderate,true,false,warm_connection,10,Memory Lane,memory,0.07279,0.835
4928,energetic,low,5,evening,reunion,serious,4,light,false,false,high_energy_fun,1,Rapid Fire,question_game,0.08156,0.69
4929,relaxed,very_low,30,afternoon,weekend,long_term,4,light,false,false,easy_connection,24,Date Night Roulette,date_activity,0.08443,0.718
4930,sensual,very_high,20,morning,rough_day,new,1,high,true,true,sensual_connection,22,Little Moments,memory,0.0875,0.737
4931,calm,low,5,afternoon,rough_day,serious,5,light,false,false,calm_connection,22,Little Moments,memory,0.11829,0.86
4932,affectionate,very_low,15,afternoon,long_distance,new,1,moderate,true,false,warm_connection,12,Deep Questions,conversation,0.06297,0.695
4933,happy,high,60,evening,rough_day,just_met,3,light,false,false,positive_social,1,Rapid Fire,question_game,0.09772,0.66
4934,deep,low,5,morning,normal_day,serious,1,light,false,false,deep_connection,12,Deep Questions,conversation,0.09539,0.66
4935,deep,medium,10,late_night,just_because,dating,3,light,false,false,deep_connection,12,Deep Questions,conversation,0.05676,0.715
4936,deep,medium,10,afternoon,first_date,long_term,5,light,false,false,deep_connection,13,Future Plans,conversation,0.05793,0.8
4937,playful,very_low,45,evening,anniversary,new,2,light,false,false,playful_social,13,Future Plans,conversation,0.06812,0.614
4938,erotic,very_high,20,afternoon,late_night,serious,5,very_high,true,true,intimate_connection,20,Romantic Q&A,intimate_activity,0.1093,0.785
4939,playful,very_low,60,morning,rough_day,new,3,light,false,false,playful_social,16,Watch Together,watch_together,0.17939,0.695
4940,deep,very_high,30,late_night,valentines,long_term,3,light,false,false,deep_connection,12,Deep Questions,conversation,0.07528,0.665
4941,sensual,high,45,morning,rough_day,long_term,5,high,true,true,sensual_connection,22,Little Moments,memory,0.09374,0.73
4942,energetic,very_high,20,morning,rough_day,new,1,light,false,false,high_energy_fun,6,Scribble,creative_game,0.07801,0.715
4943,celebratory,low,20,evening,anniversary,serious,4,light,false,false,celebration,17,Couple Challenge,challenge,0.05252,0.738
4944,affectionate,very_high,10,late_night,just_because,dating,5,moderate,true,false,warm_connection,24,Date Night Roulette,date_activity,0.05528,0.73
4945,affectionate,low,5,afternoon,date_night,new,2,moderate,true,false,warm_connection,20,Romantic Q&A,intimate_activity,0.06993,0.744
4946,calm,medium,30,morning,just_because,serious,1,light,false,false,calm_connection,15,Music Mood,watch_together,0.09013,0.715
4947,affectionate,very_low,15,afternoon,special_memory,serious,5,moderate,true,false,warm_connection,10,Memory Lane,memory,0.08433,0.835
4948,energetic,high,45,late_night,birthday,just_met,4,light,false,false,high_energy_fun,3,Trivia Battle,competitive_game,0.18318,0.72
4949,relaxed,high,20,evening,long_distance,just_met,1,light,false,false,easy_connection,12,Deep Questions,conversation,0.09898,0.67
4950,energetic,high,45,afternoon,date_night,long_term,2,light,false,false,high_energy_fun,3,Trivia Battle,competitive_game,0.07871,0.66
4951,romantic,very_high,10,morning,late_night,new,5,moderate,true,false,romantic_connection,23,Cozy Conversation,conversation,0.06576,0.785
4952,nostalgic,low,20,evening,special_memory,serious,2,moderate,true,false,memory_connection,11,Relationship Timeline,memory,0.10059,0.824
4953,sensual,low,30,afternoon,anniversary,just_met,3,high,true,true,sensual_connection,12,Deep Questions,conversation,0.08408,0.66
4954,calm,very_high,60,late_night,late_night,new,1,light,false,false,calm_connection,20,Romantic Q&A,intimate_activity,0.11111,0.657
4955,relaxed,high,5,evening,weekend,dating,2,light,false,false,easy_connection,23,Cozy Conversation,conversation,0.08871,0.714
4956,affectionate,medium,45,evening,anniversary,dating,5,moderate,true,false,warm_connection,11,Relationship Timeline,memory,0.0816,0.675
4957,deep,very_high,30,morning,first_date,long_term,3,light,false,false,deep_connection,6,Scribble,creative_game,0.0705,0.635
4958,erotic,high,15,morning,date_night,dating,2,very_high,true,true,intimate_connection,19,Flirty This or That,intimate_activity,0.09727,0.799
4959,relaxed,low,20,morning,reunion,just_met,3,light,false,false,easy_connection,15,Music Mood,watch_together,0.08602,0.74
4960,sensual,low,60,late_night,birthday,long_term,1,high,true,true,sensual_connection,20,Romantic Q&A,intimate_activity,0.13761,0.672
4961,relaxed,medium,30,evening,just_because,dating,5,light,false,false,easy_connection,14,Date Planner,date_activity,0.0693,0.78
4962,sensual,medium,30,evening,date_night,just_met,5,high,true,true,sensual_connection,5,Connect Four,competitive_game,0.11985,0.66
4963,celebratory,low,5,afternoon,special_memory,serious,2,light,false,false,celebration,21,Compliment Challenge,romantic_activity,0.05747,0.684
4964,relaxed,medium,30,late_night,date_night,serious,4,light,false,false,easy_connection,24,Date Night Roulette,date_activity,0.07608,0.768
4965,nostalgic,high,20,late_night,valentines,long_term,2,moderate,true,false,memory_connection,18,Truth or Dare,romantic_activity,0.0637,0.719
4966,nostalgic,high,5,afternoon,holiday,dating,1,moderate,true,false,memory_connection,23,Cozy Conversation,conversation,0.08135,0.702
4967,celebratory,very_low,30,evening,anniversary,long_term,1,light,false,false,celebration,24,Date Night Roulette,date_activity,0.06616,0.702
4968,low_energy,very_high,60,evening,date_night,serious,4,light,false,false,gentle_connection,18,Truth or Dare,romantic_activity,0.07379,0.638
4969,affectionate,low,30,morning,celebration,serious,4,moderate,true,false,warm_connection,18,Truth or Dare,romantic_activity,0.07165,0.743
4970,happy,very_low,5,morning,first_date,new,5,light,false,false,positive_social,2,This or That,question_game,0.17531,0.75
4971,deep,very_high,5,evening,birthday,new,2,light,false,false,deep_connection,23,Cozy Conversation,conversation,0.08633,0.689
4972,deep,high,30,afternoon,special_memory,just_met,3,light,false,false,deep_connection,12,Deep Questions,conversation,0.08279,0.69
4973,celebratory,very_low,5,morning,holiday,long_term,4,light,false,false,celebration,24,Date Night Roulette,date_activity,0.08774,0.718
4974,relaxed,medium,60,late_night,rough_day,long_term,1,light,false,false,easy_connection,16,Watch Together,watch_together,0.26724,0.775
4975,low_energy,very_high,30,morning,valentines,serious,2,light,false,false,gentle_connection,15,Music Mood,watch_together,0.07392,0.665
4976,happy,high,20,late_night,reunion,new,4,light,false,false,positive_social,22,Little Moments,memory,0.05876,0.718
4977,happy,very_high,45,late_night,first_date,just_met,2,light,false,false,positive_social,3,Trivia Battle,competitive_game,0.11422,0.635
4978,energetic,low,20,evening,anniversary,new,1,light,false,false,high_energy_fun,11,Relationship Timeline,memory,0.06426,0.732
4979,erotic,high,30,late_night,date_night,dating,3,very_high,true,true,intimate_connection,20,Romantic Q&A,intimate_activity,0.09928,0.706
4980,energetic,very_low,45,evening,valentines,serious,5,light,false,false,high_energy_fun,18,Truth or Dare,romantic_activity,0.08988,0.65
4981,erotic,high,20,morning,first_date,just_met,3,very_high,true,true,intimate_connection,8,Two Truths and a Lie,question_game,0.11425,0.695
4982,celebratory,very_low,60,late_night,celebration,serious,2,light,false,false,celebration,16,Watch Together,watch_together,0.12442,0.635
4983,romantic,high,5,late_night,weekend,dating,4,moderate,true,false,romantic_connection,21,Compliment Challenge,romantic_activity,0.0711,0.738
4984,sensual,very_high,60,late_night,special_memory,just_met,1,high,true,true,sensual_connection,2,This or That,question_game,0.01351,0.53
4985,nostalgic,medium,45,late_night,anniversary,dating,5,moderate,true,false,memory_connection,10,Memory Lane,memory,0.14292,0.755
4986,energetic,very_high,15,afternoon,rough_day,new,4,light,false,false,high_energy_fun,3,Trivia Battle,competitive_game,0.05835,0.715
4987,energetic,very_low,10,late_night,anniversary,new,4,light,false,false,high_energy_fun,22,Little Moments,memory,0.05916,0.743
4988,energetic,high,60,evening,late_night,serious,3,light,false,false,high_energy_fun,6,Scribble,creative_game,0.09242,0.66
4989,nostalgic,high,45,late_night,long_distance,long_term,3,moderate,true,false,memory_connection,11,Relationship Timeline,memory,0.08792,0.646
4990,low_energy,medium,20,morning,valentines,dating,2,light,false,false,gentle_connection,18,Truth or Dare,romantic_activity,0.06241,0.744
4991,energetic,medium,60,evening,celebration,just_met,2,light,false,false,high_energy_fun,3,Trivia Battle,competitive_game,0.16629,0.695
4992,erotic,medium,10,late_night,reunion,new,5,very_high,true,true,intimate_connection,20,Romantic Q&A,intimate_activity,0.0757,0.775
4993,nostalgic,medium,45,late_night,valentines,new,5,moderate,true,false,memory_connection,18,Truth or Dare,romantic_activity,0.08703,0.7
4994,happy,low,20,evening,birthday,long_term,1,light,false,false,positive_social,17,Couple Challenge,challenge,0.06443,0.762
4995,energetic,very_high,5,evening,anniversary,long_term,2,light,false,false,high_energy_fun,1,Rapid Fire,question_game,0.10162,0.715
4996,nostalgic,medium,20,afternoon,date_night,long_term,1,moderate,true,false,memory_connection,11,Relationship Timeline,memory,0.05742,0.727
4997,celebratory,high,15,morning,rough_day,dating,1,light,false,false,celebration,6,Scribble,creative_game,0.06139,0.74
4998,energetic,low,5,evening,first_date,dating,1,light,false,false,high_energy_fun,4,Tic Tac Toe,competitive_game,0.13659,0.715
4999,relaxed,low,10,evening,holiday,just_met,3,light,false,false,easy_connection,15,Music Mood,watch_together,0.09375,0.74
5000,erotic,low,20,evening,weekend,new,5,very_high,true,true,intimate_connection,25,Playful Teasing Cards,intimate_activity,0.07786,0.775
